s,kW,kW,kW,kW,kW,kW,kW,kW,kW,kW,kg/s,kg/s,kg/s,kg/s
Time,HRR,HRR_OX,Q_RADI,Q_CONV,Q_COND,Q_DIFF,Q_PRES,Q_PART,Q_ENTH,Q_TOTAL,MLR_AIR,MLR_CABLE_FUEL,MLR_PRODUCTS,MLR_HYDROGEN CYANIDE
 0.0000000E+000, 0.0000000E+000, 0.0000000E+000,-1.5934563E-003, 1.0268343E-007, 0.0000000E+000, 0.0000000E+000, 0.0000000E+000, 0.0000000E+000, 0.0000000E+000,-1.5933536E-003, 0.0000000E+000, 0.0000000E+000, 0.0000000E+000, 0.0000000E+000
 4.6091309E-001, 0.0000000E+000, 0.0000000E+000,-3.0275811E-005,-6.6484753E-007,-3.6998590E-009, 0.0000000E+000, 0.0000000E+000, 0.0000000E+000,-2.2125765E-005,-3.0944359E-005, 0.0000000E+000, 0.0000000E+000, 0.0000000E+000, 0.0000000E+000
 6.9136965E-001, 0.0000000E+000, 0.0000000E+000,-1.3464199E-005,-3.7753644E-007,-1.1373517E-008,-1.0095559E-019, 0.0000000E+000, 0.0000000E+000,-4.1471811E-005,-1.3853109E-005, 0.0000000E+000, 0.0000000E+000, 0.0000000E+000, 0.0000000E+000
 9.2182618E-001, 0.0000000E+000, 0.0000000E+000,-1.3456392E-005,-3.7093951E-007,-1.7624253E-008,-5.0113261E-020, 0.0000000E+000, 0.0000000E+000,-2.1471532E-005,-1.3844956E-005, 0.0000000E+000, 0.0000000E+000, 0.0000000E+000, 0.0000000E+000
 1.3827393E+000, 0.0000000E+000, 0.0000000E+000,-9.6421382E-006,-3.2345014E-007,-2.6881554E-008,-1.1253366E-019, 0.0000000E+000, 0.0000000E+000,-2.0922955E-005,-9.9924699E-006, 0.0000000E+000, 0.0000000E+000, 0.0000000E+000, 0.0000000E+000
 1.6131958E+000, 0.0000000E+000, 0.0000000E+000,-5.8303434E-006,-2.8050020E-007,-2.8843884E-008,-1.0517905E-019, 0.0000000E+000, 0.0000000E+000,-1.3942285E-005,-6.1396875E-006, 0.0000000E+000, 0.0000000E+000, 0.0000000E+000, 0.0000000E+000
 1.8436524E+000, 0.0000000E+000, 0.0000000E+000,-5.8251879E-006,-2.9119594E-007,-1.1075585E-008,-2.7363392E-019, 0.0000000E+000, 0.0000000E+000,-1.4180209E-005,-6.1274594E-006, 0.0000000E+000, 0.0000000E+000, 0.0000000E+000, 0.0000000E+000
 2.3045654E+000, 0.0000000E+000, 0.0000000E+000,-2.5384001E-006,-2.5037828E-007, 6.0897925E-009,-1.3768621E-019, 0.0000000E+000, 0.0000000E+000,-1.2495892E-005,-2.7826886E-006, 0.0000000E+000, 0.0000000E+000, 0.0000000E+000, 0.0000000E+000
 2.5350220E+000, 0.0000000E+000, 0.0000000E+000,-2.5325114E-006,-2.6641393E-007, 1.2868503E-008,-1.8877200E-019, 0.0000000E+000, 0.0000000E+000,-1.0794775E-005,-2.7860568E-006, 0.0000000E+000, 0.0000000E+000, 0.0000000E+000, 0.0000000E+000
 2.7654786E+000, 0.0000000E+000, 0.0000000E+000,-1.1128586E-006,-2.5441592E-007, 1.8718142E-008,-1.6069104E-019, 0.0000000E+000, 0.0000000E+000,-1.0820485E-005,-1.3485563E-006, 0.0000000E+000, 0.0000000E+000, 0.0000000E+000, 0.0000000E+000
 3.2263916E+000, 0.0000000E+000, 0.0000000E+000,-1.1076986E-006,-2.7233229E-007, 3.1863409E-008,-6.9732344E-020, 0.0000000E+000, 0.0000000E+000,-9.4638639E-006,-1.3481674E-006, 0.0000000E+000, 0.0000000E+000, 0.0000000E+000, 0.0000000E+000
 3.4568481E+000, 0.0000000E+000, 0.0000000E+000,-4.6953070E-007,-2.8082497E-007, 1.9156554E-008,-1.1981364E-019, 0.0000000E+000, 0.0000000E+000,-9.5458317E-006,-7.3119912E-007, 0.0000000E+000, 0.0000000E+000, 0.0000000E+000, 0.0000000E+000
 3.6873047E+000, 0.0000000E+000, 0.0000000E+000,-4.6627914E-007,-2.9326149E-007, 3.3689266E-008, 0.0000000E+000, 0.0000000E+000, 0.0000000E+000,-8.9379898E-006,-7.2585136E-007, 0.0000000E+000, 0.0000000E+000, 0.0000000E+000, 0.0000000E+000
 3.9177613E+000, 0.0000000E+000, 0.0000000E+000,-4.6301320E-007,-3.0673285E-007, 3.6772761E-008,-1.0211193E-019, 0.0000000E+000, 0.0000000E+000,-8.9769652E-006,-7.3297328E-007, 0.0000000E+000, 0.0000000E+000, 0.0000000E+000, 0.0000000E+000
 4.3786745E+000, 0.0000000E+000, 0.0000000E+000,-1.5023758E-007,-3.1991093E-007, 5.2994727E-008,-8.4868520E-020, 0.0000000E+000, 0.0000000E+000,-8.8981273E-006,-4.1715378E-007, 0.0000000E+000, 0.0000000E+000, 0.0000000E+000, 0.0000000E+000
 4.6091309E+000, 0.0000000E+000, 0.0000000E+000,-1.4544345E-007,-3.3935397E-007, 5.5027746E-008,-1.2065976E-019, 0.0000000E+000, 0.0000000E+000,-8.7952281E-006,-4.2976967E-007, 0.0000000E+000, 0.0000000E+000, 0.0000000E+000, 0.0000000E+000
 4.8395877E+000, 0.0000000E+000, 0.0000000E+000,-1.1511107E-008,-3.5072391E-007, 3.3963759E-008,-3.3624712E-019, 0.0000000E+000, 0.0000000E+000,-8.8486286E-006,-3.2827126E-007, 0.0000000E+000, 0.0000000E+000, 0.0000000E+000, 0.0000000E+000
 5.3005004E+000, 0.0000000E+000, 0.0000000E+000,-6.7167287E-009,-3.7092042E-007, 7.7667828E-008,-1.3979014E-019, 0.0000000E+000, 0.0000000E+000,-8.7852534E-006,-2.9996932E-007, 0.0000000E+000, 0.0000000E+000, 0.0000000E+000, 0.0000000E+000
 5.5309572E+000, 0.0000000E+000, 0.0000000E+000, 5.6652884E-008,-3.9093567E-007, 8.4292403E-008,-1.1211313E-019, 0.0000000E+000, 0.0000000E+000,-8.8537609E-006,-2.4999038E-007, 0.0000000E+000, 0.0000000E+000, 0.0000000E+000, 0.0000000E+000
 5.7614136E+000, 0.0000000E+000, 0.0000000E+000, 5.9874574E-008,-4.0474470E-007, 1.0541308E-007,-9.9747563E-020, 0.0000000E+000, 0.0000000E+000,-8.8505077E-006,-2.3945704E-007, 0.0000000E+000, 0.0000000E+000, 0.0000000E+000, 0.0000000E+000
 6.2223268E+000, 0.0000000E+000, 0.0000000E+000, 7.8090287E-008,-4.2601889E-007, 1.0186749E-007,-8.7374634E-020, 0.0000000E+000, 0.0000000E+000,-8.9303054E-006,-2.4606111E-007, 0.0000000E+000, 0.0000000E+000, 0.0000000E+000, 0.0000000E+000
 6.4527831E+000, 0.0000000E+000, 0.0000000E+000, 9.6326274E-008,-4.4699049E-007, 5.7766147E-008,-9.6659014E-020, 0.0000000E+000, 0.0000000E+000,-8.9537545E-006,-2.9289807E-007, 0.0000000E+000, 0.0000000E+000, 0.0000000E+000, 0.0000000E+000
 6.6832399E+000, 0.0000000E+000, 0.0000000E+000, 9.9603950E-008,-4.6138018E-007, 6.0293754E-008,-5.6260880E-020, 0.0000000E+000, 0.0000000E+000,-9.0018853E-006,-3.0148247E-007, 0.0000000E+000, 0.0000000E+000, 0.0000000E+000, 0.0000000E+000
 6.9136963E+000, 0.0000000E+000, 0.0000000E+000, 1.1362645E-007,-4.7643056E-007, 6.2981563E-008,-5.6264852E-020, 0.0000000E+000, 0.0000000E+000,-9.0719234E-006,-2.9982254E-007, 0.0000000E+000, 0.0000000E+000, 0.0000000E+000, 0.0000000E+000
 7.3746095E+000, 0.0000000E+000, 0.0000000E+000, 1.1860269E-007,-4.9746964E-007, 9.8609544E-008,-1.2581702E-019, 0.0000000E+000, 0.0000000E+000,-9.1082327E-006,-2.8025740E-007, 0.0000000E+000, 0.0000000E+000, 0.0000000E+000, 0.0000000E+000
 7.6050658E+000, 0.0000000E+000, 0.0000000E+000, 1.2643114E-007,-5.1938652E-007, 1.0890016E-007,-8.7984734E-020, 0.0000000E+000, 0.0000000E+000,-9.2225594E-006,-2.8405522E-007, 0.0000000E+000, 0.0000000E+000, 0.0000000E+000, 0.0000000E+000
 7.8355227E+000, 0.0000000E+000, 0.0000000E+000, 1.2978914E-007,-5.3366705E-007, 1.1305374E-007,-1.6721131E-019, 0.0000000E+000, 0.0000000E+000,-9.2195144E-006,-2.9082417E-007, 0.0000000E+000, 0.0000000E+000, 0.0000000E+000, 0.0000000E+000
 8.2964354E+000, 0.0000000E+000, 0.0000000E+000, 1.3441392E-007,-5.5590715E-007, 1.2049936E-007,-1.6931421E-019, 0.0000000E+000, 0.0000000E+000,-9.3209911E-006,-3.0099387E-007, 0.0000000E+000, 0.0000000E+000, 0.0000000E+000, 0.0000000E+000
 8.5268927E+000, 0.0000000E+000, 0.0000000E+000, 1.3905533E-007,-5.7805839E-007, 1.2524835E-007,-1.7126799E-019, 0.0000000E+000, 0.0000000E+000,-9.3326358E-006,-3.1375471E-007, 0.0000000E+000, 0.0000000E+000, 0.0000000E+000, 0.0000000E+000
 8.7573490E+000, 0.0000000E+000, 0.0000000E+000, 1.4249012E-007,-5.9353626E-007, 1.6160318E-007,-4.0361313E-020, 0.0000000E+000, 0.0000000E+000,-9.4281174E-006,-2.8944297E-007, 0.0000000E+000, 0.0000000E+000, 0.0000000E+000, 0.0000000E+000
 9.2182617E+000, 0.0000000E+000, 0.0000000E+000, 1.5020295E-007,-6.1606940E-007, 1.6618780E-007,-1.6003802E-019, 0.0000000E+000, 0.0000000E+000,-9.4521566E-006,-2.9967866E-007, 0.0000000E+000, 0.0000000E+000, 0.0000000E+000, 0.0000000E+000
 9.4487181E+000, 0.0000000E+000, 0.0000000E+000, 1.5539726E-007,-6.3846468E-007, 1.6322672E-007,-1.7518658E-019, 0.0000000E+000, 0.0000000E+000,-9.5247791E-006,-3.1984070E-007, 0.0000000E+000, 0.0000000E+000, 0.0000000E+000, 0.0000000E+000
 9.6791754E+000, 0.0000000E+000, 0.0000000E+000, 1.6002063E-007,-6.5531602E-007, 1.6999139E-007,-3.1589181E-020, 0.0000000E+000, 0.0000000E+000,-9.5287051E-006,-3.2530399E-007, 0.0000000E+000, 0.0000000E+000, 0.0000000E+000, 0.0000000E+000
 9.9096317E+000, 0.0000000E+000, 0.0000000E+000, 1.6354893E-007,-6.7078721E-007, 9.5350470E-008,-2.1090547E-019, 0.0000000E+000, 0.0000000E+000,-9.6820345E-006,-4.1188781E-007, 0.0000000E+000, 0.0000000E+000, 0.0000000E+000, 0.0000000E+000
 1.0370544E+001, 0.0000000E+000, 0.0000000E+000, 1.6834799E-007,-6.9319735E-007, 1.1354677E-007,-7.1692402E-020, 0.0000000E+000, 0.0000000E+000,-9.6580439E-006,-4.1130259E-007, 0.0000000E+000, 0.0000000E+000, 0.0000000E+000, 0.0000000E+000
 1.0601001E+001, 0.0000000E+000, 0.0000000E+000, 1.7319940E-007,-7.1540526E-007, 1.9129240E-007, 0.0000000E+000, 0.0000000E+000, 0.0000000E+000,-9.7799166E-006,-3.5091346E-007, 0.0000000E+000, 0.0000000E+000, 0.0000000E+000, 0.0000000E+000
 1.0831458E+001, 0.0000000E+000, 0.0000000E+000, 1.7675949E-007,-7.3151276E-007, 1.9033278E-007,-1.5760826E-019, 0.0000000E+000, 0.0000000E+000,-9.7670211E-006,-3.6442048E-007, 0.0000000E+000, 0.0000000E+000, 0.0000000E+000, 0.0000000E+000
 1.1292371E+001, 0.0000000E+000, 0.0000000E+000, 1.7885538E-007,-7.5330260E-007, 1.6783933E-007,-1.6228411E-019, 0.0000000E+000, 0.0000000E+000,-9.8503841E-006,-4.0660788E-007, 0.0000000E+000, 0.0000000E+000, 0.0000000E+000, 0.0000000E+000
 1.1522827E+001, 0.0000000E+000, 0.0000000E+000, 1.8429581E-007,-7.7619535E-007, 1.5206095E-007,-2.4687429E-020, 0.0000000E+000, 0.0000000E+000,-1.0001860E-005,-4.3983859E-007, 0.0000000E+000, 0.0000000E+000, 0.0000000E+000, 0.0000000E+000
 1.1753284E+001, 0.0000000E+000, 0.0000000E+000, 1.8384774E-007,-7.9143792E-007, 1.7457227E-007, 0.0000000E+000, 0.0000000E+000, 0.0000000E+000,-9.9497261E-006,-4.3301791E-007, 0.0000000E+000, 0.0000000E+000, 0.0000000E+000, 0.0000000E+000
 1.2214197E+001, 0.0000000E+000, 0.0000000E+000, 1.8934018E-007,-8.1344088E-007, 2.1008834E-007,-1.1365179E-019, 0.0000000E+000, 0.0000000E+000,-1.0048835E-005,-4.1401236E-007, 0.0000000E+000, 0.0000000E+000, 0.0000000E+000, 0.0000000E+000
 1.2444654E+001, 0.0000000E+000, 0.0000000E+000, 1.9692989E-007,-8.3523889E-007, 2.0327895E-007,-3.2352018E-019, 0.0000000E+000, 0.0000000E+000,-1.0071629E-005,-4.3503004E-007, 0.0000000E+000, 0.0000000E+000, 0.0000000E+000, 0.0000000E+000
 1.2675110E+001, 0.0000000E+000, 0.0000000E+000, 2.0061828E-007,-8.5154741E-007, 1.5363145E-007,-1.9232942E-019, 0.0000000E+000, 0.0000000E+000,-1.0114989E-005,-4.9729768E-007, 0.0000000E+000, 0.0000000E+000, 0.0000000E+000, 0.0000000E+000
 1.2905566E+001, 0.0000000E+000, 0.0000000E+000, 2.0433949E-007,-8.6561772E-007, 9.8145459E-008,-2.2384363E-019, 0.0000000E+000, 0.0000000E+000,-1.0204922E-005,-5.6313276E-007, 0.0000000E+000, 0.0000000E+000, 0.0000000E+000, 0.0000000E+000
 1.3366480E+001, 0.0000000E+000, 0.0000000E+000, 2.1093313E-007,-8.8895200E-007, 1.6224271E-007,-8.8542662E-020, 0.0000000E+000, 0.0000000E+000,-1.0235419E-005,-5.1577616E-007, 0.0000000E+000, 0.0000000E+000, 0.0000000E+000, 0.0000000E+000
 1.3596936E+001, 0.0000000E+000, 0.0000000E+000, 2.1657175E-007,-9.1243911E-007, 1.0931950E-007,-1.5301962E-019, 0.0000000E+000, 0.0000000E+000,-1.0307248E-005,-5.8654787E-007, 0.0000000E+000, 0.0000000E+000, 0.0000000E+000, 0.0000000E+000
 1.3827393E+001, 0.0000000E+000, 0.0000000E+000, 2.1905810E-007,-9.2766627E-007, 7.7577963E-008,-8.3799858E-020, 0.0000000E+000, 0.0000000E+000,-1.0346166E-005,-6.3103021E-007, 0.0000000E+000, 0.0000000E+000, 0.0000000E+000, 0.0000000E+000
 1.4288306E+001, 0.0000000E+000, 0.0000000E+000, 2.2475577E-007,-9.4961675E-007, 9.1948824E-008,-8.1871019E-020, 0.0000000E+000, 0.0000000E+000,-1.0424254E-005,-6.3291216E-007, 0.0000000E+000, 0.0000000E+000, 0.0000000E+000, 0.0000000E+000
 1.4518763E+001, 0.0000000E+000, 0.0000000E+000, 2.2660218E-007,-9.7202579E-007, 1.0013969E-007,-3.2367419E-019, 0.0000000E+000, 0.0000000E+000,-1.0467083E-005,-6.4528392E-007, 0.0000000E+000, 0.0000000E+000, 0.0000000E+000, 0.0000000E+000
 1.4749219E+001, 0.0000000E+000, 0.0000000E+000, 2.3043410E-007,-9.8704897E-007, 2.9641310E-008,-1.0722676E-019, 0.0000000E+000, 0.0000000E+000,-1.0504824E-005,-7.2697357E-007, 0.0000000E+000, 0.0000000E+000, 0.0000000E+000, 0.0000000E+000
 1.5210132E+001, 0.0000000E+000, 0.0000000E+000, 2.3387167E-007,-1.0087364E-006, 4.3918655E-008,-1.1316184E-019, 0.0000000E+000, 0.0000000E+000,-1.0586824E-005,-7.3094609E-007, 0.0000000E+000, 0.0000000E+000, 0.0000000E+000, 0.0000000E+000
 1.5440589E+001, 0.0000000E+000, 0.0000000E+000, 2.3732026E-007,-1.0309179E-006,-3.6130821E-008,-9.9114155E-020, 0.0000000E+000, 0.0000000E+000,-1.0574883E-005,-8.2972847E-007, 0.0000000E+000, 0.0000000E+000, 0.0000000E+000, 0.0000000E+000
 1.5671045E+001, 0.0000000E+000, 0.0000000E+000, 2.4124411E-007,-1.0446872E-006, 7.9360343E-008,-7.3745738E-020, 0.0000000E+000, 0.0000000E+000,-1.0755704E-005,-7.2408273E-007, 0.0000000E+000, 0.0000000E+000, 0.0000000E+000, 0.0000000E+000
 1.5901502E+001, 0.0000000E+000, 0.0000000E+000, 2.4754073E-007,-1.0570877E-006, 1.0920727E-007,-1.4228113E-019, 0.0000000E+000, 0.0000000E+000,-1.0684325E-005,-7.0033972E-007, 0.0000000E+000, 0.0000000E+000, 0.0000000E+000, 0.0000000E+000
 1.6362415E+001, 0.0000000E+000, 0.0000000E+000, 2.5343118E-007,-1.0771811E-006, 1.4054174E-007,-1.2154166E-019, 0.0000000E+000, 0.0000000E+000,-1.0764644E-005,-6.8320817E-007, 0.0000000E+000, 0.0000000E+000, 0.0000000E+000, 0.0000000E+000
 1.6592871E+001, 0.0000000E+000, 0.0000000E+000, 2.6051083E-007,-1.0994657E-006, 3.3010378E-008,-9.1273601E-020, 0.0000000E+000, 0.0000000E+000,-1.0782275E-005,-8.0594453E-007, 0.0000000E+000, 0.0000000E+000, 0.0000000E+000, 0.0000000E+000
 1.6823328E+001, 0.0000000E+000, 0.0000000E+000, 2.6449156E-007,-1.1105541E-006, 1.4362518E-007,-1.1126933E-019, 0.0000000E+000, 0.0000000E+000,-1.0909834E-005,-7.0243731E-007, 0.0000000E+000, 0.0000000E+000, 0.0000000E+000, 0.0000000E+000
 1.7284241E+001, 0.0000000E+000, 0.0000000E+000, 2.6973346E-007,-1.1304809E-006, 1.2615374E-007,-1.8654964E-019, 0.0000000E+000, 0.0000000E+000,-1.0876458E-005,-7.3459374E-007, 0.0000000E+000, 0.0000000E+000, 0.0000000E+000, 0.0000000E+000
 1.7514698E+001, 0.0000000E+000, 0.0000000E+000, 2.7502677E-007,-1.1498809E-006, 1.3995369E-007,-7.0290588E-020, 0.0000000E+000, 0.0000000E+000,-1.0973093E-005,-7.3490046E-007, 0.0000000E+000, 0.0000000E+000, 0.0000000E+000, 0.0000000E+000
 1.7745153E+001, 0.0000000E+000, 0.0000000E+000, 2.7901719E-007,-1.1615388E-006, 1.2124077E-007,-6.7086389E-020, 0.0000000E+000, 0.0000000E+000,-1.0934639E-005,-7.6128087E-007, 0.0000000E+000, 0.0000000E+000, 0.0000000E+000, 0.0000000E+000
 1.8206068E+001, 0.0000000E+000, 0.0000000E+000, 2.8083114E-007,-1.1808159E-006, 1.1298700E-007,-1.5267236E-019, 0.0000000E+000, 0.0000000E+000,-1.1039554E-005,-7.8699779E-007, 0.0000000E+000, 0.0000000E+000, 0.0000000E+000, 0.0000000E+000
 1.8436523E+001, 0.0000000E+000, 0.0000000E+000, 2.8686716E-007,-1.1985067E-006, 1.1379579E-007,-1.8409691E-019, 0.0000000E+000, 0.0000000E+000,-1.1001499E-005,-7.9784372E-007, 0.0000000E+000, 0.0000000E+000, 0.0000000E+000, 0.0000000E+000
 1.8666981E+001, 0.0000000E+000, 0.0000000E+000, 2.8584185E-007,-1.2114728E-006, 9.2887816E-008,-1.9871149E-019, 0.0000000E+000, 0.0000000E+000,-1.1137097E-005,-8.3274314E-007, 0.0000000E+000, 0.0000000E+000, 0.0000000E+000, 0.0000000E+000
 1.9127893E+001, 0.0000000E+000, 0.0000000E+000, 2.9193520E-007,-1.2281187E-006, 8.2020745E-008,-1.4741282E-019, 0.0000000E+000, 0.0000000E+000,-1.1132538E-005,-8.5416280E-007, 0.0000000E+000, 0.0000000E+000, 0.0000000E+000, 0.0000000E+000
 1.9358351E+001, 0.0000000E+000, 0.0000000E+000, 3.0064623E-007,-1.2458807E-006, 1.3571662E-007,-1.9034984E-020, 0.0000000E+000, 0.0000000E+000,-1.1226681E-005,-8.0951786E-007, 0.0000000E+000, 0.0000000E+000, 0.0000000E+000, 0.0000000E+000
 1.9588806E+001, 0.0000000E+000, 0.0000000E+000, 3.0474146E-007,-1.2565069E-006, 4.9449830E-008,-9.7794576E-020, 0.0000000E+000, 0.0000000E+000,-1.1219873E-005,-9.0231564E-007, 0.0000000E+000, 0.0000000E+000, 0.0000000E+000, 0.0000000E+000
 1.9819263E+001, 0.0000000E+000, 0.0000000E+000, 3.0881781E-007,-1.2666575E-006, 1.1680102E-007,-1.1495131E-019, 0.0000000E+000, 0.0000000E+000,-1.1167344E-005,-8.4103872E-007, 0.0000000E+000, 0.0000000E+000, 0.0000000E+000, 0.0000000E+000
 2.0280176E+001, 0.0000000E+000, 0.0000000E+000, 3.1626890E-007,-1.2825531E-006, 1.3971935E-007,-1.2790216E-019, 0.0000000E+000, 0.0000000E+000,-1.1281246E-005,-8.2656483E-007, 0.0000000E+000, 0.0000000E+000, 0.0000000E+000, 0.0000000E+000
 2.0510633E+001, 0.0000000E+000, 0.0000000E+000, 3.2243919E-007,-1.2976243E-006, 1.2191523E-007,-2.2629496E-019, 0.0000000E+000, 0.0000000E+000,-1.1268131E-005,-8.5326992E-007, 0.0000000E+000, 0.0000000E+000, 0.0000000E+000, 0.0000000E+000
 2.0741089E+001, 0.0000000E+000, 0.0000000E+000, 3.2508769E-007,-1.3060176E-006, 2.9578014E-007,-1.3250018E-019, 0.0000000E+000, 0.0000000E+000,-1.1342492E-005,-6.8514974E-007, 0.0000000E+000, 0.0000000E+000, 0.0000000E+000, 0.0000000E+000
 2.1202002E+001, 0.0000000E+000, 0.0000000E+000, 3.3130034E-007,-1.3222199E-006, 1.5636959E-007,-1.4105128E-019, 0.0000000E+000, 0.0000000E+000,-1.1356063E-005,-8.3454997E-007, 0.0000000E+000, 0.0000000E+000, 0.0000000E+000, 0.0000000E+000
 2.1432459E+001, 0.0000000E+000, 0.0000000E+000, 3.3309097E-007,-1.3369820E-006, 1.3768031E-007,-4.3718395E-020, 0.0000000E+000, 0.0000000E+000,-1.1355343E-005,-8.6621074E-007, 0.0000000E+000, 0.0000000E+000, 0.0000000E+000, 0.0000000E+000
 2.1662916E+001, 0.0000000E+000, 0.0000000E+000, 3.3727064E-007,-1.3455749E-006, 1.4450732E-007,-1.0444489E-019, 0.0000000E+000, 0.0000000E+000,-1.1448695E-005,-8.6379693E-007, 0.0000000E+000, 0.0000000E+000, 0.0000000E+000, 0.0000000E+000
 2.2123829E+001, 0.0000000E+000, 0.0000000E+000, 3.4086933E-007,-1.3597270E-006, 7.4545986E-008,-1.0427093E-019, 0.0000000E+000, 0.0000000E+000,-1.1437617E-005,-9.4431168E-007, 0.0000000E+000, 0.0000000E+000, 0.0000000E+000, 0.0000000E+000
 2.2354284E+001, 0.0000000E+000, 0.0000000E+000, 3.4450082E-007,-1.3733164E-006, 1.0003794E-008,-1.2725092E-019, 0.0000000E+000, 0.0000000E+000,-1.1511032E-005,-1.0188117E-006, 0.0000000E+000, 0.0000000E+000, 0.0000000E+000, 0.0000000E+000
 2.2584742E+001, 0.0000000E+000, 0.0000000E+000, 3.4870127E-007,-1.3800309E-006, 8.8261426E-008,-2.7266711E-019, 0.0000000E+000, 0.0000000E+000,-1.1504807E-005,-9.4306820E-007, 0.0000000E+000, 0.0000000E+000, 0.0000000E+000, 0.0000000E+000
 2.2815199E+001, 0.0000000E+000, 0.0000000E+000, 3.5557064E-007,-1.3890801E-006, 1.1944647E-007,-8.5996710E-020, 0.0000000E+000, 0.0000000E+000,-1.1476603E-005,-9.1406302E-007, 0.0000000E+000, 0.0000000E+000, 0.0000000E+000, 0.0000000E+000
 2.3276112E+001, 0.0000000E+000, 0.0000000E+000, 3.6187692E-007,-1.4003085E-006, 1.4574751E-007,-5.6326611E-020, 0.0000000E+000, 0.0000000E+000,-1.1516818E-005,-8.9268405E-007, 0.0000000E+000, 0.0000000E+000, 0.0000000E+000, 0.0000000E+000
 2.3506567E+001, 0.0000000E+000, 0.0000000E+000, 3.6955010E-007,-1.4128252E-006, 1.2385568E-007,-7.1947433E-020, 0.0000000E+000, 0.0000000E+000,-1.1645855E-005,-9.1941943E-007, 0.0000000E+000, 0.0000000E+000, 0.0000000E+000, 0.0000000E+000
 2.3737024E+001, 0.0000000E+000, 0.0000000E+000, 3.7375531E-007,-1.4205047E-006, 1.1692873E-007,-1.0609313E-019, 0.0000000E+000, 0.0000000E+000,-1.1516419E-005,-9.2982063E-007, 0.0000000E+000, 0.0000000E+000, 0.0000000E+000, 0.0000000E+000
 2.4197937E+001, 0.0000000E+000, 0.0000000E+000, 3.7933551E-007,-1.4300269E-006, 1.3126774E-007,-1.9662689E-019, 0.0000000E+000, 0.0000000E+000,-1.1589801E-005,-9.1942368E-007, 0.0000000E+000, 0.0000000E+000, 0.0000000E+000, 0.0000000E+000
 2.4428394E+001, 0.0000000E+000, 0.0000000E+000, 3.8489872E-007,-1.4385833E-006, 1.8342259E-007,-7.2186219E-020, 0.0000000E+000, 0.0000000E+000,-1.1566251E-005,-8.7026197E-007, 0.0000000E+000, 0.0000000E+000, 0.0000000E+000, 0.0000000E+000
 2.4658850E+001, 0.0000000E+000, 0.0000000E+000, 3.8914762E-007,-1.4425890E-006, 2.7203857E-007,-1.9364692E-019, 0.0000000E+000, 0.0000000E+000,-1.1635516E-005,-7.8140284E-007, 0.0000000E+000, 0.0000000E+000, 0.0000000E+000, 0.0000000E+000
 2.5119764E+001, 0.0000000E+000, 0.0000000E+000, 3.9095050E-007,-1.4521049E-006, 2.5926741E-007,-1.7473501E-019, 0.0000000E+000, 0.0000000E+000,-1.1596563E-005,-8.0188695E-007, 0.0000000E+000, 0.0000000E+000, 0.0000000E+000, 0.0000000E+000
 2.5350220E+001, 0.0000000E+000, 0.0000000E+000, 3.9734490E-007,-1.4621416E-006, 2.2999667E-007,-4.3697717E-020, 0.0000000E+000, 0.0000000E+000,-1.1701929E-005,-8.3480005E-007, 0.0000000E+000, 0.0000000E+000, 0.0000000E+000, 0.0000000E+000
 2.5580677E+001, 0.0000000E+000, 0.0000000E+000, 3.9617835E-007,-1.4677198E-006, 2.5074726E-007,-2.4386121E-019, 0.0000000E+000, 0.0000000E+000,-1.1723513E-005,-8.2079415E-007, 0.0000000E+000, 0.0000000E+000, 0.0000000E+000, 0.0000000E+000
 2.5811132E+001, 0.0000000E+000, 0.0000000E+000, 4.0043677E-007,-1.4724966E-006, 3.1525483E-007,-8.9079162E-020, 0.0000000E+000, 0.0000000E+000,-1.1660448E-005,-7.5680500E-007, 0.0000000E+000, 0.0000000E+000, 0.0000000E+000, 0.0000000E+000
 2.6272047E+001, 0.0000000E+000, 0.0000000E+000, 4.0820802E-007,-1.4797045E-006, 2.7773621E-007,-1.5499113E-019, 0.0000000E+000, 0.0000000E+000,-1.1711012E-005,-7.9376025E-007, 0.0000000E+000, 0.0000000E+000, 0.0000000E+000, 0.0000000E+000
 2.6502502E+001, 0.0000000E+000, 0.0000000E+000, 4.1596124E-007,-1.4856300E-006, 3.2954356E-007,-5.3769296E-020, 0.0000000E+000, 0.0000000E+000,-1.1682381E-005,-7.4012523E-007, 0.0000000E+000, 0.0000000E+000, 0.0000000E+000, 0.0000000E+000
 2.6732960E+001, 0.0000000E+000, 0.0000000E+000, 4.2022969E-007,-1.4890959E-006, 4.4171424E-007,-7.4827762E-020, 0.0000000E+000, 0.0000000E+000,-1.1687118E-005,-6.2715197E-007, 0.0000000E+000, 0.0000000E+000, 0.0000000E+000, 0.0000000E+000
 2.7193872E+001, 0.0000000E+000, 0.0000000E+000, 4.2798635E-007,-1.4955619E-006, 4.1075750E-007,-1.4656765E-019, 0.0000000E+000, 0.0000000E+000,-1.1734772E-005,-6.5681801E-007, 0.0000000E+000, 0.0000000E+000, 0.0000000E+000, 0.0000000E+000
 2.7424330E+001, 0.0000000E+000, 0.0000000E+000, 4.3441152E-007,-1.4994091E-006, 5.6169312E-007,-1.6792661E-019, 0.0000000E+000, 0.0000000E+000,-1.1745794E-005,-5.0330445E-007, 0.0000000E+000, 0.0000000E+000, 0.0000000E+000, 0.0000000E+000
 2.7654785E+001, 0.0000000E+000, 0.0000000E+000, 4.3712013E-007,-1.5045643E-006, 4.4449486E-007,-1.4606515E-019, 0.0000000E+000, 0.0000000E+000,-1.1742070E-005,-6.2294929E-007, 0.0000000E+000, 0.0000000E+000, 0.0000000E+000, 0.0000000E+000
 2.8115698E+001, 0.0000000E+000, 0.0000000E+000, 4.4354843E-007,-1.5108728E-006, 3.8597647E-007,-1.1118721E-019, 0.0000000E+000, 0.0000000E+000,-1.1746871E-005,-6.8134789E-007, 0.0000000E+000, 0.0000000E+000, 0.0000000E+000, 0.0000000E+000
 2.8346155E+001, 0.0000000E+000, 0.0000000E+000, 4.4538641E-007,-1.5144766E-006, 4.8215578E-007,-5.2893025E-020, 0.0000000E+000, 0.0000000E+000,-1.1719328E-005,-5.8693441E-007, 0.0000000E+000, 0.0000000E+000, 0.0000000E+000, 0.0000000E+000
 2.8576612E+001, 0.0000000E+000, 0.0000000E+000, 4.4968087E-007,-1.5162693E-006, 5.4403229E-007,-6.5057449E-020, 0.0000000E+000, 0.0000000E+000,-1.1757338E-005,-5.2255615E-007, 0.0000000E+000, 0.0000000E+000, 0.0000000E+000, 0.0000000E+000
 2.8807068E+001, 0.0000000E+000, 0.0000000E+000, 4.5396641E-007,-1.5184652E-006, 6.8191442E-007,-8.6048575E-020, 0.0000000E+000, 0.0000000E+000,-1.1732696E-005,-3.8258441E-007, 0.0000000E+000, 0.0000000E+000, 0.0000000E+000, 0.0000000E+000
 2.9267981E+001, 0.0000000E+000, 0.0000000E+000, 4.5492354E-007,-1.5231613E-006, 5.9155150E-007,-1.3702259E-019, 0.0000000E+000, 0.0000000E+000,-1.1769939E-005,-4.7668623E-007, 0.0000000E+000, 0.0000000E+000, 0.0000000E+000, 0.0000000E+000
 2.9498438E+001, 0.0000000E+000, 0.0000000E+000, 4.6136845E-007,-1.5263373E-006, 5.8514176E-007, 0.0000000E+000, 0.0000000E+000, 0.0000000E+000,-1.1774879E-005,-4.7982711E-007, 0.0000000E+000, 0.0000000E+000, 0.0000000E+000, 0.0000000E+000
 2.9728895E+001, 0.0000000E+000, 0.0000000E+000, 4.6834600E-007,-1.5282496E-006, 6.2365628E-007,-1.5409193E-019, 0.0000000E+000, 0.0000000E+000,-1.1778912E-005,-4.3624727E-007, 0.0000000E+000, 0.0000000E+000, 0.0000000E+000, 0.0000000E+000
 3.0189808E+001, 8.5283843E-002, 0.0000000E+000, 4.7484346E-007, 1.4380021E-003, 5.5914149E-007, 3.9097955E-005, 0.0000000E+000, 0.0000000E+000,-1.1834372E-005, 8.6761978E-002, 0.0000000E+000, 1.6260163E-005, 0.0000000E+000, 0.0000000E+000
 3.0420263E+001, 6.0728341E-001, 0.0000000E+000,-6.1059974E-005, 1.0356235E-002,-3.9108757E-005, 1.6916726E-004, 0.0000000E+000, 0.0000000E+000, 1.7348019E-001, 6.1770864E-001, 0.0000000E+000, 7.1544715E-005, 0.0000000E+000, 0.0000000E+000
 3.0650721E+001, 1.1399125E+000, 0.0000000E+000,-2.9038138E-004, 1.9509561E-002,-2.4498797E-004, 2.4274308E-004, 0.0000000E+000, 0.0000000E+000, 6.1755522E-001, 1.1591294E+000, 0.0000000E+000, 1.0406504E-004, 0.0000000E+000, 0.0000000E+000
 3.1111633E+001, 2.0139881E+000, 0.0000000E+000,-3.1197901E-002, 3.3990574E-002,-1.1389518E-003, 3.7081631E-004, 0.0000000E+000, 0.0000000E+000, 1.4467237E+000, 2.0160127E+000, 0.0000000E+000, 1.6260163E-004, 0.0000000E+000, 0.0000000E+000
 3.1342091E+001, 2.9514152E+000, 0.0000000E+000,-1.4423214E-001, 4.8158535E-002,-2.7736701E-003, 4.9660888E-004, 0.0000000E+000, 0.0000000E+000, 2.2960397E+000, 2.8530646E+000, 0.0000000E+000, 2.2113821E-004, 0.0000000E+000, 0.0000000E+000
 3.1572546E+001, 3.5538947E+000, 0.0000000E+000,-2.4882497E-001, 5.6714884E-002,-4.4143949E-003, 5.6903475E-004, 0.0000000E+000, 0.0000000E+000, 2.8521141E+000, 3.3579392E+000, 0.0000000E+000, 2.5365854E-004, 0.0000000E+000, 0.0000000E+000
 3.1803003E+001, 4.1462597E+000, 0.0000000E+000,-3.6331336E-001, 6.4898828E-002,-6.4696025E-003, 6.5858719E-004, 0.0000000E+000, 0.0000000E+000, 3.3567052E+000, 3.8420341E+000, 0.0000000E+000, 2.9268293E-004, 0.0000000E+000, 0.0000000E+000
 3.2263916E+001, 5.0859977E+000, 0.0000000E+000,-5.9387474E-001, 7.7042192E-002,-1.0291562E-002, 7.9771988E-004, 0.0000000E+000, 0.0000000E+000, 4.0814286E+000, 4.5596714E+000, 0.0000000E+000, 3.5121951E-004, 0.0000000E+000, 0.0000000E+000
 3.2494373E+001, 6.0065630E+000, 0.0000000E+000,-8.3913613E-001, 8.8599845E-002,-1.4751511E-002, 9.2447014E-004, 0.0000000E+000, 0.0000000E+000, 4.7934366E+000, 5.2421996E+000, 0.0000000E+000, 4.0325203E-004, 0.0000000E+000, 0.0000000E+000
 3.2724831E+001, 6.5993535E+000, 0.0000000E+000,-1.0432115E+000, 9.5233155E-002,-1.8001299E-002, 1.0222387E-003, 0.0000000E+000, 0.0000000E+000, 5.2401073E+000, 5.6343961E+000, 0.0000000E+000, 4.4227642E-004, 0.0000000E+000, 0.0000000E+000
 3.3185741E+001, 7.5392720E+000, 0.0000000E+000,-1.3433368E+000, 1.0616527E-001,-2.2859389E-002, 1.1694390E-003, 0.0000000E+000, 0.0000000E+000, 5.8368966E+000, 6.2804105E+000, 0.0000000E+000, 5.0081301E-004, 0.0000000E+000, 0.0000000E+000
 3.3416199E+001, 8.4598836E+000, 0.0000000E+000,-1.6457843E+000, 1.1674572E-001,-2.7442363E-002, 1.3007169E-003, 0.0000000E+000, 0.0000000E+000, 6.5149371E+000, 6.9047034E+000, 0.0000000E+000, 5.5284553E-004, 0.0000000E+000, 0.0000000E+000
 3.3646656E+001, 9.0526801E+000, 0.0000000E+000,-1.8627340E+000, 1.2317191E-001,-3.0059290E-002, 1.3964091E-003, 0.0000000E+000, 0.0000000E+000, 6.9026589E+000, 7.2844551E+000, 0.0000000E+000, 5.9186992E-004, 0.0000000E+000, 0.0000000E+000
 3.4107571E+001, 9.9926053E+000, 0.0000000E+000,-2.3976250E+000, 1.3014197E-001,-3.3109482E-002, 1.5336400E-003, 0.0000000E+000, 0.0000000E+000, 7.5363538E+000, 7.6935464E+000, 0.0000000E+000, 6.5040650E-004, 0.0000000E+000, 0.0000000E+000
 3.4338024E+001, 1.0913224E+001, 0.0000000E+000,-3.4928421E+000, 1.2724980E-001,-3.6567479E-002, 1.6385174E-003, 0.0000000E+000, 0.0000000E+000, 7.5931096E+000, 7.5127027E+000, 0.0000000E+000, 7.0243902E-004, 0.0000000E+000, 0.0000000E+000
 3.4568481E+001, 1.1506050E+001, 0.0000000E+000,-3.7949239E+000, 1.3225924E-001,-3.9260581E-002, 1.7000882E-003, 0.0000000E+000, 0.0000000E+000, 7.5104465E+000, 7.8058244E+000, 0.0000000E+000, 7.4146341E-004, 0.0000000E+000, 0.0000000E+000
 3.5029396E+001, 1.2446155E+001, 0.0000000E+000,-4.1116053E+000, 1.4291973E-001,-4.1436442E-002, 1.8924918E-003, 0.0000000E+000, 0.0000000E+000, 8.0014637E+000, 8.4379255E+000, 0.0000000E+000, 8.0000000E-004, 0.0000000E+000, 0.0000000E+000
 3.5259853E+001, 1.3366608E+001, 0.0000000E+000,-4.1396530E+000, 1.5823047E-001,-4.2636181E-002, 2.0659046E-003, 0.0000000E+000, 0.0000000E+000, 8.6740336E+000, 9.3446156E+000, 0.0000000E+000, 8.5203252E-004, 0.0000000E+000, 0.0000000E+000
 3.5490307E+001, 1.3962009E+001, 0.0000000E+000,-4.0175097E+000, 1.7053672E-001,-4.3606878E-002, 2.1621163E-003, 0.0000000E+000, 0.0000000E+000, 9.3431343E+000, 1.0073592E+001, 0.0000000E+000, 8.9105691E-004, 0.0000000E+000, 0.0000000E+000
 3.5720764E+001, 1.4642475E+001, 0.0000000E+000,-4.4296068E+000, 1.7518083E-001,-4.5466217E-002, 2.2560895E-003, 0.0000000E+000, 0.0000000E+000, 1.0071576E+001, 1.0344839E+001, 0.0000000E+000, 9.3008130E-004, 0.0000000E+000, 0.0000000E+000
 3.6181679E+001, 1.5549072E+001, 0.0000000E+000,-4.2785237E+000, 1.9329290E-001,-4.7252780E-002, 2.3936848E-003, 0.0000000E+000, 0.0000000E+000, 1.0563728E+001, 1.1418983E+001, 0.0000000E+000, 9.8861789E-004, 0.0000000E+000, 0.0000000E+000
 3.6412136E+001, 1.6401072E+001, 0.0000000E+000,-3.8366535E+000, 2.1545953E-001,-4.7255015E-002, 2.5116240E-003, 0.0000000E+000, 0.0000000E+000, 1.2050831E+001, 1.2735135E+001, 0.0000000E+000, 1.0406504E-003, 0.0000000E+000, 0.0000000E+000
 3.6608273E+001, 1.8029758E+001, 0.0000000E+000,-3.7243868E+000, 2.4552957E-001,-4.6243797E-002, 2.5815365E-003, 0.0000000E+000, 0.0000000E+000, 1.2735499E+001, 1.4507239E+001, 0.0000000E+000, 1.0731707E-003, 0.0000000E+000, 0.0000000E+000
 3.6956688E+001, 1.8716728E+001, 0.0000000E+000,-3.9786127E+000, 2.5303289E-001,-4.5211916E-002, 2.6719717E-003, 0.0000000E+000, 0.0000000E+000, 1.4346574E+001, 1.4948608E+001, 0.0000000E+000, 1.1170615E-003, 0.0000000E+000, 0.0000000E+000
 3.7261238E+001, 1.9243344E+001, 0.0000000E+000,-4.0658773E+000, 2.6053106E-001,-4.5338259E-002, 2.7967688E-003, 0.0000000E+000, 0.0000000E+000, 1.5717149E+001, 1.5395457E+001, 0.0000000E+000, 1.1707317E-003, 0.0000000E+000, 0.0000000E+000
 3.7506657E+001, 2.0403974E+001, 0.0000000E+000,-4.2591194E+000, 2.7719807E-001,-4.6816007E-002, 2.8985924E-003, 0.0000000E+000, 0.0000000E+000, 1.5984171E+001, 1.6378135E+001, 0.0000000E+000, 1.2130081E-003, 0.0000000E+000, 0.0000000E+000
 3.7874786E+001, 2.0393963E+001, 0.0000000E+000,-4.7942330E+000, 2.6771879E-001,-5.0125823E-002, 3.0140512E-003, 0.0000000E+000, 0.0000000E+000, 1.5944913E+001, 1.5820337E+001, 0.0000000E+000, 1.2617886E-003, 0.0000000E+000, 0.0000000E+000
 3.8203159E+001, 2.1422018E+001, 0.0000000E+000,-5.3962583E+000, 2.7504764E-001,-5.4086035E-002, 3.1407608E-003, 0.0000000E+000, 0.0000000E+000, 1.6149638E+001, 1.6249862E+001, 0.0000000E+000, 1.3159892E-003, 0.0000000E+000, 0.0000000E+000
 3.8422077E+001, 2.1832408E+001, 0.0000000E+000,-6.0433843E+000, 2.7093370E-001,-5.7768418E-002, 3.2491140E-003, 0.0000000E+000, 0.0000000E+000, 1.5943858E+001, 1.6005438E+001, 0.0000000E+000, 1.3626016E-003, 0.0000000E+000, 0.0000000E+000
 3.8750450E+001, 2.2473868E+001, 0.0000000E+000,-6.2141103E+000, 2.7891860E-001,-6.2935723E-002, 3.3460938E-003, 0.0000000E+000, 0.0000000E+000, 1.6339076E+001, 1.6479087E+001, 0.0000000E+000, 1.4048780E-003, 0.0000000E+000, 0.0000000E+000
 3.9078827E+001, 2.3302617E+001, 0.0000000E+000,-6.7045852E+000, 2.8441135E-001,-8.3702904E-002, 3.4652313E-003, 0.0000000E+000, 0.0000000E+000, 1.6702736E+001, 1.6802206E+001, 0.0000000E+000, 1.4569106E-003, 0.0000000E+000, 0.0000000E+000
 3.9383350E+001, 2.4454275E+001, 0.0000000E+000,-7.1408941E+000, 2.9591979E-001,-1.3362657E-001, 3.5900193E-003, 0.0000000E+000, 0.0000000E+000, 1.7216473E+001, 1.7479264E+001, 0.0000000E+000, 1.5105168E-003, 0.0000000E+000, 0.0000000E+000
 3.9649563E+001, 2.5441542E+001, 0.0000000E+000,-7.4824368E+000, 3.0581283E-001,-2.0760902E-001, 3.6928877E-003, 0.0000000E+000, 0.0000000E+000, 1.7871549E+001, 1.8061002E+001, 0.0000000E+000, 1.5538268E-003, 0.0000000E+000, 0.0000000E+000
 3.9911015E+001, 2.5699648E+001, 0.0000000E+000,-7.7228857E+000, 3.0465892E-001,-2.9191672E-001, 3.7944962E-003, 0.0000000E+000, 0.0000000E+000, 1.8135261E+001, 1.7993299E+001, 0.0000000E+000, 1.5962234E-003, 0.0000000E+000, 0.0000000E+000
 4.0237576E+001, 2.5673032E+001, 0.0000000E+000,-7.7948300E+000, 3.0126669E-001,-3.8629116E-001, 3.9139941E-003, 0.0000000E+000, 0.0000000E+000, 1.7609369E+001, 1.7797092E+001, 0.0000000E+000, 1.6461382E-003, 0.0000000E+000, 0.0000000E+000
 4.0574341E+001, 2.7068741E+001, 0.0000000E+000,-7.8529139E+000, 3.2264458E-001,-4.8254406E-001, 4.0476609E-003, 0.0000000E+000, 0.0000000E+000, 1.8649430E+001, 1.9059976E+001, 0.0000000E+000, 1.7018970E-003, 0.0000000E+000, 0.0000000E+000
 4.0911106E+001, 2.8129342E+001, 0.0000000E+000,-8.3741093E+000, 3.3044100E-001,-5.7262943E-001, 4.1778133E-003, 0.0000000E+000, 0.0000000E+000, 1.9389143E+001, 1.9517222E+001, 0.0000000E+000, 1.7560976E-003, 0.0000000E+000, 0.0000000E+000
 4.1135620E+001, 2.8928891E+001, 0.0000000E+000,-8.5063436E+000, 3.4077700E-001,-6.3799261E-001, 4.2877060E-003, 0.0000000E+000, 0.0000000E+000, 1.9839256E+001, 2.0129620E+001, 0.0000000E+000, 1.8016260E-003, 0.0000000E+000, 0.0000000E+000
 4.1472385E+001, 2.9669713E+001, 0.0000000E+000,-8.8401683E+000, 3.4681257E-001,-6.9359921E-001, 4.3965252E-003, 0.0000000E+000, 0.0000000E+000, 2.0301393E+001, 2.0487154E+001, 0.0000000E+000, 1.8471545E-003, 0.0000000E+000, 0.0000000E+000
 4.1809151E+001, 3.0578810E+001, 0.0000000E+000,-9.0962085E+000, 3.5695105E-001,-7.5368551E-001, 4.5219187E-003, 0.0000000E+000, 0.0000000E+000, 2.0910551E+001, 2.1090389E+001, 0.0000000E+000, 1.9013550E-003, 0.0000000E+000, 0.0000000E+000
 4.2008224E+001, 3.1939374E+001, 0.0000000E+000,-9.2860026E+000, 3.7629176E-001,-7.9837125E-001, 4.6170437E-003, 0.0000000E+000, 0.0000000E+000, 2.1748141E+001, 2.2235909E+001, 0.0000000E+000, 1.9447154E-003, 0.0000000E+000, 0.0000000E+000
 4.2306835E+001, 3.2173670E+001, 0.0000000E+000,-9.3287918E+000, 3.7871637E-001,-8.4022473E-001, 4.6955442E-003, 0.0000000E+000, 0.0000000E+000, 2.2248402E+001, 2.2388066E+001, 0.0000000E+000, 1.9859079E-003, 0.0000000E+000, 0.0000000E+000
 4.2605446E+001, 3.2806271E+001, 0.0000000E+000,-9.5401309E+000, 3.8501288E-001,-8.9054696E-001, 4.7376338E-003, 0.0000000E+000, 0.0000000E+000, 2.2607771E+001, 2.2765343E+001, 0.0000000E+000, 2.0336043E-003, 0.0000000E+000, 0.0000000E+000
 4.2904060E+001, 3.3561751E+001, 0.0000000E+000,-9.9534234E+000, 3.8975524E-001,-9.4344104E-001, 4.9245631E-003, 0.0000000E+000, 0.0000000E+000, 2.2981696E+001, 2.3059566E+001, 0.0000000E+000, 2.0834688E-003, 0.0000000E+000, 0.0000000E+000
 4.3202671E+001, 3.4349648E+001, 0.0000000E+000,-1.0073086E+001, 4.0008237E-001,-9.9469037E-001, 5.0750621E-003, 0.0000000E+000, 0.0000000E+000, 2.3403830E+001, 2.3687029E+001, 0.0000000E+000, 2.1311653E-003, 0.0000000E+000, 0.0000000E+000
 4.3511234E+001, 3.4911215E+001, 0.0000000E+000,-1.0220716E+001, 4.0611168E-001,-1.0373013E+000, 5.1939352E-003, 0.0000000E+000, 0.0000000E+000, 2.4149346E+001, 2.4064503E+001, 0.0000000E+000, 2.1815893E-003, 0.0000000E+000, 0.0000000E+000
 4.3839706E+001, 3.5727618E+001, 0.0000000E+000,-1.0608580E+001, 4.1245271E-001,-1.0744890E+000, 5.3071030E-003, 0.0000000E+000, 0.0000000E+000, 2.4207285E+001, 2.4462309E+001, 0.0000000E+000, 2.2330623E-003, 0.0000000E+000, 0.0000000E+000
 4.4168179E+001, 3.6808265E+001, 0.0000000E+000,-1.1698259E+001, 4.1125297E-001,-1.1142752E+000, 5.4102687E-003, 0.0000000E+000, 0.0000000E+000, 2.4342329E+001, 2.4412394E+001, 0.0000000E+000, 2.2850949E-003, 0.0000000E+000, 0.0000000E+000
 4.4496651E+001, 3.7732538E+001, 0.0000000E+000,-1.1733237E+001, 4.2498045E-001,-1.1640644E+000, 5.5256472E-003, 0.0000000E+000, 0.0000000E+000, 2.4878781E+001, 2.5265743E+001, 0.0000000E+000, 2.3392954E-003, 0.0000000E+000, 0.0000000E+000
 4.4715633E+001, 3.8466847E+001, 0.0000000E+000,-1.1698591E+001, 4.3576770E-001,-1.2136378E+000, 5.6258940E-003, 0.0000000E+000, 0.0000000E+000, 2.5812185E+001, 2.5996011E+001, 0.0000000E+000, 2.3837398E-003, 0.0000000E+000, 0.0000000E+000
 4.5044106E+001, 3.9210282E+001, 0.0000000E+000,-1.1966396E+001, 2.9242015E-001,-1.2647987E+000, 5.7381098E-003, 0.0000000E+000, 0.0000000E+000, 2.6189323E+001, 2.6277246E+001, 0.0000000E+000, 2.4281843E-003, 0.0000000E+000, 0.0000000E+000
 4.5329231E+001, 4.0822205E+001, 0.0000000E+000,-1.2313595E+001,-2.4027959E-001,-1.3155536E+000, 5.8478800E-003, 0.0000000E+000, 0.0000000E+000, 2.6761387E+001, 2.6958625E+001, 0.0000000E+000, 2.4758808E-003, 0.0000000E+000, 0.0000000E+000
 4.5614357E+001, 4.1005279E+001, 0.0000000E+000,-1.2442082E+001,-8.6713026E-001,-1.3611427E+000, 5.9459945E-003, 0.0000000E+000, 0.0000000E+000, 2.6312561E+001, 2.6340871E+001, 0.0000000E+000, 2.5235772E-003, 0.0000000E+000, 0.0000000E+000
 4.5994526E+001, 4.1709966E+001, 0.0000000E+000,-1.3024092E+001,-1.6532052E+000,-1.4093647E+000, 6.0544186E-003, 0.0000000E+000, 0.0000000E+000, 2.5646415E+001, 2.5629359E+001, 0.0000000E+000, 2.5772358E-003, 0.0000000E+000, 0.0000000E+000
 4.6203617E+001, 4.1792423E+001, 0.0000000E+000,-1.3225627E+001,-2.2403937E+000,-1.4472828E+000, 6.1938814E-003, 0.0000000E+000, 0.0000000E+000, 2.5052927E+001, 2.4885314E+001, 0.0000000E+000, 2.6243902E-003, 0.0000000E+000, 0.0000000E+000
 4.6584560E+001, 4.3595300E+001, 0.0000000E+000,-1.3458362E+001,-2.4879996E+000,-1.4974668E+000, 6.3177205E-003, 0.0000000E+000, 0.0000000E+000, 2.5733541E+001, 2.6157790E+001, 0.0000000E+000, 2.6741079E-003, 0.0000000E+000, 0.0000000E+000
 4.6860954E+001, 4.4294566E+001, 0.0000000E+000,-1.3668559E+001,-2.6411592E+000,-1.5710762E+000, 6.4482769E-003, 0.0000000E+000, 0.0000000E+000, 2.6286739E+001, 2.6420220E+001, 0.0000000E+000, 2.7273713E-003, 0.0000000E+000, 0.0000000E+000
 4.7137352E+001, 4.4905300E+001, 0.0000000E+000,-1.3687029E+001,-2.7192782E+000,-1.6304686E+000, 6.5612488E-003, 0.0000000E+000, 0.0000000E+000, 2.6714639E+001, 2.6875085E+001, 0.0000000E+000, 2.7707317E-003, 0.0000000E+000, 0.0000000E+000
 4.7441387E+001, 4.5067973E+001, 0.0000000E+000,-1.3736138E+001,-2.7572611E+000,-1.6945330E+000, 6.6832078E-003, 0.0000000E+000, 0.0000000E+000, 2.6760375E+001, 2.6886724E+001, 0.0000000E+000, 2.8205962E-003, 0.0000000E+000, 0.0000000E+000
 4.7745426E+001, 4.6307891E+001, 0.0000000E+000,-1.3909766E+001,-2.6835108E+000,-1.7666695E+000, 6.7923497E-003, 0.0000000E+000, 0.0000000E+000, 2.7601229E+001, 2.7954737E+001, 0.0000000E+000, 2.8704607E-003, 0.0000000E+000, 0.0000000E+000
 4.8049461E+001, 4.7222359E+001, 0.0000000E+000,-1.3729228E+001,-2.5185273E+000,-1.8394682E+000, 6.8951412E-003, 0.0000000E+000, 0.0000000E+000, 2.8738748E+001, 2.9142030E+001, 0.0000000E+000, 2.9181572E-003, 0.0000000E+000, 0.0000000E+000
 4.8353497E+001, 4.8052119E+001, 0.0000000E+000,-1.3802364E+001,-2.3594807E+000,-1.9228255E+000, 7.0086083E-003, 0.0000000E+000, 0.0000000E+000, 2.9760025E+001, 2.9974457E+001, 0.0000000E+000, 2.9680217E-003, 0.0000000E+000, 0.0000000E+000
 4.8634426E+001, 4.9452761E+001, 0.0000000E+000,-1.4218843E+001,-2.3207300E+000,-1.9890038E+000, 7.1023139E-003, 0.0000000E+000, 0.0000000E+000, 3.0641517E+001, 3.0931287E+001, 0.0000000E+000, 3.0150048E-003, 0.0000000E+000, 0.0000000E+000
 4.8903801E+001, 4.9932789E+001, 0.0000000E+000,-1.4568852E+001,-2.4836213E+000,-2.0436525E+000, 7.1872468E-003, 0.0000000E+000, 0.0000000E+000, 3.0937860E+001, 3.0843851E+001, 0.0000000E+000, 3.0590786E-003, 0.0000000E+000, 0.0000000E+000
 4.9262966E+001, 5.0498782E+001, 0.0000000E+000,-1.5020017E+001,-2.8119657E+000,-2.1011491E+000, 7.3501502E-003, 0.0000000E+000, 0.0000000E+000, 3.0482604E+001, 3.0573000E+001, 0.0000000E+000, 3.1105691E-003, 0.0000000E+000, 0.0000000E+000
 4.9532337E+001, 5.1266245E+001, 0.0000000E+000,-1.5445413E+001,-3.1773983E+000,-2.1571538E+000, 7.4742348E-003, 0.0000000E+000, 0.0000000E+000, 3.0500621E+001, 3.0493754E+001, 0.0000000E+000, 3.1609756E-003, 0.0000000E+000, 0.0000000E+000
 4.9801712E+001, 5.1970892E+001, 0.0000000E+000,-1.5958892E+001,-3.5093286E+000,-2.2111686E+000, 7.5804735E-003, 0.0000000E+000, 0.0000000E+000, 3.0241254E+001, 3.0299083E+001, 0.0000000E+000, 3.2065041E-003, 0.0000000E+000, 0.0000000E+000
 5.0160877E+001, 5.2803649E+001, 0.0000000E+000,-1.5998471E+001,-3.8456799E+000,-2.2812685E+000, 7.6747486E-003, 0.0000000E+000, 0.0000000E+000, 3.0535575E+001, 3.0685905E+001, 0.0000000E+000, 3.2569106E-003, 0.0000000E+000, 0.0000000E+000
 5.0430252E+001, 5.3640946E+001, 0.0000000E+000,-1.6372713E+001,-4.1495256E+000,-2.3640844E+000, 7.7484248E-003, 0.0000000E+000, 0.0000000E+000, 3.0750424E+001, 3.0762371E+001, 0.0000000E+000, 3.3084011E-003, 0.0000000E+000, 0.0000000E+000
 5.0789417E+001, 5.4470294E+001, 0.0000000E+000,-1.6852148E+001,-4.4168804E+000,-2.4352422E+000, 7.8424005E-003, 0.0000000E+000, 0.0000000E+000, 3.0658754E+001, 3.0773866E+001, 0.0000000E+000, 3.3577236E-003, 0.0000000E+000, 0.0000000E+000
 5.1058792E+001, 5.5300216E+001, 0.0000000E+000,-1.7058504E+001,-4.6444067E+000,-2.4836371E+000, 7.9367339E-003, 0.0000000E+000, 0.0000000E+000, 3.0911323E+001, 3.1121605E+001, 0.0000000E+000, 3.4081301E-003, 0.0000000E+000, 0.0000000E+000
 5.1328167E+001, 5.6018328E+001, 0.0000000E+000,-1.7211712E+001,-4.8368271E+000,-2.5460265E+000, 8.0958974E-003, 0.0000000E+000, 0.0000000E+000, 3.1337805E+001, 3.1431859E+001, 0.0000000E+000, 3.4536585E-003, 0.0000000E+000, 0.0000000E+000
 5.1687332E+001, 5.6855588E+001, 0.0000000E+000,-1.7659935E+001,-5.1489531E+000,-2.6114498E+000, 8.2281525E-003, 0.0000000E+000, 0.0000000E+000, 3.1413470E+001, 3.1443478E+001, 0.0000000E+000, 3.5040650E-003, 0.0000000E+000, 0.0000000E+000
 5.1956703E+001, 5.7693998E+001, 0.0000000E+000,-1.7319453E+001,-5.6050863E+000,-2.6883945E+000, 8.3449578E-003, 0.0000000E+000, 0.0000000E+000, 3.1657795E+001, 3.2089409E+001, 0.0000000E+000, 3.5555556E-003, 0.0000000E+000, 0.0000000E+000
 5.2226078E+001, 5.8413197E+001, 0.0000000E+000,-1.7951483E+001,-6.2079437E+000,-2.7481752E+000, 8.4510034E-003, 0.0000000E+000, 0.0000000E+000, 3.1671721E+001, 3.1514045E+001, 0.0000000E+000, 3.5989160E-003, 0.0000000E+000, 0.0000000E+000
 5.2585243E+001, 5.9255152E+001, 0.0000000E+000,-1.8362371E+001,-7.1171766E+000,-2.8161221E+000, 8.5782076E-003, 0.0000000E+000, 0.0000000E+000, 3.0922347E+001, 3.0968060E+001, 0.0000000E+000, 3.6504065E-003, 0.0000000E+000, 0.0000000E+000
 5.2854618E+001, 6.0096529E+001, 0.0000000E+000,-1.8222097E+001,-8.0441347E+000,-2.8813138E+000, 8.6675498E-003, 0.0000000E+000, 0.0000000E+000, 3.0861997E+001, 3.0957651E+001, 0.0000000E+000, 3.7008130E-003, 0.0000000E+000, 0.0000000E+000
 5.3123993E+001, 6.0817611E+001, 0.0000000E+000,-1.8743503E+001,-8.6815116E+000,-2.9313149E+000, 8.7233837E-003, 0.0000000E+000, 0.0000000E+000, 3.0403790E+001, 3.0470005E+001, 0.0000000E+000, 3.7463415E-003, 0.0000000E+000, 0.0000000E+000
 5.3440578E+001, 6.2451500E+001, 0.0000000E+000,-1.8918493E+001,-9.1688429E+000,-2.9920387E+000, 8.8787674E-003, 0.0000000E+000, 0.0000000E+000, 3.1134480E+001, 3.1381005E+001, 0.0000000E+000, 3.7918699E-003, 0.0000000E+000, 0.0000000E+000
 5.3757164E+001, 6.2641374E+001, 0.0000000E+000,-1.9193773E+001,-9.6397691E+000,-3.0727246E+000, 9.0389989E-003, 0.0000000E+000, 0.0000000E+000, 3.0838692E+001, 3.0744146E+001, 0.0000000E+000, 3.8439024E-003, 0.0000000E+000, 0.0000000E+000
 5.4073753E+001, 6.3331615E+001, 0.0000000E+000,-1.9659835E+001,-1.0068043E+001,-3.1807226E+000, 9.1477767E-003, 0.0000000E+000, 0.0000000E+000, 3.0306403E+001, 3.0432162E+001, 0.0000000E+000, 3.8959350E-003, 0.0000000E+000, 0.0000000E+000
 5.4311192E+001, 6.4040089E+001, 0.0000000E+000,-1.9661804E+001,-1.0404582E+001,-3.2936811E+000, 9.2379999E-003, 0.0000000E+000, 0.0000000E+000, 3.0711250E+001, 3.0689260E+001, 0.0000000E+000, 3.9414634E-003, 0.0000000E+000, 0.0000000E+000
 5.4627781E+001, 6.4776467E+001, 0.0000000E+000,-1.9782596E+001,-1.0714849E+001,-3.3621247E+000, 9.3317145E-003, 0.0000000E+000, 0.0000000E+000, 3.0555038E+001, 3.0926229E+001, 0.0000000E+000, 3.9869919E-003, 0.0000000E+000, 0.0000000E+000
 5.4944366E+001, 6.5626007E+001, 0.0000000E+000,-1.9254897E+001,-1.1027584E+001,-3.4588203E+000, 9.4954251E-003, 0.0000000E+000, 0.0000000E+000, 3.1694543E+001, 3.1894200E+001, 0.0000000E+000, 4.0390244E-003, 0.0000000E+000, 0.0000000E+000
 5.5260956E+001, 6.6480216E+001, 0.0000000E+000,-1.9492845E+001,-1.1074843E+001,-3.5089627E+000, 9.5665302E-003, 0.0000000E+000, 0.0000000E+000, 3.2232519E+001, 3.2413131E+001, 0.0000000E+000, 4.0910569E-003, 0.0000000E+000, 0.0000000E+000
 5.5577541E+001, 6.7302450E+001, 0.0000000E+000,-1.9938501E+001,-1.0832689E+001,-3.5671935E+000, 9.6931892E-003, 0.0000000E+000, 0.0000000E+000, 3.2954996E+001, 3.2973760E+001, 0.0000000E+000, 4.1382114E-003, 0.0000000E+000, 0.0000000E+000
 5.5814980E+001, 6.7994674E+001, 0.0000000E+000,-2.0749187E+001,-1.0545198E+001,-3.6190837E+000, 9.8044956E-003, 0.0000000E+000, 0.0000000E+000, 3.3052750E+001, 3.3091010E+001, 0.0000000E+000, 4.1821138E-003, 0.0000000E+000, 0.0000000E+000
 5.6131569E+001, 6.8725155E+001, 0.0000000E+000,-2.1001652E+001,-1.0393799E+001,-3.6706565E+000, 9.8848033E-003, 0.0000000E+000, 0.0000000E+000, 3.3596347E+001, 3.3668932E+001, 0.0000000E+000, 4.2276423E-003, 0.0000000E+000, 0.0000000E+000
 5.6448154E+001, 6.9573253E+001, 0.0000000E+000,-2.1490226E+001,-1.0551281E+001,-3.7272423E+000, 9.9893451E-003, 0.0000000E+000, 0.0000000E+000, 3.3670454E+001, 3.3814493E+001, 0.0000000E+000, 4.2796748E-003, 0.0000000E+000, 0.0000000E+000
 5.6764744E+001, 7.0425392E+001, 0.0000000E+000,-2.1795934E+001,-1.0994246E+001,-3.7980207E+000, 1.0033448E-002, 0.0000000E+000, 0.0000000E+000, 3.3740647E+001, 3.3847224E+001, 0.0000000E+000, 4.3317073E-003, 0.0000000E+000, 0.0000000E+000
 5.7002182E+001, 7.1172349E+001, 0.0000000E+000,-2.2281368E+001,-1.1610315E+001,-3.8971934E+000, 1.0134407E-002, 0.0000000E+000, 0.0000000E+000, 3.3575292E+001, 3.3393606E+001, 0.0000000E+000, 4.3772358E-003, 0.0000000E+000, 0.0000000E+000
 5.7318771E+001, 7.1917933E+001, 0.0000000E+000,-2.2443513E+001,-1.2433137E+001,-3.9923839E+000, 1.0326302E-002, 0.0000000E+000, 0.0000000E+000, 3.2954462E+001, 3.3059225E+001, 0.0000000E+000, 4.4227642E-003, 0.0000000E+000, 0.0000000E+000
 5.7635357E+001, 7.2771674E+001, 0.0000000E+000,-2.2602070E+001,-1.3303266E+001,-4.0883098E+000, 1.0429977E-002, 0.0000000E+000, 0.0000000E+000, 3.2669204E+001, 3.2788459E+001, 0.0000000E+000, 4.4747967E-003, 0.0000000E+000, 0.0000000E+000
 5.7951942E+001, 7.3625122E+001, 0.0000000E+000,-2.2811248E+001,-1.3877511E+001,-4.1531159E+000, 1.0519538E-002, 0.0000000E+000, 0.0000000E+000, 3.2743190E+001, 3.2793766E+001, 0.0000000E+000, 4.5268293E-003, 0.0000000E+000, 0.0000000E+000
 5.8268532E+001, 7.4479365E+001, 0.0000000E+000,-2.3048971E+001,-1.4228614E+001,-4.2060124E+000, 1.0601781E-002, 0.0000000E+000, 0.0000000E+000, 3.2874582E+001, 3.3006369E+001, 0.0000000E+000, 4.5788618E-003, 0.0000000E+000, 0.0000000E+000
 5.8505970E+001, 7.5225340E+001, 0.0000000E+000,-2.2754150E+001,-1.4488920E+001,-4.2720174E+000, 1.0785881E-002, 0.0000000E+000, 0.0000000E+000, 3.3465697E+001, 3.3721039E+001, 0.0000000E+000, 4.6243902E-003, 0.0000000E+000, 0.0000000E+000
 5.8822559E+001, 7.5971402E+001, 0.0000000E+000,-2.2312727E+001,-1.5010692E+001,-4.3445284E+000, 1.0946628E-002, 0.0000000E+000, 0.0000000E+000, 3.4202512E+001, 3.4314402E+001, 0.0000000E+000, 4.6699187E-003, 0.0000000E+000, 0.0000000E+000
 5.9139145E+001, 7.6810120E+001, 0.0000000E+000,-2.2925633E+001,-1.5760466E+001,-4.4520379E+000, 1.1071441E-002, 0.0000000E+000, 0.0000000E+000, 3.3708554E+001, 3.3683055E+001, 0.0000000E+000, 4.7186992E-003, 0.0000000E+000, 0.0000000E+000
 5.9455730E+001, 7.7601627E+001, 0.0000000E+000,-2.3152908E+001,-1.6286334E+001,-4.5417748E+000, 1.1162011E-002, 0.0000000E+000, 0.0000000E+000, 3.3512839E+001, 3.3631772E+001, 0.0000000E+000, 4.7674797E-003, 0.0000000E+000, 0.0000000E+000
 5.9755348E+001, 7.8981851E+001, 0.0000000E+000,-2.4036688E+001,-1.6591078E+001,-4.6455406E+000, 1.1151325E-002, 0.0000000E+000, 0.0000000E+000, 3.3483769E+001, 3.3719696E+001, 0.0000000E+000, 4.8187754E-003, 0.0000000E+000, 0.0000000E+000
 6.0022877E+001, 8.0226598E+001, 0.0000000E+000,-2.4632562E+001,-1.6851724E+001,-4.7564682E+000, 1.1267538E-002, 0.0000000E+000, 0.0000000E+000, 3.4075514E+001, 3.3997112E+001, 0.0000000E+000, 4.8675575E-003, 0.0000000E+000, 0.0000000E+000
 6.0357319E+001, 8.0296284E+001, 0.0000000E+000,-2.4772913E+001,-1.7455033E+001,-4.9188580E+000, 1.1442759E-002, 0.0000000E+000, 0.0000000E+000, 3.3212448E+001, 3.3160923E+001, 0.0000000E+000, 4.9494708E-003, 0.0000000E+000, 0.0000000E+000
 6.0655796E+001, 8.0956281E+001, 0.0000000E+000,-2.4620283E+001,-1.8461300E+001,-5.1023807E+000, 1.1729246E-002, 0.0000000E+000, 0.0000000E+000, 3.2989931E+001, 3.2784047E+001, 0.0000000E+000, 5.0544148E-003, 0.0000000E+000, 0.0000000E+000
 6.0961208E+001, 8.2973233E+001, 0.0000000E+000,-2.6216769E+001,-1.9344892E+001,-5.2451865E+000, 1.1938721E-002, 0.0000000E+000, 0.0000000E+000, 3.1972013E+001, 3.2178324E+001, 0.0000000E+000, 5.1512195E-003, 0.0000000E+000, 0.0000000E+000
 6.1266624E+001, 8.4867929E+001, 0.0000000E+000,-2.6892634E+001,-1.9852321E+001,-5.3342605E+000, 1.2269454E-002, 0.0000000E+000, 0.0000000E+000, 3.2645141E+001, 3.2800983E+001, 0.0000000E+000, 5.2552846E-003, 0.0000000E+000, 0.0000000E+000
 6.1542831E+001, 8.7466901E+001, 0.0000000E+000,-2.7136904E+001,-2.0183046E+001,-5.3647055E+000, 1.2475060E-002, 0.0000000E+000, 0.0000000E+000, 3.4188924E+001, 3.4794721E+001, 0.0000000E+000, 5.3485617E-003, 0.0000000E+000, 0.0000000E+000
 6.1822624E+001, 8.7906740E+001, 0.0000000E+000,-2.7389050E+001,-2.0481615E+001,-5.3704817E+000, 1.2691338E-002, 0.0000000E+000, 0.0000000E+000, 3.4790804E+001, 3.4678284E+001, 0.0000000E+000, 5.4386372E-003, 0.0000000E+000, 0.0000000E+000
 6.2115738E+001, 8.9180577E+001, 0.0000000E+000,-2.6417721E+001,-2.0608496E+001,-5.3953814E+000, 1.2845217E-002, 0.0000000E+000, 0.0000000E+000, 3.6140928E+001, 3.6771824E+001, 0.0000000E+000, 5.5284553E-003, 0.0000000E+000, 0.0000000E+000
 6.2457443E+001, 9.1810331E+001, 0.0000000E+000,-2.7413861E+001,-2.0427716E+001,-5.4845960E+000, 1.2989419E-002, 0.0000000E+000, 0.0000000E+000, 3.8213014E+001, 3.8497148E+001, 0.0000000E+000, 5.6337435E-003, 0.0000000E+000, 0.0000000E+000
 6.2717640E+001, 9.3537629E+001, 0.0000000E+000,-2.8241537E+001,-1.9962039E+001,-5.6486869E+000, 1.3218395E-002, 0.0000000E+000, 0.0000000E+000, 3.9454671E+001, 3.9698584E+001, 0.0000000E+000, 5.7300813E-003, 0.0000000E+000, 0.0000000E+000
 6.3003857E+001, 9.3697518E+001, 0.0000000E+000,-2.8660719E+001,-1.9477926E+001,-5.7990945E+000, 1.3436833E-002, 0.0000000E+000, 0.0000000E+000, 3.9816129E+001, 3.9773215E+001, 0.0000000E+000, 5.8211382E-003, 0.0000000E+000, 0.0000000E+000
 6.3361626E+001, 9.5521984E+001, 0.0000000E+000,-2.9677333E+001,-1.9154101E+001,-6.0007058E+000, 1.3682045E-002, 0.0000000E+000, 0.0000000E+000, 4.0455774E+001, 4.0703526E+001, 0.0000000E+000, 5.9239024E-003, 0.0000000E+000, 0.0000000E+000
 6.3647842E+001, 9.7490919E+001, 0.0000000E+000,-3.0498354E+001,-1.9165535E+001,-6.2309289E+000, 1.4040094E-002, 0.0000000E+000, 0.0000000E+000, 4.1566390E+001, 4.1610141E+001, 0.0000000E+000, 6.0292683E-003, 0.0000000E+000, 0.0000000E+000
 6.3941216E+001, 9.8782965E+001, 0.0000000E+000,-3.2010267E+001,-1.9584883E+001,-6.3973364E+000, 1.4344605E-002, 0.0000000E+000, 0.0000000E+000, 4.1288169E+001, 4.0804823E+001, 0.0000000E+000, 6.1277811E-003, 0.0000000E+000, 0.0000000E+000
 6.4256050E+001, 1.0018148E+002, 0.0000000E+000,-3.2303387E+001,-2.0550073E+001,-6.5375364E+000, 1.4562891E-002, 0.0000000E+000, 0.0000000E+000, 4.0313930E+001, 4.0805050E+001, 0.0000000E+000, 6.2178862E-003, 0.0000000E+000, 0.0000000E+000
 6.4570892E+001, 1.0252957E+002, 0.0000000E+000,-3.1367819E+001,-2.2248826E+001,-6.6902075E+000, 1.4783707E-002, 0.0000000E+000, 0.0000000E+000, 4.1479955E+001, 4.2237504E+001, 0.0000000E+000, 6.3219512E-003, 0.0000000E+000, 0.0000000E+000
 6.4856895E+001, 1.0579085E+002, 0.0000000E+000,-3.1101082E+001,-2.3920857E+001,-6.8073290E+000, 1.5052584E-002, 0.0000000E+000, 0.0000000E+000, 4.3639109E+001, 4.3976635E+001, 0.0000000E+000, 6.4215622E-003, 0.0000000E+000, 0.0000000E+000
 6.5133293E+001, 1.0619989E+002, 0.0000000E+000,-3.1882235E+001,-2.4336209E+001,-6.8877508E+000, 1.5034836E-002, 0.0000000E+000, 0.0000000E+000, 4.3004669E+001, 4.3108725E+001, 0.0000000E+000, 6.5138211E-003, 0.0000000E+000, 0.0000000E+000
 6.5409691E+001, 1.0675378E+002, 0.0000000E+000,-3.0495523E+001,-2.3649422E+001,-6.9431877E+000, 1.5369194E-002, 0.0000000E+000, 0.0000000E+000, 4.5246988E+001, 4.5681022E+001, 0.0000000E+000, 6.6048780E-003, 0.0000000E+000, 0.0000000E+000
 6.5755180E+001, 1.0852528E+002, 0.0000000E+000,-3.1416266E+001,-2.3525815E+001,-7.0799912E+000, 1.5523771E-002, 0.0000000E+000, 0.0000000E+000, 4.6589464E+001, 4.6518731E+001, 0.0000000E+000, 6.7043902E-003, 0.0000000E+000, 0.0000000E+000
 6.6031578E+001, 1.1065632E+002, 0.0000000E+000,-3.3734431E+001,-2.5814868E+001,-7.2814654E+000, 1.5669394E-002, 0.0000000E+000, 0.0000000E+000, 4.4252543E+001, 4.3841227E+001, 0.0000000E+000, 6.8065041E-003, 0.0000000E+000, 0.0000000E+000
 6.6307976E+001, 1.1173687E+002, 0.0000000E+000,-3.5110634E+001,-2.7142365E+001,-7.4729638E+000, 1.5959655E-002, 0.0000000E+000, 0.0000000E+000, 4.2111309E+001, 4.2026866E+001, 0.0000000E+000, 6.8975610E-003, 0.0000000E+000, 0.0000000E+000
 6.6674202E+001, 1.1275366E+002, 0.0000000E+000,-3.6438936E+001,-2.6917603E+001,-7.7178678E+000, 1.6111960E-002, 0.0000000E+000, 0.0000000E+000, 4.1689390E+001, 4.1695368E+001, 0.0000000E+000, 6.9998466E-003, 0.0000000E+000, 0.0000000E+000
 6.6902229E+001, 1.1485598E+002, 0.0000000E+000,-3.6524797E+001,-2.7312559E+001,-7.9233591E+000, 1.6189408E-002, 0.0000000E+000, 0.0000000E+000, 4.2542763E+001, 4.3111454E+001, 0.0000000E+000, 7.1024390E-003, 0.0000000E+000, 0.0000000E+000
 6.7247261E+001, 1.1774172E+002, 0.0000000E+000,-3.7295545E+001,-2.7325015E+001,-8.0361017E+000, 1.6402770E-002, 0.0000000E+000, 0.0000000E+000, 4.4745038E+001, 4.5101460E+001, 0.0000000E+000, 7.1896403E-003, 0.0000000E+000, 0.0000000E+000
 6.7550743E+001, 1.2011719E+002, 0.0000000E+000,-3.7097310E+001,-2.5582904E+001,-8.1573153E+000, 1.6760414E-002, 0.0000000E+000, 0.0000000E+000, 4.8623617E+001, 4.9296424E+001, 0.0000000E+000, 7.2956868E-003, 0.0000000E+000, 0.0000000E+000
 6.7849823E+001, 1.1996713E+002, 0.0000000E+000,-3.7438364E+001,-2.3400208E+001,-8.2687733E+000, 1.6938561E-002, 0.0000000E+000, 0.0000000E+000, 5.1264859E+001, 5.0876723E+001, 0.0000000E+000, 7.3931009E-003, 0.0000000E+000, 0.0000000E+000
 6.8148033E+001, 1.2193075E+002, 0.0000000E+000,-3.6804237E+001,-2.2033136E+001,-8.3730143E+000, 1.7256507E-002, 0.0000000E+000, 0.0000000E+000, 5.3957064E+001, 5.4737622E+001, 0.0000000E+000, 7.4900813E-003, 0.0000000E+000, 0.0000000E+000
 6.8446236E+001, 1.2327841E+002, 0.0000000E+000,-3.8106851E+001,-2.1523889E+001,-8.6961216E+000, 1.7553441E-002, 0.0000000E+000, 0.0000000E+000, 5.5010693E+001, 5.4969107E+001, 0.0000000E+000, 7.5863415E-003, 0.0000000E+000, 0.0000000E+000
 6.8762329E+001, 1.2428640E+002, 0.0000000E+000,-3.9386625E+001,-2.2773892E+001,-8.9536649E+000, 1.7779740E-002, 0.0000000E+000, 0.0000000E+000, 5.3279485E+001, 5.3189997E+001, 0.0000000E+000, 7.6863323E-003, 0.0000000E+000, 0.0000000E+000
 6.9024750E+001, 1.2593198E+002, 0.0000000E+000,-3.9041186E+001,-2.3273716E+001,-8.9894689E+000, 1.7987873E-002, 0.0000000E+000, 0.0000000E+000, 5.4387934E+001, 5.4645596E+001, 0.0000000E+000, 7.7821138E-003, 0.0000000E+000, 0.0000000E+000
 6.9352768E+001, 1.2793207E+002, 0.0000000E+000,-3.9323392E+001,-2.3137071E+001,-9.0027798E+000, 1.8145727E-002, 0.0000000E+000, 0.0000000E+000, 5.6139579E+001, 5.6486972E+001, 0.0000000E+000, 7.8777236E-003, 0.0000000E+000, 0.0000000E+000
 6.9654671E+001, 1.3062445E+002, 0.0000000E+000,-3.9183524E+001,-2.2870473E+001,-9.1255492E+000, 1.8375325E-002, 0.0000000E+000, 0.0000000E+000, 5.8948112E+001, 5.9463283E+001, 0.0000000E+000, 7.9773858E-003, 0.0000000E+000, 0.0000000E+000
 6.9939148E+001, 1.3258568E+002, 0.0000000E+000,-4.0536669E+001,-2.2246963E+001,-9.2694338E+000, 1.8553441E-002, 0.0000000E+000, 0.0000000E+000, 6.0750406E+001, 6.0551163E+001, 0.0000000E+000, 8.0728455E-003, 0.0000000E+000, 0.0000000E+000
 7.0223625E+001, 1.3283643E+002, 0.0000000E+000,-4.0809920E+001,-2.1978230E+001,-9.3935597E+000, 1.8838087E-002, 0.0000000E+000, 0.0000000E+000, 6.0799612E+001, 6.0673555E+001, 0.0000000E+000, 8.1665041E-003, 0.0000000E+000, 0.0000000E+000
 7.0508102E+001, 1.3387579E+002, 0.0000000E+000,-4.2056948E+001,-2.3446047E+001,-9.5208234E+000, 1.9104569E-002, 0.0000000E+000, 0.0000000E+000, 5.8816062E+001, 5.8871081E+001, 0.0000000E+000, 8.2575610E-003, 0.0000000E+000, 0.0000000E+000
 7.0849480E+001, 1.3591366E+002, 0.0000000E+000,-4.2428610E+001,-2.6238766E+001,-9.6967949E+000, 1.8996555E-002, 0.0000000E+000, 0.0000000E+000, 5.7766402E+001, 5.7568484E+001, 0.0000000E+000, 8.3598916E-003, 0.0000000E+000, 0.0000000E+000
 7.1133957E+001, 1.3746593E+002, 0.0000000E+000,-4.2729562E+001,-2.8011727E+001,-9.8281008E+000, 1.9439673E-002, 0.0000000E+000, 0.0000000E+000, 5.6755272E+001, 5.6915978E+001, 0.0000000E+000, 8.4630894E-003, 0.0000000E+000, 0.0000000E+000
 7.1418434E+001, 1.3926426E+002, 0.0000000E+000,-4.3741411E+001,-2.8279049E+001,-9.9339660E+000, 1.9460892E-002, 0.0000000E+000, 0.0000000E+000, 5.6999863E+001, 5.7329294E+001, 0.0000000E+000, 8.5541463E-003, 0.0000000E+000, 0.0000000E+000
 7.1725670E+001, 1.3976251E+002, 0.0000000E+000,-4.2409642E+001,-2.7738173E+001,-1.0037223E+001, 1.9788342E-002, 0.0000000E+000, 0.0000000E+000, 5.9614462E+001, 5.9597256E+001, 0.0000000E+000, 8.6511292E-003, 0.0000000E+000, 0.0000000E+000
 7.2038597E+001, 1.4174192E+002, 0.0000000E+000,-4.3949715E+001,-2.7043294E+001,-1.0223763E+001, 1.9941087E-002, 0.0000000E+000, 0.0000000E+000, 6.0495662E+001, 6.0545090E+001, 0.0000000E+000, 8.7518699E-003, 0.0000000E+000, 0.0000000E+000
 7.2351524E+001, 1.4378599E+002, 0.0000000E+000,-4.4509677E+001,-2.6249826E+001,-1.0465124E+001, 2.0065361E-002, 0.0000000E+000, 0.0000000E+000, 6.2090218E+001, 6.2581426E+001, 0.0000000E+000, 8.8559350E-003, 0.0000000E+000, 0.0000000E+000
 7.2601868E+001, 1.4551576E+002, 0.0000000E+000,-4.5444714E+001,-2.4803335E+001,-1.0760765E+001, 2.0487528E-002, 0.0000000E+000, 0.0000000E+000, 6.4408556E+001, 6.4527430E+001, 0.0000000E+000, 8.9430894E-003, 0.0000000E+000, 0.0000000E+000
 7.2914795E+001, 1.4705487E+002, 0.0000000E+000,-4.3989583E+001,-2.2753189E+001,-1.1007418E+001, 2.0840711E-002, 0.0000000E+000, 0.0000000E+000, 6.8531055E+001, 6.9325519E+001, 0.0000000E+000, 9.0380488E-003, 0.0000000E+000, 0.0000000E+000
 7.3202591E+001, 1.5019133E+002, 0.0000000E+000,-4.6393970E+001,-2.0898746E+001,-1.1195556E+001, 2.1036819E-002, 0.0000000E+000, 0.0000000E+000, 7.1660999E+001, 7.1724096E+001, 0.0000000E+000, 9.1345254E-003, 0.0000000E+000, 0.0000000E+000
 7.3522720E+001, 1.5258525E+002, 0.0000000E+000,-4.6589179E+001,-1.9445082E+001,-1.1378410E+001, 2.1175719E-002, 0.0000000E+000, 0.0000000E+000, 7.4602556E+001, 7.5193759E+001, 0.0000000E+000, 9.2325203E-003, 0.0000000E+000, 0.0000000E+000
 7.3808838E+001, 1.5169253E+002, 0.0000000E+000,-4.4784724E+001,-1.8414763E+001,-1.1487370E+001, 2.1283814E-002, 0.0000000E+000, 0.0000000E+000, 7.7472971E+001, 7.7026952E+001, 0.0000000E+000, 9.3305816E-003, 0.0000000E+000, 0.0000000E+000
 7.4151642E+001, 1.5302746E+002, 0.0000000E+000,-4.5692102E+001,-1.8803119E+001,-1.1624102E+001, 2.1649978E-002, 0.0000000E+000, 0.0000000E+000, 7.6518112E+001, 7.6929788E+001, 0.0000000E+000, 9.4336861E-003, 0.0000000E+000, 0.0000000E+000
 7.4442390E+001, 1.5470863E+002, 0.0000000E+000,-4.7170006E+001,-2.2019249E+001,-1.1767480E+001, 2.1897346E-002, 0.0000000E+000, 0.0000000E+000, 7.5544155E+001, 7.3773796E+001, 0.0000000E+000, 9.5343101E-003, 0.0000000E+000, 0.0000000E+000
 7.4702499E+001, 1.5516101E+002, 0.0000000E+000,-5.0114853E+001,-2.7596964E+001,-1.1907978E+001, 2.2176624E-002, 0.0000000E+000, 0.0000000E+000, 6.6079626E+001, 6.5563396E+001, 0.0000000E+000, 9.6292683E-003, 0.0000000E+000, 0.0000000E+000
 7.5027641E+001, 1.5717966E+002, 0.0000000E+000,-5.0631009E+001,-3.0931689E+001,-1.1983139E+001, 2.2430988E-002, 0.0000000E+000, 0.0000000E+000, 6.3398723E+001, 6.3656251E+001, 0.0000000E+000, 9.7222764E-003, 0.0000000E+000, 0.0000000E+000
 7.5352783E+001, 1.6016147E+002, 0.0000000E+000,-5.0983227E+001,-3.6859137E+001,-1.1985575E+001, 2.2499747E-002, 0.0000000E+000, 0.0000000E+000, 6.0973969E+001, 6.0356035E+001, 0.0000000E+000, 9.8289431E-003, 0.0000000E+000, 0.0000000E+000
 7.5612900E+001, 1.6023274E+002, 0.0000000E+000,-5.0633221E+001,-4.1227226E+001,-1.2036319E+001, 2.2532220E-002, 0.0000000E+000, 0.0000000E+000, 5.6433168E+001, 5.6358511E+001, 0.0000000E+000, 9.9219512E-003, 0.0000000E+000, 0.0000000E+000
 7.5913696E+001, 1.6400471E+002, 0.0000000E+000,-5.1042345E+001,-4.1675162E+001,-1.2282674E+001, 2.2826674E-002, 0.0000000E+000, 0.0000000E+000, 5.8541374E+001, 5.9027355E+001, 0.0000000E+000, 1.0014857E-002, 0.0000000E+000, 0.0000000E+000
 7.6255180E+001, 1.6550776E+002, 0.0000000E+000,-5.2165910E+001,-3.9504865E+001,-1.2706176E+001, 2.2993322E-002, 0.0000000E+000, 0.0000000E+000, 6.1162927E+001, 6.1153804E+001, 0.0000000E+000, 1.0118157E-002, 0.0000000E+000, 0.0000000E+000
 7.6539757E+001, 1.6665414E+002, 0.0000000E+000,-4.9296988E+001,-3.7583708E+001,-1.3377919E+001, 2.2837172E-002, 0.0000000E+000, 0.0000000E+000, 6.6084005E+001, 6.6418366E+001, 0.0000000E+000, 1.0219187E-002, 0.0000000E+000, 0.0000000E+000
 7.6824333E+001, 1.6798242E+002, 0.0000000E+000,-5.0813240E+001,-3.5833173E+001,-1.3597929E+001, 2.2883654E-002, 0.0000000E+000, 0.0000000E+000, 6.8364776E+001, 6.7760957E+001, 0.0000000E+000, 1.0312846E-002, 0.0000000E+000, 0.0000000E+000
 7.7108902E+001, 1.6940049E+002, 0.0000000E+000,-5.2811247E+001,-3.3945505E+001,-1.3712120E+001, 2.3212411E-002, 0.0000000E+000, 0.0000000E+000, 6.9132947E+001, 6.8954830E+001, 0.0000000E+000, 1.0403902E-002, 0.0000000E+000, 0.0000000E+000
 7.7450394E+001, 1.7114592E+002, 0.0000000E+000,-5.3475730E+001,-3.2591363E+001,-1.3688890E+001, 2.3527996E-002, 0.0000000E+000, 0.0000000E+000, 7.1816706E+001, 7.1413464E+001, 0.0000000E+000, 1.0506233E-002, 0.0000000E+000, 0.0000000E+000
 7.7734962E+001, 1.7264192E+002, 0.0000000E+000,-5.4896073E+001,-3.3154482E+001,-1.3486081E+001, 2.4025041E-002, 0.0000000E+000, 0.0000000E+000, 7.1176519E+001, 7.1129310E+001, 0.0000000E+000, 1.0609431E-002, 0.0000000E+000, 0.0000000E+000
 7.8019539E+001, 1.7446053E+002, 0.0000000E+000,-5.5662242E+001,-3.6662483E+001,-1.3432574E+001, 2.4334616E-002, 0.0000000E+000, 0.0000000E+000, 6.8912243E+001, 6.8727563E+001, 0.0000000E+000, 1.0700488E-002, 0.0000000E+000, 0.0000000E+000
 7.8304108E+001, 1.7615220E+002, 0.0000000E+000,-5.4875306E+001,-3.5341311E+001,-1.3416331E+001, 2.4504150E-002, 0.0000000E+000, 0.0000000E+000, 7.2101627E+001, 7.2543761E+001, 0.0000000E+000, 1.0794146E-002, 0.0000000E+000, 0.0000000E+000
 7.8645599E+001, 1.7743373E+002, 0.0000000E+000,-5.5187909E+001,-3.2259562E+001,-1.3358491E+001, 2.4768577E-002, 0.0000000E+000, 0.0000000E+000, 7.6294174E+001, 7.6652532E+001, 0.0000000E+000, 1.0894309E-002, 0.0000000E+000, 0.0000000E+000
 7.8930168E+001, 1.7883995E+002, 0.0000000E+000,-5.4651891E+001,-3.0709402E+001,-1.3333647E+001, 2.4530183E-002, 0.0000000E+000, 0.0000000E+000, 8.0480815E+001, 8.0169539E+001, 0.0000000E+000, 1.0997073E-002, 0.0000000E+000, 0.0000000E+000
 7.9241425E+001, 1.8203743E+002, 0.0000000E+000,-5.6956709E+001,-3.0412595E+001,-1.3630753E+001, 2.4696237E-002, 0.0000000E+000, 0.0000000E+000, 8.1197542E+001, 8.1062074E+001, 0.0000000E+000, 1.1093051E-002, 0.0000000E+000, 0.0000000E+000
 7.9546631E+001, 1.8271243E+002, 0.0000000E+000,-5.8510535E+001,-3.0492029E+001,-1.4116002E+001, 2.5241637E-002, 0.0000000E+000, 0.0000000E+000, 7.9585004E+001, 7.9619103E+001, 0.0000000E+000, 1.1193496E-002, 0.0000000E+000, 0.0000000E+000
 7.9800972E+001, 1.8400139E+002, 0.0000000E+000,-5.8594469E+001,-3.0661692E+001,-1.4575389E+001, 2.5145444E-002, 0.0000000E+000, 0.0000000E+000, 8.0485145E+001, 8.0194988E+001, 0.0000000E+000, 1.1283252E-002, 0.0000000E+000, 0.0000000E+000
 8.0106178E+001, 1.8551244E+002, 0.0000000E+000,-6.0308848E+001,-3.0328707E+001,-1.4769257E+001, 2.5493335E-002, 0.0000000E+000, 0.0000000E+000, 8.0647721E+001, 8.0131119E+001, 0.0000000E+000, 1.1375610E-002, 0.0000000E+000, 0.0000000E+000
 8.0411392E+001, 1.8693824E+002, 0.0000000E+000,-6.0753820E+001,-2.9435747E+001,-1.4869585E+001, 2.5925834E-002, 0.0000000E+000, 0.0000000E+000, 8.1472685E+001, 8.1905013E+001, 0.0000000E+000, 1.1473171E-002, 0.0000000E+000, 0.0000000E+000
 8.0742027E+001, 1.8770058E+002, 0.0000000E+000,-5.9965201E+001,-2.9607534E+001,-1.5014777E+001, 2.6252679E-002, 0.0000000E+000, 0.0000000E+000, 8.3116697E+001, 8.3139317E+001, 0.0000000E+000, 1.1580038E-002, 0.0000000E+000, 0.0000000E+000
 8.1048615E+001, 1.9159848E+002, 0.0000000E+000,-5.8156460E+001,-3.0241683E+001,-1.5294488E+001, 2.6152170E-002, 0.0000000E+000, 0.0000000E+000, 8.7642944E+001, 8.7931998E+001, 0.0000000E+000, 1.1681820E-002, 0.0000000E+000, 0.0000000E+000
 8.1340622E+001, 1.9271667E+002, 0.0000000E+000,-5.7086801E+001,-3.0360680E+001,-1.5437737E+001, 2.6318411E-002, 0.0000000E+000, 0.0000000E+000, 8.9990900E+001, 8.9857767E+001, 0.0000000E+000, 1.1778862E-002, 0.0000000E+000, 0.0000000E+000
 8.1632637E+001, 1.9371246E+002, 0.0000000E+000,-5.7570220E+001,-3.0421881E+001,-1.5557653E+001, 2.6664902E-002, 0.0000000E+000, 0.0000000E+000, 9.0524040E+001, 9.0189371E+001, 0.0000000E+000, 1.1874255E-002, 0.0000000E+000, 0.0000000E+000
 8.1924644E+001, 1.9511753E+002, 0.0000000E+000,-5.8090608E+001,-3.0846461E+001,-1.5676325E+001, 2.6666012E-002, 0.0000000E+000, 0.0000000E+000, 9.1025092E+001, 9.0530803E+001, 0.0000000E+000, 1.1967480E-002, 0.0000000E+000, 0.0000000E+000
 8.2216660E+001, 1.9669570E+002, 0.0000000E+000,-6.2085947E+001,-3.1832407E+001,-1.5824406E+001, 2.6746236E-002, 0.0000000E+000, 0.0000000E+000, 8.7820556E+001, 8.6979686E+001, 0.0000000E+000, 1.2062873E-002, 0.0000000E+000, 0.0000000E+000
 8.2508667E+001, 1.9816460E+002, 0.0000000E+000,-6.2677130E+001,-3.3626775E+001,-1.6078929E+001, 2.7116528E-002, 0.0000000E+000, 0.0000000E+000, 8.5870795E+001, 8.5808878E+001, 0.0000000E+000, 1.2160434E-002, 0.0000000E+000, 0.0000000E+000
 8.2800682E+001, 1.9998952E+002, 0.0000000E+000,-6.3507000E+001,-3.6430728E+001,-1.6125043E+001, 2.7549422E-002, 0.0000000E+000, 0.0000000E+000, 8.4238459E+001, 8.3954299E+001, 0.0000000E+000, 1.2253659E-002, 0.0000000E+000, 0.0000000E+000
 8.3141357E+001, 2.0097423E+002, 0.0000000E+000,-6.2575401E+001,-3.8206351E+001,-1.6191287E+001, 2.8093190E-002, 0.0000000E+000, 0.0000000E+000, 8.3867278E+001, 8.4029281E+001, 0.0000000E+000, 1.2355865E-002, 0.0000000E+000, 0.0000000E+000
 8.3438240E+001, 2.0314866E+002, 0.0000000E+000,-6.1187937E+001,-3.8585952E+001,-1.6435112E+001, 2.8303945E-002, 0.0000000E+000, 0.0000000E+000, 8.7250765E+001, 8.6967962E+001, 0.0000000E+000, 1.2460296E-002, 0.0000000E+000, 0.0000000E+000
 8.3705917E+001, 2.0386861E+002, 0.0000000E+000,-6.2046231E+001,-3.9063562E+001,-1.6658782E+001, 2.8381880E-002, 0.0000000E+000, 0.0000000E+000, 8.5950903E+001, 8.6128415E+001, 0.0000000E+000, 1.2552846E-002, 0.0000000E+000, 0.0000000E+000
 8.4027130E+001, 2.0616881E+002, 0.0000000E+000,-6.1516418E+001,-4.1307451E+001,-1.6959382E+001, 2.8406645E-002, 0.0000000E+000, 0.0000000E+000, 8.6775987E+001, 8.6413965E+001, 0.0000000E+000, 1.2648238E-002, 0.0000000E+000, 0.0000000E+000
 8.4348343E+001, 2.0766414E+002, 0.0000000E+000,-6.2307833E+001,-4.5266964E+001,-1.7228655E+001, 2.8552261E-002, 0.0000000E+000, 0.0000000E+000, 8.3624313E+001, 8.2889245E+001, 0.0000000E+000, 1.2752304E-002, 0.0000000E+000, 0.0000000E+000
 8.4616020E+001, 2.0920660E+002, 0.0000000E+000,-6.6783463E+001,-4.8884106E+001,-1.7496548E+001, 2.8945806E-002, 0.0000000E+000, 0.0000000E+000, 7.7471477E+001, 7.6071428E+001, 0.0000000E+000, 1.2846829E-002, 0.0000000E+000, 0.0000000E+000
 8.4905106E+001, 2.1035855E+002, 0.0000000E+000,-6.7611131E+001,-5.4078751E+001,-1.7668293E+001, 2.9469902E-002, 0.0000000E+000, 0.0000000E+000, 7.1746110E+001, 7.1029846E+001, 0.0000000E+000, 1.2941162E-002, 0.0000000E+000, 0.0000000E+000
 8.5258446E+001, 2.1239187E+002, 0.0000000E+000,-6.7448782E+001,-5.7200039E+001,-1.7837316E+001, 2.9542537E-002, 0.0000000E+000, 0.0000000E+000, 6.9767292E+001, 6.9935277E+001, 0.0000000E+000, 1.3044986E-002, 0.0000000E+000, 0.0000000E+000
 8.5512527E+001, 2.1895022E+002, 0.0000000E+000,-6.6021628E+001,-5.6473825E+001,-1.7604304E+001, 2.9528173E-002, 0.0000000E+000, 0.0000000E+000, 7.8297955E+001, 7.8879996E+001, 0.0000000E+000, 1.3143415E-002, 0.0000000E+000, 0.0000000E+000
 8.5802010E+001, 2.1940106E+002, 0.0000000E+000,-6.5808811E+001,-5.5327028E+001,-1.7575857E+001, 2.9524177E-002, 0.0000000E+000, 0.0000000E+000, 8.0784231E+001, 8.0718887E+001, 0.0000000E+000, 1.3230166E-002, 0.0000000E+000, 0.0000000E+000
 8.6121750E+001, 2.2072011E+002, 0.0000000E+000,-6.6903016E+001,-5.3991862E+001,-1.7731828E+001, 2.9867729E-002, 0.0000000E+000, 0.0000000E+000, 8.2754868E+001, 8.2123273E+001, 0.0000000E+000, 1.3327758E-002, 0.0000000E+000, 0.0000000E+000
 8.6441490E+001, 2.2013831E+002, 0.0000000E+000,-6.8456208E+001,-5.0747262E+001,-1.8590527E+001, 3.0421077E-002, 0.0000000E+000, 0.0000000E+000, 8.2665277E+001, 8.2374731E+001, 0.0000000E+000, 1.3431823E-002, 0.0000000E+000, 0.0000000E+000
 8.6739311E+001, 2.2057071E+002, 0.0000000E+000,-6.9914622E+001,-4.7173068E+001,-1.8990423E+001, 3.1076338E-002, 0.0000000E+000, 0.0000000E+000, 8.5444276E+001, 8.4523669E+001, 0.0000000E+000, 1.3530750E-002, 0.0000000E+000, 0.0000000E+000
 8.7015656E+001, 2.1878992E+002, 0.0000000E+000,-6.8382686E+001,-4.5330106E+001,-1.9136555E+001, 3.1207794E-002, 0.0000000E+000, 0.0000000E+000, 8.5453269E+001, 8.5971784E+001, 0.0000000E+000, 1.3627317E-002, 0.0000000E+000, 0.0000000E+000
 8.7347267E+001, 2.2125379E+002, 0.0000000E+000,-6.7825568E+001,-4.3782321E+001,-1.9156585E+001, 3.1299466E-002, 0.0000000E+000, 0.0000000E+000, 9.0317431E+001, 9.0520618E+001, 0.0000000E+000, 1.3727913E-002, 0.0000000E+000, 0.0000000E+000
 8.7623619E+001, 2.2482091E+002, 0.0000000E+000,-6.6627675E+001,-4.0508670E+001,-1.9107084E+001, 3.1367949E-002, 0.0000000E+000, 0.0000000E+000, 9.8403714E+001, 9.8608850E+001, 0.0000000E+000, 1.3825041E-002, 0.0000000E+000, 0.0000000E+000
 8.7949669E+001, 2.2581515E+002, 0.0000000E+000,-6.9472090E+001,-3.6906107E+001,-1.9248250E+001, 3.1132394E-002, 0.0000000E+000, 0.0000000E+000, 1.0016753E+002, 1.0021984E+002, 0.0000000E+000, 1.3922221E-002, 0.0000000E+000, 0.0000000E+000
 8.8203156E+001, 2.2776466E+002, 0.0000000E+000,-7.1328068E+001,-3.4875483E+001,-1.9754946E+001, 3.1308000E-002, 0.0000000E+000, 0.0000000E+000, 1.0273829E+002, 1.0183747E+002, 0.0000000E+000, 1.4015623E-002, 0.0000000E+000, 0.0000000E+000
 8.8531204E+001, 2.2920639E+002, 0.0000000E+000,-7.1967666E+001,-3.5809027E+001,-2.0603607E+001, 3.1578954E-002, 0.0000000E+000, 0.0000000E+000, 1.0216733E+002, 1.0085766E+002, 0.0000000E+000, 1.4111653E-002, 0.0000000E+000, 0.0000000E+000
 8.8842285E+001, 2.3346163E+002, 0.0000000E+000,-7.4898517E+001,-3.9016443E+001,-2.1073005E+001, 3.1817593E-002, 0.0000000E+000, 0.0000000E+000, 9.8862338E+001, 9.8505487E+001, 0.0000000E+000, 1.4216467E-002, 0.0000000E+000, 0.0000000E+000
 8.9136406E+001, 2.3424151E+002, 0.0000000E+000,-7.5956025E+001,-4.2466559E+001,-2.1016029E+001, 3.2245872E-002, 0.0000000E+000, 0.0000000E+000, 9.6204962E+001, 9.4835141E+001, 0.0000000E+000, 1.4313279E-002, 0.0000000E+000, 0.0000000E+000
 8.9430527E+001, 2.3448996E+002, 0.0000000E+000,-7.3854646E+001,-4.5970409E+001,-2.0835208E+001, 3.2308605E-002, 0.0000000E+000, 0.0000000E+000, 9.3526459E+001, 9.3862006E+001, 0.0000000E+000, 1.4410840E-002, 0.0000000E+000, 0.0000000E+000
 8.9724640E+001, 2.3719420E+002, 0.0000000E+000,-7.2985080E+001,-4.9609258E+001,-2.0865119E+001, 3.2601621E-002, 0.0000000E+000, 0.0000000E+000, 9.4619288E+001, 9.3767347E+001, 0.0000000E+000, 1.4504065E-002, 0.0000000E+000, 0.0000000E+000
 9.0018761E+001, 2.3787509E+002, 0.0000000E+000,-7.6168864E+001,-5.2417931E+001,-2.1030839E+001, 3.2644838E-002, 0.0000000E+000, 0.0000000E+000, 8.9161150E+001, 8.8290103E+001, 0.0000000E+000, 1.4599458E-002, 0.0000000E+000, 0.0000000E+000
 9.0337387E+001, 2.3806037E+002, 0.0000000E+000,-7.8302629E+001,-5.5118348E+001,-2.1318041E+001, 3.2838521E-002, 0.0000000E+000, 0.0000000E+000, 8.4072457E+001, 8.3354191E+001, 0.0000000E+000, 1.4699787E-002, 0.0000000E+000, 0.0000000E+000
 9.0606995E+001, 2.4098842E+002, 0.0000000E+000,-7.7362965E+001,-5.9892767E+001,-2.1530585E+001, 3.2992298E-002, 0.0000000E+000, 0.0000000E+000, 8.2226708E+001, 8.2235097E+001, 0.0000000E+000, 1.4795447E-002, 0.0000000E+000, 0.0000000E+000
 9.0906754E+001, 2.4489584E+002, 0.0000000E+000,-7.7130329E+001,-6.7346948E+001,-2.1685639E+001, 3.2336702E-002, 0.0000000E+000, 0.0000000E+000, 7.9136403E+001, 7.8765265E+001, 0.0000000E+000, 1.4888855E-002, 0.0000000E+000, 0.0000000E+000
 9.1242607E+001, 2.4630622E+002, 0.0000000E+000,-7.6355471E+001,-7.3506793E+001,-2.1985396E+001, 3.3183006E-002, 0.0000000E+000, 0.0000000E+000, 7.4563191E+001, 7.4491738E+001, 0.0000000E+000, 1.4990941E-002, 0.0000000E+000, 0.0000000E+000
 9.1508804E+001, 2.4705519E+002, 0.0000000E+000,-7.6081511E+001,-7.3045138E+001,-2.2507681E+001, 3.3767437E-002, 0.0000000E+000, 0.0000000E+000, 7.5747803E+001, 7.5454631E+001, 0.0000000E+000, 1.5090186E-002, 0.0000000E+000, 0.0000000E+000
 9.1810974E+001, 2.4775971E+002, 0.0000000E+000,-7.7524211E+001,-7.0124475E+001,-2.3060222E+001, 3.3854251E-002, 0.0000000E+000, 0.0000000E+000, 7.7704950E+001, 7.7084657E+001, 0.0000000E+000, 1.5181037E-002, 0.0000000E+000, 0.0000000E+000
 9.2115280E+001, 2.4726865E+002, 0.0000000E+000,-8.1812037E+001,-6.6711475E+001,-2.3114118E+001, 3.3942701E-002, 0.0000000E+000, 0.0000000E+000, 7.5242549E+001, 7.5664959E+001, 0.0000000E+000, 1.5280951E-002, 0.0000000E+000, 0.0000000E+000
 9.2407112E+001, 2.5223464E+002, 0.0000000E+000,-8.2388496E+001,-6.4833204E+001,-2.2944902E+001, 3.4112977E-002, 0.0000000E+000, 0.0000000E+000, 8.1728405E+001, 8.2102150E+001, 0.0000000E+000, 1.5376377E-002, 0.0000000E+000, 0.0000000E+000
 9.2727592E+001, 2.5360011E+002, 0.0000000E+000,-8.0261705E+001,-6.4989199E+001,-2.2798550E+001, 3.4432586E-002, 0.0000000E+000, 0.0000000E+000, 8.5092726E+001, 8.5585084E+001, 0.0000000E+000, 1.5475958E-002, 0.0000000E+000, 0.0000000E+000
 9.3002281E+001, 2.5583182E+002, 0.0000000E+000,-7.8688827E+001,-6.5920800E+001,-2.3460227E+001, 3.4702463E-002, 0.0000000E+000, 0.0000000E+000, 8.8156853E+001, 8.7796667E+001, 0.0000000E+000, 1.5572900E-002, 0.0000000E+000, 0.0000000E+000
 9.3322754E+001, 2.5800289E+002, 0.0000000E+000,-8.2367587E+001,-6.6114895E+001,-2.4070697E+001, 3.5041540E-002, 0.0000000E+000, 0.0000000E+000, 8.5730053E+001, 8.5484756E+001, 0.0000000E+000, 1.5669222E-002, 0.0000000E+000, 0.0000000E+000
 9.3643234E+001, 2.5868693E+002, 0.0000000E+000,-8.1342711E+001,-6.8576119E+001,-2.4297619E+001, 3.5626808E-002, 0.0000000E+000, 0.0000000E+000, 8.5286239E+001, 8.4506112E+001, 0.0000000E+000, 1.5775145E-002, 0.0000000E+000, 0.0000000E+000
 9.3945396E+001, 2.5619425E+002, 0.0000000E+000,-8.0741487E+001,-7.0499199E+001,-2.4352817E+001, 3.5922008E-002, 0.0000000E+000, 0.0000000E+000, 8.0734281E+001, 8.0636673E+001, 0.0000000E+000, 1.5876423E-002, 0.0000000E+000, 0.0000000E+000
 9.4247559E+001, 2.5868493E+002, 0.0000000E+000,-7.6724857E+001,-7.0175711E+001,-2.4323375E+001, 3.5528509E-002, 0.0000000E+000, 0.0000000E+000, 8.7095746E+001, 8.7496520E+001, 0.0000000E+000, 1.5973984E-002, 0.0000000E+000, 0.0000000E+000
 9.4549721E+001, 2.6347340E+002, 0.0000000E+000,-7.8481511E+001,-6.9624540E+001,-2.4530302E+001, 3.6020217E-002, 0.0000000E+000, 0.0000000E+000, 9.1160360E+001, 9.0873064E+001, 0.0000000E+000, 1.6071545E-002, 0.0000000E+000, 0.0000000E+000
 9.4801521E+001, 2.6388779E+002, 0.0000000E+000,-7.7657949E+001,-6.9051013E+001,-2.4661241E+001, 3.6154166E-002, 0.0000000E+000, 0.0000000E+000, 9.2426690E+001, 9.2553742E+001, 0.0000000E+000, 1.6163902E-002, 0.0000000E+000, 0.0000000E+000
 9.5103683E+001, 2.6422839E+002, 0.0000000E+000,-8.2951183E+001,-6.8108750E+001,-2.4631637E+001, 3.6485910E-002, 0.0000000E+000, 0.0000000E+000, 9.0448235E+001, 8.8573306E+001, 0.0000000E+000, 1.6253659E-002, 0.0000000E+000, 0.0000000E+000
 9.5437546E+001, 2.6668528E+002, 0.0000000E+000,-8.4862948E+001,-6.7699427E+001,-2.4457490E+001, 3.6742585E-002, 0.0000000E+000, 0.0000000E+000, 8.9525501E+001, 8.9702157E+001, 0.0000000E+000, 1.6355502E-002, 0.0000000E+000, 0.0000000E+000
 9.5734543E+001, 2.6935825E+002, 0.0000000E+000,-8.5296399E+001,-7.0075140E+001,-2.4396081E+001, 3.6792554E-002, 0.0000000E+000, 0.0000000E+000, 8.9734478E+001, 8.9627425E+001, 0.0000000E+000, 1.6457453E-002, 0.0000000E+000, 0.0000000E+000
 9.6031540E+001, 2.6986179E+002, 0.0000000E+000,-8.4318890E+001,-7.1478212E+001,-2.4704990E+001, 3.7055690E-002, 0.0000000E+000, 0.0000000E+000, 8.9568460E+001, 8.9396751E+001, 0.0000000E+000, 1.6557182E-002, 0.0000000E+000, 0.0000000E+000
 9.6315529E+001, 2.7334093E+002, 0.0000000E+000,-8.5028580E+001,-7.2341106E+001,-2.5281586E+001, 3.7091067E-002, 0.0000000E+000, 0.0000000E+000, 9.0207146E+001, 9.0726748E+001, 0.0000000E+000, 1.6651183E-002, 0.0000000E+000, 0.0000000E+000
 9.6633667E+001, 2.7456646E+002, 0.0000000E+000,-8.3840968E+001,-7.6181657E+001,-2.6156622E+001, 3.7592862E-002, 0.0000000E+000, 0.0000000E+000, 9.0466426E+001, 8.8424810E+001, 0.0000000E+000, 1.6746385E-002, 0.0000000E+000, 0.0000000E+000
 9.6926865E+001, 2.7490345E+002, 0.0000000E+000,-8.6060107E+001,-8.0027378E+001,-2.6816160E+001, 3.7280750E-002, 0.0000000E+000, 0.0000000E+000, 8.2261684E+001, 8.2037088E+001, 0.0000000E+000, 1.6846577E-002, 0.0000000E+000, 0.0000000E+000
 9.7207779E+001, 2.7587715E+002, 0.0000000E+000,-8.4318084E+001,-8.1174327E+001,-2.7051305E+001, 3.7629451E-002, 0.0000000E+000, 0.0000000E+000, 8.2725248E+001, 8.3371067E+001, 0.0000000E+000, 1.6939958E-002, 0.0000000E+000, 0.0000000E+000
 9.7505333E+001, 2.7505553E+002, 0.0000000E+000,-8.3694111E+001,-8.1240193E+001,-2.7022424E+001, 3.7480044E-002, 0.0000000E+000, 0.0000000E+000, 8.4359498E+001, 8.3136284E+001, 0.0000000E+000, 1.7036648E-002, 0.0000000E+000, 0.0000000E+000
 9.7803902E+001, 2.7893190E+002, 0.0000000E+000,-8.8535970E+001,-8.1944820E+001,-2.7233912E+001, 3.7688792E-002, 0.0000000E+000, 0.0000000E+000, 8.2106516E+001, 8.1254891E+001, 0.0000000E+000, 1.7132690E-002, 0.0000000E+000, 0.0000000E+000
 9.8133102E+001, 2.8088443E+002, 0.0000000E+000,-9.1664862E+001,-8.4407729E+001,-2.7460408E+001, 3.8115657E-002, 0.0000000E+000, 0.0000000E+000, 7.8102751E+001, 7.7389546E+001, 0.0000000E+000, 1.7233604E-002, 0.0000000E+000, 0.0000000E+000
 9.8438728E+001, 2.8869014E+002, 0.0000000E+000,-9.0323884E+001,-9.0853011E+001,-2.7447120E+001, 3.8686860E-002, 0.0000000E+000, 0.0000000E+000, 8.0387099E+001, 8.0104814E+001, 0.0000000E+000, 1.7338805E-002, 0.0000000E+000, 0.0000000E+000
 9.8729576E+001, 2.8850299E+002, 0.0000000E+000,-9.3696741E+001,-9.6059686E+001,-2.7353398E+001, 3.8500484E-002, 0.0000000E+000, 0.0000000E+000, 7.2755155E+001, 7.1431661E+001, 0.0000000E+000, 1.7433700E-002, 0.0000000E+000, 0.0000000E+000
 9.9005753E+001, 2.8760856E+002, 0.0000000E+000,-9.2229032E+001,-9.7397397E+001,-2.7558663E+001, 3.8693287E-002, 0.0000000E+000, 0.0000000E+000, 6.9846752E+001, 7.0462162E+001, 0.0000000E+000, 1.7526287E-002, 0.0000000E+000, 0.0000000E+000
 9.9327965E+001, 2.9000563E+002, 0.0000000E+000,-9.2136267E+001,-9.7542882E+001,-2.8387238E+001, 3.9694660E-002, 0.0000000E+000, 0.0000000E+000, 7.2972625E+001, 7.1978942E+001, 0.0000000E+000, 1.7622300E-002, 0.0000000E+000, 0.0000000E+000
 9.9617950E+001, 2.9063854E+002, 0.0000000E+000,-9.6414028E+001,-9.6374598E+001,-2.9020679E+001, 3.9911882E-002, 0.0000000E+000, 0.0000000E+000, 7.1190781E+001, 6.8869146E+001, 0.0000000E+000, 1.7722442E-002, 0.0000000E+000, 0.0000000E+000
 9.9921745E+001, 2.8514400E+002, 0.0000000E+000,-1.0011785E+002,-9.4978290E+001,-2.8876892E+001, 4.0623899E-002, 0.0000000E+000, 0.0000000E+000, 6.0945510E+001, 6.1211595E+001, 0.0000000E+000, 1.7821138E-002, 0.0000000E+000, 0.0000000E+000
 1.0022554E+002, 2.9081942E+002, 0.0000000E+000,-9.8144318E+001,-9.3818826E+001,-2.8618227E+001, 4.0505624E-002, 0.0000000E+000, 0.0000000E+000, 6.9532843E+001, 7.0278550E+001, 0.0000000E+000, 1.7918699E-002, 0.0000000E+000, 0.0000000E+000
 1.0053284E+002, 2.9264853E+002, 0.0000000E+000,-9.7256803E+001,-9.2071126E+001,-2.8440456E+001, 4.0234982E-002, 0.0000000E+000, 0.0000000E+000, 7.4567808E+001, 7.4920378E+001, 0.0000000E+000, 1.8018272E-002, 0.0000000E+000, 0.0000000E+000
 1.0080608E+002, 2.9684826E+002, 0.0000000E+000,-9.4831099E+001,-9.0233054E+001,-2.8381815E+001, 4.0384742E-002, 0.0000000E+000, 0.0000000E+000, 8.1756601E+001, 8.3442680E+001, 0.0000000E+000, 1.8112514E-002, 0.0000000E+000, 0.0000000E+000
 1.0112924E+002, 3.0002526E+002, 0.0000000E+000,-9.0511480E+001,-8.9963331E+001,-2.8936687E+001, 4.0470838E-002, 0.0000000E+000, 0.0000000E+000, 9.0529502E+001, 9.0654234E+001, 0.0000000E+000, 1.8203499E-002, 0.0000000E+000, 0.0000000E+000
 1.0141201E+002, 2.9715251E+002, 0.0000000E+000,-9.3423562E+001,-9.2605936E+001,-2.9847276E+001, 4.0558011E-002, 0.0000000E+000, 0.0000000E+000, 8.3568130E+001, 8.1316298E+001, 0.0000000E+000, 1.8303916E-002, 0.0000000E+000, 0.0000000E+000
 1.0173965E+002, 2.9777547E+002, 0.0000000E+000,-9.6566574E+001,-1.0066930E+002,-3.0505083E+001, 4.0580116E-002, 0.0000000E+000, 0.0000000E+000, 7.0072663E+001, 7.0075087E+001, 0.0000000E+000, 1.8404646E-002, 0.0000000E+000, 0.0000000E+000
 1.0203212E+002, 3.0334080E+002, 0.0000000E+000,-9.4950599E+001,-1.0680377E+002,-3.1053930E+001, 4.1263032E-002, 0.0000000E+000, 0.0000000E+000, 7.0750421E+001, 7.0573767E+001, 0.0000000E+000, 1.8510569E-002, 0.0000000E+000, 0.0000000E+000
 1.0230788E+002, 3.0534140E+002, 0.0000000E+000,-9.6701957E+001,-1.0617390E+002,-3.1258374E+001, 4.1857222E-002, 0.0000000E+000, 0.0000000E+000, 7.0667464E+001, 7.1249035E+001, 0.0000000E+000, 1.8599458E-002, 0.0000000E+000, 0.0000000E+000
 1.0262959E+002, 3.0800150E+002, 0.0000000E+000,-9.6690636E+001,-1.0137177E+002,-3.1044353E+001, 4.1811234E-002, 0.0000000E+000, 0.0000000E+000, 7.9014194E+001, 7.8936556E+001, 0.0000000E+000, 1.8696400E-002, 0.0000000E+000, 0.0000000E+000
 1.0290404E+002, 3.0850016E+002, 0.0000000E+000,-9.1216101E+001,-9.5848965E+001,-3.0557204E+001, 4.1770753E-002, 0.0000000E+000, 0.0000000E+000, 8.9568773E+001, 9.0919661E+001, 0.0000000E+000, 1.8795628E-002, 0.0000000E+000, 0.0000000E+000
 1.0322392E+002, 3.0732906E+002, 0.0000000E+000,-9.3617805E+001,-9.2399171E+001,-3.0468125E+001, 4.2049112E-002, 0.0000000E+000, 0.0000000E+000, 9.2536358E+001, 9.0886011E+001, 0.0000000E+000, 1.8890747E-002, 0.0000000E+000, 0.0000000E+000
 1.0351714E+002, 3.0790069E+002, 0.0000000E+000,-9.7826283E+001,-9.4708281E+001,-3.0935090E+001, 4.2356019E-002, 0.0000000E+000, 0.0000000E+000, 8.5083832E+001, 8.4473390E+001, 0.0000000E+000, 1.8991870E-002, 0.0000000E+000, 0.0000000E+000
 1.0381455E+002, 3.1079456E+002, 0.0000000E+000,-9.6550111E+001,-1.0330876E+002,-3.1609979E+001, 4.2527678E-002, 0.0000000E+000, 0.0000000E+000, 8.0380170E+001, 7.9368238E+001, 0.0000000E+000, 1.9083476E-002, 0.0000000E+000, 0.0000000E+000
 1.0413709E+002, 3.1340646E+002, 0.0000000E+000,-9.8742255E+001,-1.1241414E+002,-3.1741558E+001, 4.1789772E-002, 0.0000000E+000, 0.0000000E+000, 7.0973814E+001, 7.0550296E+001, 0.0000000E+000, 1.9186992E-002, 0.0000000E+000, 0.0000000E+000
 1.0440874E+002, 3.1782727E+002, 0.0000000E+000,-1.0225075E+002,-1.1492765E+002,-3.1395509E+001, 4.2236475E-002, 0.0000000E+000, 0.0000000E+000, 7.0020525E+001, 6.9295596E+001, 0.0000000E+000, 1.9283976E-002, 0.0000000E+000, 0.0000000E+000
 1.0473881E+002, 3.1822965E+002, 0.0000000E+000,-1.0286927E+002,-1.1762947E+002,-3.1265626E+001, 4.3082175E-002, 0.0000000E+000, 0.0000000E+000, 6.6760001E+001, 6.6508362E+001, 0.0000000E+000, 1.9375610E-002, 0.0000000E+000, 0.0000000E+000
 1.0503587E+002, 3.1604540E+002, 0.0000000E+000,-9.6363160E+001,-1.1907175E+002,-3.1533918E+001, 4.2956198E-002, 0.0000000E+000, 0.0000000E+000, 6.9235125E+001, 6.9119527E+001, 0.0000000E+000, 1.9487082E-002, 0.0000000E+000, 0.0000000E+000
 1.0530817E+002, 3.2027311E+002, 0.0000000E+000,-9.6961899E+001,-1.1784385E+002,-3.2009342E+001, 4.3685994E-002, 0.0000000E+000, 0.0000000E+000, 7.2032246E+001, 7.3501704E+001, 0.0000000E+000, 1.9575068E-002, 0.0000000E+000, 0.0000000E+000
 1.0564198E+002, 3.2663479E+002, 0.0000000E+000,-1.0146492E+002,-1.1565012E+002,-3.2175371E+001, 4.3278408E-002, 0.0000000E+000, 0.0000000E+000, 7.9774144E+001, 7.7387654E+001, 0.0000000E+000, 1.9674246E-002, 0.0000000E+000, 0.0000000E+000
 1.0591023E+002, 3.1791915E+002, 0.0000000E+000,-1.0720125E+002,-1.1420657E+002,-3.2070532E+001, 4.3358880E-002, 0.0000000E+000, 0.0000000E+000, 6.5602847E+001, 6.4484157E+001, 0.0000000E+000, 1.9772358E-002, 0.0000000E+000, 0.0000000E+000
 1.0620051E+002, 3.2527695E+002, 0.0000000E+000,-1.0592236E+002,-1.1152931E+002,-3.2080372E+001, 4.2946359E-002, 0.0000000E+000, 0.0000000E+000, 7.3992506E+001, 7.5787848E+001, 0.0000000E+000, 1.9862398E-002, 0.0000000E+000, 0.0000000E+000
 1.0654198E+002, 3.2373975E+002, 0.0000000E+000,-1.0271057E+002,-1.0974769E+002,-3.3069902E+001, 4.3538282E-002, 0.0000000E+000, 0.0000000E+000, 8.0029513E+001, 7.8255133E+001, 0.0000000E+000, 1.9963807E-002, 0.0000000E+000, 0.0000000E+000
 1.0682921E+002, 3.2666502E+002, 0.0000000E+000,-1.0614113E+002,-1.1073297E+002,-3.3640385E+001, 4.3219572E-002, 0.0000000E+000, 0.0000000E+000, 7.6414004E+001, 7.6193752E+001, 0.0000000E+000, 2.0069944E-002, 0.0000000E+000, 0.0000000E+000
 1.0714097E+002, 3.3809414E+002, 0.0000000E+000,-1.0381356E+002,-1.1576350E+002,-3.3809277E+001, 4.4458049E-002, 0.0000000E+000, 0.0000000E+000, 8.3227558E+001, 8.4752262E+001, 0.0000000E+000, 2.0162549E-002, 0.0000000E+000, 0.0000000E+000
 1.0743136E+002, 3.3081376E+002, 0.0000000E+000,-1.0237847E+002,-1.2671897E+002,-3.3956784E+001, 4.4969448E-002, 0.0000000E+000, 0.0000000E+000, 7.2477881E+001, 6.7804508E+001, 0.0000000E+000, 2.0266667E-002, 0.0000000E+000, 0.0000000E+000
 1.0772720E+002, 3.2983707E+002, 0.0000000E+000,-1.0189120E+002,-1.3710076E+002,-3.3806813E+001, 4.4542008E-002, 0.0000000E+000, 0.0000000E+000, 5.7378258E+001, 5.7082842E+001, 0.0000000E+000, 2.0356098E-002, 0.0000000E+000, 0.0000000E+000
 1.0803783E+002, 3.3073434E+002, 0.0000000E+000,-1.0441871E+002,-1.4113452E+002,-3.3932620E+001, 4.5018295E-002, 0.0000000E+000, 0.0000000E+000, 5.2144300E+001, 5.1293509E+001, 0.0000000E+000, 2.0456523E-002, 0.0000000E+000, 0.0000000E+000
 1.0830264E+002, 3.3400786E+002, 0.0000000E+000,-1.0999061E+002,-1.4033778E+002,-3.4081664E+001, 4.4970130E-002, 0.0000000E+000, 0.0000000E+000, 5.0511922E+001, 4.9642771E+001, 0.0000000E+000, 2.0550108E-002, 0.0000000E+000, 0.0000000E+000
 1.0863602E+002, 3.3824548E+002, 0.0000000E+000,-1.0928365E+002,-1.4561387E+002,-3.3770877E+001, 4.5794798E-002, 0.0000000E+000, 0.0000000E+000, 4.9365519E+001, 4.9622880E+001, 0.0000000E+000, 2.0648140E-002, 0.0000000E+000, 0.0000000E+000
 1.0892735E+002, 3.4202089E+002, 0.0000000E+000,-1.0799282E+002,-1.5402818E+002,-3.3786002E+001, 4.5576031E-002, 0.0000000E+000, 0.0000000E+000, 4.6922507E+001, 4.6259467E+001, 0.0000000E+000, 2.0746704E-002, 0.0000000E+000, 0.0000000E+000
 1.0923875E+002, 3.4260857E+002, 0.0000000E+000,-1.0623402E+002,-1.5386518E+002,-3.4095097E+001, 4.5065280E-002, 0.0000000E+000, 0.0000000E+000, 4.9193457E+001, 4.8459344E+001, 0.0000000E+000, 2.0845528E-002, 0.0000000E+000, 0.0000000E+000
 1.0951901E+002, 3.3921111E+002, 0.0000000E+000,-1.1087763E+002,-1.5194700E+002,-3.4683399E+001, 4.4805913E-002, 0.0000000E+000, 0.0000000E+000, 4.3598735E+001, 4.1747894E+001, 0.0000000E+000, 2.0943993E-002, 0.0000000E+000, 0.0000000E+000
 1.0981873E+002, 3.4278260E+002, 0.0000000E+000,-1.1245575E+002,-1.4946410E+002,-3.5039488E+001, 4.5483989E-002, 0.0000000E+000, 0.0000000E+000, 4.4815161E+001, 4.5868740E+001, 0.0000000E+000, 2.1034146E-002, 0.0000000E+000, 0.0000000E+000
 1.1011846E+002, 3.4736231E+002, 0.0000000E+000,-1.0379234E+002,-1.5002201E+002,-3.4806896E+001, 4.6336548E-002, 0.0000000E+000, 0.0000000E+000, 5.8055986E+001, 5.8787412E+001, 0.0000000E+000, 2.1138211E-002, 0.0000000E+000, 0.0000000E+000
 1.1041348E+002, 3.4784667E+002, 0.0000000E+000,-1.0437443E+002,-1.4958509E+002,-3.4773187E+001, 4.6707305E-002, 0.0000000E+000, 0.0000000E+000, 5.9751393E+001, 5.9160665E+001, 0.0000000E+000, 2.1228646E-002, 0.0000000E+000, 0.0000000E+000
 1.1073782E+002, 3.4706816E+002, 0.0000000E+000,-1.0719044E+002,-1.4392466E+002,-3.4984117E+001, 4.6814398E-002, 0.0000000E+000, 0.0000000E+000, 6.1586767E+001, 6.1015762E+001, 0.0000000E+000, 2.1328641E-002, 0.0000000E+000, 0.0000000E+000
 1.1101452E+002, 3.4845650E+002, 0.0000000E+000,-1.0659498E+002,-1.3545559E+002,-3.5307438E+001, 4.7187634E-002, 0.0000000E+000, 0.0000000E+000, 7.0673784E+001, 7.1145687E+001, 0.0000000E+000, 2.1430894E-002, 0.0000000E+000, 0.0000000E+000
 1.1133733E+002, 3.5042275E+002, 0.0000000E+000,-1.1078578E+002,-1.3108680E+002,-3.5450868E+001, 4.6850469E-002, 0.0000000E+000, 0.0000000E+000, 7.4579941E+001, 7.3146141E+001, 0.0000000E+000, 2.1528455E-002, 0.0000000E+000, 0.0000000E+000
 1.1161403E+002, 3.5301983E+002, 0.0000000E+000,-1.1627280E+002,-1.3667045E+002,-3.5343791E+001, 4.7246068E-002, 0.0000000E+000, 0.0000000E+000, 6.6480247E+001, 6.4780026E+001, 0.0000000E+000, 2.1626016E-002, 0.0000000E+000, 0.0000000E+000
 1.1192632E+002, 3.5758407E+002, 0.0000000E+000,-1.1491279E+002,-1.4215956E+002,-3.5300570E+001, 4.7972771E-002, 0.0000000E+000, 0.0000000E+000, 6.4955442E+001, 6.5259120E+001, 0.0000000E+000, 2.1722481E-002, 0.0000000E+000, 0.0000000E+000
 1.1221229E+002, 3.5759545E+002, 0.0000000E+000,-1.1673112E+002,-1.4528180E+002,-3.5650655E+001, 4.8011347E-002, 0.0000000E+000, 0.0000000E+000, 6.1825522E+001, 5.9979890E+001, 0.0000000E+000, 2.1814634E-002, 0.0000000E+000, 0.0000000E+000
 1.1253911E+002, 3.6036171E+002, 0.0000000E+000,-1.1845048E+002,-1.4842122E+002,-3.6458903E+001, 4.7675352E-002, 0.0000000E+000, 0.0000000E+000, 5.7175540E+001, 5.7078784E+001, 0.0000000E+000, 2.1912195E-002, 0.0000000E+000, 0.0000000E+000
 1.1282508E+002, 3.6584146E+002, 0.0000000E+000,-1.2069867E+002,-1.5105146E+002,-3.6753902E+001, 4.8839461E-002, 0.0000000E+000, 0.0000000E+000, 5.8538469E+001, 5.7386261E+001, 0.0000000E+000, 2.2020906E-002, 0.0000000E+000, 0.0000000E+000
 1.1312739E+002, 3.5967422E+002, 0.0000000E+000,-1.1766312E+002,-1.5649394E+002,-3.6816905E+001, 4.9311039E-002, 0.0000000E+000, 0.0000000E+000, 5.0735255E+001, 4.8749561E+001, 0.0000000E+000, 2.2114876E-002, 0.0000000E+000, 0.0000000E+000
 1.1344196E+002, 3.5938795E+002, 0.0000000E+000,-1.0976958E+002,-1.7235975E+002,-3.7079140E+001, 4.9400616E-002, 0.0000000E+000, 0.0000000E+000, 4.1193767E+001, 4.0228880E+001, 0.0000000E+000, 2.2214170E-002, 0.0000000E+000, 0.0000000E+000
 1.1371159E+002, 3.6120518E+002, 0.0000000E+000,-1.1062403E+002,-1.8526555E+002,-3.7352298E+001, 4.8559873E-002, 0.0000000E+000, 0.0000000E+000, 3.0290397E+001, 2.8011858E+001, 0.0000000E+000, 2.2308943E-002, 0.0000000E+000, 0.0000000E+000
 1.1402615E+002, 3.6394073E+002, 0.0000000E+000,-1.2288689E+002,-1.8272648E+002,-3.7557527E+001, 4.8969283E-002, 0.0000000E+000, 0.0000000E+000, 2.2186678E+001, 2.0818791E+001, 0.0000000E+000, 2.2403717E-002, 0.0000000E+000, 0.0000000E+000
 1.1434071E+002, 3.6776651E+002, 0.0000000E+000,-1.2329483E+002,-1.6920372E+002,-3.7701534E+001, 4.9509490E-002, 0.0000000E+000, 0.0000000E+000, 3.6858303E+001, 3.7615937E+001, 0.0000000E+000, 2.2505923E-002, 0.0000000E+000, 0.0000000E+000
 1.1461034E+002, 3.7352823E+002, 0.0000000E+000,-1.2182013E+002,-1.5815811E+002,-3.7194091E+001, 4.9851311E-002, 0.0000000E+000, 0.0000000E+000, 5.4654884E+001, 5.6405745E+001, 0.0000000E+000, 2.2601626E-002, 0.0000000E+000, 0.0000000E+000
 1.1491057E+002, 3.7488735E+002, 0.0000000E+000,-1.1713798E+002,-1.5113662E+002,-3.6631375E+001, 4.9776185E-002, 0.0000000E+000, 0.0000000E+000, 6.9500911E+001, 7.0031156E+001, 0.0000000E+000, 2.2695997E-002, 0.0000000E+000, 0.0000000E+000
 1.1523183E+002, 3.7659676E+002, 0.0000000E+000,-1.1251450E+002,-1.4609764E+002,-3.6111951E+001, 5.0555783E-002, 0.0000000E+000, 0.0000000E+000, 8.1168349E+001, 8.1923228E+001, 0.0000000E+000, 2.2796748E-002, 0.0000000E+000, 0.0000000E+000
 1.1551293E+002, 3.7639172E+002, 0.0000000E+000,-1.1452667E+002,-1.4506500E+002,-3.6168367E+001, 5.1014851E-002, 0.0000000E+000, 0.0000000E+000, 8.2977818E+001, 8.0682697E+001, 0.0000000E+000, 2.2894309E-002, 0.0000000E+000, 0.0000000E+000
 1.1583419E+002, 3.7240856E+002, 0.0000000E+000,-1.1788797E+002,-1.4993509E+002,-3.6029130E+001, 5.0288301E-002, 0.0000000E+000, 0.0000000E+000, 6.9799557E+001, 6.8606655E+001, 0.0000000E+000, 2.2991870E-002, 0.0000000E+000, 0.0000000E+000
 1.1612332E+002, 3.7708952E+002, 0.0000000E+000,-1.1616941E+002,-1.5563979E+002,-3.5819509E+001, 5.1104341E-002, 0.0000000E+000, 0.0000000E+000, 6.9115456E+001, 6.9511907E+001, 0.0000000E+000, 2.3090334E-002, 0.0000000E+000, 0.0000000E+000
 1.1642133E+002, 3.7982701E+002, 0.0000000E+000,-1.2203113E+002,-1.5898150E+002,-3.5617795E+001, 5.0271736E-002, 0.0000000E+000, 0.0000000E+000, 6.4420599E+001, 6.3246860E+001, 0.0000000E+000, 2.3186489E-002, 0.0000000E+000, 0.0000000E+000
 1.1673177E+002, 3.8358876E+002, 0.0000000E+000,-1.2578197E+002,-1.6178246E+002,-3.6056811E+001, 5.0925353E-002, 0.0000000E+000, 0.0000000E+000, 6.1176092E+001, 6.0018450E+001, 0.0000000E+000, 2.3280936E-002, 0.0000000E+000, 0.0000000E+000
 1.1701383E+002, 3.8183503E+002, 0.0000000E+000,-1.2738955E+002,-1.6178889E+002,-3.7467253E+001, 5.1706608E-002, 0.0000000E+000, 0.0000000E+000, 5.7099618E+001, 5.5241047E+001, 0.0000000E+000, 2.3378117E-002, 0.0000000E+000, 0.0000000E+000
 1.1731812E+002, 3.8465069E+002, 0.0000000E+000,-1.2628380E+002,-1.5950014E+002,-3.8558920E+001, 5.2182485E-002, 0.0000000E+000, 0.0000000E+000, 5.9377711E+001, 6.0360012E+001, 0.0000000E+000, 2.3475456E-002, 0.0000000E+000, 0.0000000E+000
 1.1763474E+002, 3.8720664E+002, 0.0000000E+000,-1.3126615E+002,-1.5855930E+002,-3.8794233E+001, 5.2742509E-002, 0.0000000E+000, 0.0000000E+000, 6.0749233E+001, 5.8639708E+001, 0.0000000E+000, 2.3576307E-002, 0.0000000E+000, 0.0000000E+000
 1.1791985E+002, 3.8735843E+002, 0.0000000E+000,-1.2651869E+002,-1.6155041E+002,-3.8708487E+001, 5.2551570E-002, 0.0000000E+000, 0.0000000E+000, 6.1963980E+001, 6.0633396E+001, 0.0000000E+000, 2.3674860E-002, 0.0000000E+000, 0.0000000E+000
 1.1822599E+002, 3.8708360E+002, 0.0000000E+000,-1.1940034E+002,-1.6700597E+002,-3.8708613E+001, 5.2553954E-002, 0.0000000E+000, 0.0000000E+000, 6.2054901E+001, 6.2021237E+001, 0.0000000E+000, 2.3770514E-002, 0.0000000E+000, 0.0000000E+000
 1.1853281E+002, 3.8532239E+002, 0.0000000E+000,-1.1830622E+002,-1.7688183E+002,-3.8339253E+001, 5.2753440E-002, 0.0000000E+000, 0.0000000E+000, 5.4622846E+001, 5.1847845E+001, 0.0000000E+000, 2.3866093E-002, 0.0000000E+000, 0.0000000E+000
 1.1881870E+002, 3.8874138E+002, 0.0000000E+000,-1.2643002E+002,-1.8373038E+002,-3.8581138E+001, 5.2891045E-002, 0.0000000E+000, 0.0000000E+000, 4.1220835E+001, 4.0052731E+001, 0.0000000E+000, 2.3961879E-002, 0.0000000E+000, 0.0000000E+000
 1.1912444E+002, 3.9186955E+002, 0.0000000E+000,-1.3236597E+002,-1.7780518E+002,-3.8962006E+001, 5.3353881E-002, 0.0000000E+000, 0.0000000E+000, 4.3455741E+001, 4.2789754E+001, 0.0000000E+000, 2.4065041E-002, 0.0000000E+000, 0.0000000E+000
 1.1943065E+002, 4.0015657E+002, 0.0000000E+000,-1.3149226E+002,-1.6599695E+002,-3.8774841E+001, 5.3509118E-002, 0.0000000E+000, 0.0000000E+000, 6.2434446E+001, 6.3946029E+001, 0.0000000E+000, 2.4161684E-002, 0.0000000E+000, 0.0000000E+000
 1.1973069E+002, 4.0364346E+002, 0.0000000E+000,-1.2885991E+002,-1.5786962E+002,-3.8698843E+001, 5.2850544E-002, 0.0000000E+000, 0.0000000E+000, 7.8526091E+001, 7.8267936E+001, 0.0000000E+000, 2.4260163E-002, 0.0000000E+000, 0.0000000E+000
 1.2003073E+002, 3.9676223E+002, 0.0000000E+000,-1.2010411E+002,-1.5418908E+002,-3.9114912E+001, 5.2432581E-002, 0.0000000E+000, 0.0000000E+000, 8.3494852E+001, 8.3406561E+001, 0.0000000E+000, 2.4357622E-002, 0.0000000E+000, 0.0000000E+000
 1.2031239E+002, 4.0205598E+002, 0.0000000E+000,-1.2966184E+002,-1.5356066E+002,-3.9931474E+001, 5.3667874E-002, 0.0000000E+000, 0.0000000E+000, 8.2226535E+001, 7.8955668E+001, 0.0000000E+000, 2.4452730E-002, 0.0000000E+000, 0.0000000E+000
 1.2063006E+002, 3.9888289E+002, 0.0000000E+000,-1.3879564E+002,-1.5591498E+002,-4.0408689E+001, 5.4150765E-002, 0.0000000E+000, 0.0000000E+000, 6.4282058E+001, 6.3817728E+001, 0.0000000E+000, 2.4540070E-002, 0.0000000E+000, 0.0000000E+000
 1.2092049E+002, 3.9982450E+002, 0.0000000E+000,-1.3760312E+002,-1.5953224E+002,-4.0112563E+001, 5.4806241E-002, 0.0000000E+000, 0.0000000E+000, 6.3130149E+001, 6.2631382E+001, 0.0000000E+000, 2.4635099E-002, 0.0000000E+000, 0.0000000E+000
 1.2120867E+002, 4.0609598E+002, 0.0000000E+000,-1.2600115E+002,-1.6314216E+002,-3.9439596E+001, 5.4536101E-002, 0.0000000E+000, 0.0000000E+000, 7.5522634E+001, 7.7567620E+001, 0.0000000E+000, 2.4722537E-002, 0.0000000E+000, 0.0000000E+000
 1.2151841E+002, 4.0819490E+002, 0.0000000E+000,-1.2222613E+002,-1.6390764E+002,-3.9565610E+001, 5.5179421E-002, 0.0000000E+000, 0.0000000E+000, 8.2162371E+001, 8.2550707E+001, 0.0000000E+000, 2.4813589E-002, 0.0000000E+000, 0.0000000E+000
 1.2182912E+002, 4.1080199E+002, 0.0000000E+000,-1.2744649E+002,-1.6204154E+002,-4.0558453E+001, 5.5485179E-002, 0.0000000E+000, 0.0000000E+000, 8.3297179E+001, 8.0810984E+001, 0.0000000E+000, 2.4907746E-002, 0.0000000E+000, 0.0000000E+000
 1.2212726E+002, 4.0458785E+002, 0.0000000E+000,-1.2672176E+002,-1.6785220E+002,-4.1280732E+001, 5.5508247E-002, 0.0000000E+000, 0.0000000E+000, 7.0309707E+001, 6.8788666E+001, 0.0000000E+000, 2.4997027E-002, 0.0000000E+000, 0.0000000E+000
 1.2242619E+002, 4.0721284E+002, 0.0000000E+000,-1.2740613E+002,-1.7517582E+002,-4.0775483E+001, 5.3907683E-002, 0.0000000E+000, 0.0000000E+000, 6.5101342E+001, 6.3909322E+001, 0.0000000E+000, 2.5091332E-002, 0.0000000E+000, 0.0000000E+000
 1.2271476E+002, 4.1217962E+002, 0.0000000E+000,-1.3037693E+002,-1.7910445E+002,-4.0901150E+001, 5.4497614E-002, 0.0000000E+000, 0.0000000E+000, 6.2188594E+001, 6.1851583E+001, 0.0000000E+000, 2.5181706E-002, 0.0000000E+000, 0.0000000E+000
 1.2302805E+002, 4.1373437E+002, 0.0000000E+000,-1.3205737E+002,-1.8046901E+002,-4.1647171E+001, 5.4852219E-002, 0.0000000E+000, 0.0000000E+000, 6.1043553E+001, 5.9615666E+001, 0.0000000E+000, 2.5274390E-002, 0.0000000E+000, 0.0000000E+000
 1.2330219E+002, 4.1353442E+002, 0.0000000E+000,-1.3204329E+002,-1.8284761E+002,-4.2573188E+001, 5.5629676E-002, 0.0000000E+000, 0.0000000E+000, 5.6798432E+001, 5.6125972E+001, 0.0000000E+000, 2.5365854E-002, 0.0000000E+000, 0.0000000E+000
 1.2361939E+002, 4.1446555E+002, 0.0000000E+000,-1.3558102E+002,-1.9055006E+002,-4.3279546E+001, 5.6607091E-002, 0.0000000E+000, 0.0000000E+000, 4.9038319E+001, 4.5111537E+001, 0.0000000E+000, 2.5448660E-002, 0.0000000E+000, 0.0000000E+000
 1.2390761E+002, 4.1563601E+002, 0.0000000E+000,-1.3493350E+002,-2.0950701E+002,-4.3518182E+001, 5.5794496E-002, 0.0000000E+000, 0.0000000E+000, 2.6759653E+001, 2.7733117E+001, 0.0000000E+000, 2.5547653E-002, 0.0000000E+000, 0.0000000E+000
 1.2423602E+002, 4.2363746E+002, 0.0000000E+000,-1.3133856E+002,-2.0462858E+002,-4.3294798E+001, 5.5757426E-002, 0.0000000E+000, 0.0000000E+000, 4.4829910E+001, 4.4431274E+001, 0.0000000E+000, 2.5641320E-002, 0.0000000E+000, 0.0000000E+000
 1.2450052E+002, 4.2260293E+002, 0.0000000E+000,-1.3345639E+002,-1.9518627E+002,-4.3106263E+001, 5.5692770E-002, 0.0000000E+000, 0.0000000E+000, 5.2527656E+001, 5.0909704E+001, 0.0000000E+000, 2.5730947E-002, 0.0000000E+000, 0.0000000E+000
 1.2483353E+002, 4.1930190E+002, 0.0000000E+000,-1.3328609E+002,-1.9583306E+002,-4.3563794E+001, 5.5240388E-002, 0.0000000E+000, 0.0000000E+000, 4.8015090E+001, 4.6674196E+001, 0.0000000E+000, 2.5817073E-002, 0.0000000E+000, 0.0000000E+000
 1.2512197E+002, 4.2236999E+002, 0.0000000E+000,-1.3921151E+002,-1.9113902E+002,-4.4716726E+001, 5.5209940E-002, 0.0000000E+000, 0.0000000E+000, 4.8517976E+001, 4.7357943E+001, 0.0000000E+000, 2.5913961E-002, 0.0000000E+000, 0.0000000E+000
 1.2540509E+002, 4.2455940E+002, 0.0000000E+000,-1.3843022E+002,-1.8507994E+002,-4.4932766E+001, 5.5420403E-002, 0.0000000E+000, 0.0000000E+000, 5.7008281E+001, 5.6171906E+001, 0.0000000E+000, 2.6000000E-002, 0.0000000E+000, 0.0000000E+000
 1.2573635E+002, 4.2833131E+002, 0.0000000E+000,-1.4051706E+002,-1.8501238E+002,-4.5019033E+001, 5.5243241E-002, 0.0000000E+000, 0.0000000E+000, 5.7679456E+001, 5.7838076E+001, 0.0000000E+000, 2.6092779E-002, 0.0000000E+000, 0.0000000E+000
 1.2600843E+002, 4.3234896E+002, 0.0000000E+000,-1.3522913E+002,-1.8314915E+002,-4.4271128E+001, 5.6347836E-002, 0.0000000E+000, 0.0000000E+000, 7.0034347E+001, 6.9755893E+001, 0.0000000E+000, 2.6184940E-002, 0.0000000E+000, 0.0000000E+000
 1.2632072E+002, 4.2776232E+002, 0.0000000E+000,-1.3562582E+002,-1.7639171E+002,-4.4022265E+001, 5.6760665E-002, 0.0000000E+000, 0.0000000E+000, 7.3198679E+001, 7.1779274E+001, 0.0000000E+000, 2.6274523E-002, 0.0000000E+000, 0.0000000E+000
 1.2663332E+002, 4.2827271E+002, 0.0000000E+000,-1.3795501E+002,-1.6387536E+002,-4.3976774E+001, 5.6426861E-002, 0.0000000E+000, 0.0000000E+000, 8.2988895E+001, 8.2521997E+001, 0.0000000E+000, 2.6372390E-002, 0.0000000E+000, 0.0000000E+000
 1.2690342E+002, 4.3470899E+002, 0.0000000E+000,-1.4823632E+002,-1.5953208E+002,-4.4298988E+001, 5.5225881E-002, 0.0000000E+000, 0.0000000E+000, 8.3881864E+001, 8.2696827E+001, 0.0000000E+000, 2.6460410E-002, 0.0000000E+000, 0.0000000E+000
 1.2723145E+002, 4.3563152E+002, 0.0000000E+000,-1.4368540E+002,-1.6613912E+002,-4.5368338E+001, 5.6364307E-002, 0.0000000E+000, 0.0000000E+000, 8.1576247E+001, 8.0495031E+001, 0.0000000E+000, 2.6548780E-002, 0.0000000E+000, 0.0000000E+000
 1.2753385E+002, 4.3454036E+002, 0.0000000E+000,-1.3817263E+002,-1.8216427E+002,-4.6145507E+001, 5.7730300E-002, 0.0000000E+000, 0.0000000E+000, 7.0218323E+001, 6.8115689E+001, 0.0000000E+000, 2.6647866E-002, 0.0000000E+000, 0.0000000E+000
 1.2783626E+002, 4.3978717E+002, 0.0000000E+000,-1.4078195E+002,-1.9106595E+002,-4.4982846E+001, 5.7221663E-002, 0.0000000E+000, 0.0000000E+000, 6.4088682E+001, 6.3013652E+001, 0.0000000E+000, 2.6737805E-002, 0.0000000E+000, 0.0000000E+000
 1.2811221E+002, 4.3626154E+002, 0.0000000E+000,-1.4314136E+002,-1.8506997E+002,-4.3796077E+001, 5.7522337E-002, 0.0000000E+000, 0.0000000E+000, 6.4884150E+001, 6.4311661E+001, 0.0000000E+000, 2.6830271E-002, 0.0000000E+000, 0.0000000E+000
 1.2840327E+002, 4.3862683E+002, 0.0000000E+000,-1.4704878E+002,-1.8042537E+002,-4.3906816E+001, 5.7839645E-002, 0.0000000E+000, 0.0000000E+000, 6.7811015E+001, 6.7303704E+001, 0.0000000E+000, 2.6914634E-002, 0.0000000E+000, 0.0000000E+000
 1.2874008E+002, 4.4005550E+002, 0.0000000E+000,-1.4274745E+002,-1.7541537E+002,-4.4840759E+001, 5.7509684E-002, 0.0000000E+000, 0.0000000E+000, 7.6253795E+001, 7.7109429E+001, 0.0000000E+000, 2.7008281E-002, 0.0000000E+000, 0.0000000E+000
 1.2902902E+002, 4.4621972E+002, 0.0000000E+000,-1.4177650E+002,-1.7081945E+002,-4.5034640E+001, 5.8169831E-002, 0.0000000E+000, 0.0000000E+000, 8.8178470E+001, 8.8647296E+001, 0.0000000E+000, 2.7107778E-002, 0.0000000E+000, 0.0000000E+000
 1.2933246E+002, 4.4691723E+002, 0.0000000E+000,-1.3311654E+002,-1.7211785E+002,-4.4673230E+001, 5.7470412E-002, 0.0000000E+000, 0.0000000E+000, 9.8051914E+001, 9.7067085E+001, 0.0000000E+000, 2.7195122E-002, 0.0000000E+000, 0.0000000E+000
 1.2963969E+002, 4.4493657E+002, 0.0000000E+000,-1.3445572E+002,-1.7076714E+002,-4.4505908E+001, 5.9334461E-002, 0.0000000E+000, 0.0000000E+000, 9.4510153E+001, 9.5267135E+001, 0.0000000E+000, 2.7287112E-002, 0.0000000E+000, 0.0000000E+000
 1.2993176E+002, 4.4985356E+002, 0.0000000E+000,-1.3491692E+002,-1.6476370E+002,-4.5182605E+001, 6.0405282E-002, 0.0000000E+000, 0.0000000E+000, 1.0745800E+002, 1.0505075E+002, 0.0000000E+000, 2.7378049E-002, 0.0000000E+000, 0.0000000E+000
 1.3022382E+002, 4.4504125E+002, 0.0000000E+000,-1.4518627E+002,-1.6333977E+002,-4.5333810E+001, 6.0001753E-002, 0.0000000E+000, 0.0000000E+000, 9.2894638E+001, 9.1241410E+001, 0.0000000E+000, 2.7468641E-002, 0.0000000E+000, 0.0000000E+000
 1.3054091E+002, 4.5013037E+002, 0.0000000E+000,-1.4724339E+002,-1.7296338E+002,-4.5370415E+001, 6.0127125E-002, 0.0000000E+000, 0.0000000E+000, 8.5471940E+001, 8.4613308E+001, 0.0000000E+000, 2.7563222E-002, 0.0000000E+000, 0.0000000E+000
 1.3083353E+002, 4.5786608E+002, 0.0000000E+000,-1.4574620E+002,-1.8439419E+002,-4.5016888E+001, 5.9736862E-002, 0.0000000E+000, 0.0000000E+000, 8.2385236E+001, 8.2768547E+001, 0.0000000E+000, 2.7656746E-002, 0.0000000E+000, 0.0000000E+000
 1.3113055E+002, 4.5434273E+002, 0.0000000E+000,-1.4010145E+002,-1.9388240E+002,-4.5398623E+001, 5.9946411E-002, 0.0000000E+000, 0.0000000E+000, 7.7847957E+001, 7.5020209E+001, 0.0000000E+000, 2.7745852E-002, 0.0000000E+000, 0.0000000E+000
 1.3140614E+002, 4.5526751E+002, 0.0000000E+000,-1.4945027E+002,-1.9660078E+002,-4.6640042E+001, 6.0381735E-002, 0.0000000E+000, 0.0000000E+000, 6.3212686E+001, 6.2636798E+001, 0.0000000E+000, 2.7830793E-002, 0.0000000E+000, 0.0000000E+000
 1.3170999E+002, 4.5538216E+002, 0.0000000E+000,-1.4296346E+002,-1.9298592E+002,-4.8112071E+001, 6.0128323E-002, 0.0000000E+000, 0.0000000E+000, 7.1769494E+001, 7.1380834E+001, 0.0000000E+000, 2.7922474E-002, 0.0000000E+000, 0.0000000E+000
 1.3200179E+002, 4.5877173E+002, 0.0000000E+000,-1.4750734E+002,-1.9547300E+002,-4.7820670E+001, 5.9592423E-002, 0.0000000E+000, 0.0000000E+000, 6.8894738E+001, 6.8030315E+001, 0.0000000E+000, 2.8012195E-002, 0.0000000E+000, 0.0000000E+000
 1.3231348E+002, 4.6260665E+002, 0.0000000E+000,-1.5171987E+002,-1.9807008E+002,-4.7108665E+001, 6.1228133E-002, 0.0000000E+000, 0.0000000E+000, 6.7569832E+001, 6.5769267E+001, 0.0000000E+000, 2.8101954E-002, 0.0000000E+000, 0.0000000E+000
 1.3260339E+002, 4.5855726E+002, 0.0000000E+000,-1.5546687E+002,-1.9483892E+002,-4.7614619E+001, 6.1484584E-002, 0.0000000E+000, 0.0000000E+000, 6.1506891E+001, 6.0698335E+001, 0.0000000E+000, 2.8193598E-002, 0.0000000E+000, 0.0000000E+000
 1.3291306E+002, 4.6225317E+002, 0.0000000E+000,-1.5452193E+002,-1.9208800E+002,-4.8576920E+001, 6.1459271E-002, 0.0000000E+000, 0.0000000E+000, 6.8686918E+001, 6.7127776E+001, 0.0000000E+000, 2.8285814E-002, 0.0000000E+000, 0.0000000E+000
 1.3320924E+002, 4.6310338E+002, 0.0000000E+000,-1.5527080E+002,-1.9142731E+002,-4.9547211E+001, 6.0738803E-002, 0.0000000E+000, 0.0000000E+000, 6.6339520E+001, 6.6918795E+001, 0.0000000E+000, 2.8378049E-002, 0.0000000E+000, 0.0000000E+000
 1.3350545E+002, 4.6530117E+002, 0.0000000E+000,-1.5269358E+002,-1.9056746E+002,-4.9413686E+001, 6.0992475E-002, 0.0000000E+000, 0.0000000E+000, 7.3753366E+001, 7.2687448E+001, 0.0000000E+000, 2.8468641E-002, 0.0000000E+000, 0.0000000E+000
 1.3383273E+002, 4.6862765E+002, 0.0000000E+000,-1.5434458E+002,-1.8525466E+002,-4.8848925E+001, 6.0655609E-002, 0.0000000E+000, 0.0000000E+000, 7.9927688E+001, 8.0240140E+001, 0.0000000E+000, 2.8565821E-002, 0.0000000E+000, 0.0000000E+000
 1.3411298E+002, 4.7345692E+002, 0.0000000E+000,-1.4947149E+002,-1.7967420E+002,-4.8986331E+001, 6.2404689E-002, 0.0000000E+000, 0.0000000E+000, 9.6064247E+001, 9.5387307E+001, 0.0000000E+000, 2.8655768E-002, 0.0000000E+000, 0.0000000E+000
 1.3441914E+002, 4.6922748E+002, 0.0000000E+000,-1.4596391E+002,-1.7675881E+002,-4.9408121E+001, 6.1230899E-002, 0.0000000E+000, 0.0000000E+000, 9.6844362E+001, 9.7157874E+001, 0.0000000E+000, 2.8745058E-002, 0.0000000E+000, 0.0000000E+000
 1.3470984E+002, 4.7710757E+002, 0.0000000E+000,-1.4837335E+002,-1.7798865E+002,-4.9726120E+001, 6.2020291E-002, 0.0000000E+000, 0.0000000E+000, 1.0277962E+002, 1.0108147E+002, 0.0000000E+000, 2.8836258E-002, 0.0000000E+000, 0.0000000E+000
 1.3501010E+002, 4.7370848E+002, 0.0000000E+000,-1.5302906E+002,-1.8001978E+002,-4.9433752E+001, 6.1642231E-002, 0.0000000E+000, 0.0000000E+000, 9.2495721E+001, 9.1287534E+001, 0.0000000E+000, 2.8926829E-002, 0.0000000E+000, 0.0000000E+000
 1.3533182E+002, 4.7941658E+002, 0.0000000E+000,-1.5093434E+002,-1.8227956E+002,-4.9126358E+001, 6.2529730E-002, 0.0000000E+000, 0.0000000E+000, 9.6941704E+001, 9.7138850E+001, 0.0000000E+000, 2.9021951E-002, 0.0000000E+000, 0.0000000E+000
 1.3563269E+002, 4.7542822E+002, 0.0000000E+000,-1.5013488E+002,-1.8587654E+002,-4.9489430E+001, 6.2857148E-002, 0.0000000E+000, 0.0000000E+000, 9.1772426E+001, 8.9990229E+001, 0.0000000E+000, 2.9118251E-002, 0.0000000E+000, 0.0000000E+000
 1.3591805E+002, 4.7527588E+002, 0.0000000E+000,-1.5859190E+002,-1.9111214E+002,-4.9905974E+001, 6.2514367E-002, 0.0000000E+000, 0.0000000E+000, 7.8003061E+001, 7.5728381E+001, 0.0000000E+000, 2.9204032E-002, 0.0000000E+000, 0.0000000E+000
 1.3622272E+002, 4.7224137E+002, 0.0000000E+000,-1.5965138E+002,-1.9703924E+002,-5.0486836E+001, 6.3246600E-002, 0.0000000E+000, 0.0000000E+000, 6.5544058E+001, 6.5127156E+001, 0.0000000E+000, 2.9299271E-002, 0.0000000E+000, 0.0000000E+000
 1.3653090E+002, 4.8089225E+002, 0.0000000E+000,-1.5343655E+002,-2.0604694E+002,-5.0967009E+001, 6.3774527E-002, 0.0000000E+000, 0.0000000E+000, 7.0259792E+001, 7.0505525E+001, 0.0000000E+000, 2.9385671E-002, 0.0000000E+000, 0.0000000E+000
 1.3680055E+002, 4.8292560E+002, 0.0000000E+000,-1.5305910E+002,-2.1307818E+002,-5.0997638E+001, 6.3312005E-002, 0.0000000E+000, 0.0000000E+000, 6.6976910E+001, 6.5853996E+001, 0.0000000E+000, 2.9475610E-002, 0.0000000E+000, 0.0000000E+000
 1.3710873E+002, 4.8437793E+002, 0.0000000E+000,-1.5093716E+002,-2.1474271E+002,-5.0985746E+001, 6.3013420E-002, 0.0000000E+000, 0.0000000E+000, 6.8091632E+001, 6.7775326E+001, 0.0000000E+000, 2.9567073E-002, 0.0000000E+000, 0.0000000E+000
 1.3741690E+002, 4.8516004E+002, 0.0000000E+000,-1.5943084E+002,-2.1943022E+002,-5.2181554E+001, 6.3828811E-002, 0.0000000E+000, 0.0000000E+000, 5.6713930E+001, 5.4181264E+001, 0.0000000E+000, 2.9660061E-002, 0.0000000E+000, 0.0000000E+000
 1.3773665E+002, 4.9063512E+002, 0.0000000E+000,-1.6209703E+002,-2.2746396E+002,-5.3294224E+001, 6.4991298E-002, 0.0000000E+000, 0.0000000E+000, 4.9203353E+001, 4.7844897E+001, 0.0000000E+000, 2.9751102E-002, 0.0000000E+000, 0.0000000E+000
 1.3800754E+002, 4.9304621E+002, 0.0000000E+000,-1.6992421E+002,-2.3199673E+002,-5.3692395E+001, 6.5621528E-002, 0.0000000E+000, 0.0000000E+000, 3.9043907E+001, 3.7498497E+001, 0.0000000E+000, 2.9843542E-002, 0.0000000E+000, 0.0000000E+000
 1.3830873E+002, 4.9489335E+002, 0.0000000E+000,-1.6457112E+002,-2.3084424E+002,-5.3209651E+001, 6.5046355E-002, 0.0000000E+000, 0.0000000E+000, 4.4895315E+001, 4.6333392E+001, 0.0000000E+000, 2.9932060E-002, 0.0000000E+000, 0.0000000E+000
 1.3860152E+002, 4.8371547E+002, 0.0000000E+000,-1.4965109E+002,-2.3181929E+002,-5.2827657E+001, 6.2601790E-002, 0.0000000E+000, 0.0000000E+000, 5.1389492E+001, 4.9480042E+001, 0.0000000E+000, 3.0022225E-002, 0.0000000E+000, 0.0000000E+000
 1.3891238E+002, 4.8624744E+002, 0.0000000E+000,-1.6363272E+002,-2.3279968E+002,-5.2864982E+001, 6.3801714E-002, 0.0000000E+000, 0.0000000E+000, 3.8821572E+001, 3.7013853E+001, 0.0000000E+000, 3.0113821E-002, 0.0000000E+000, 0.0000000E+000
 1.3923068E+002, 4.9254366E+002, 0.0000000E+000,-1.6039501E+002,-2.2553025E+002,-5.3845211E+001, 6.4570227E-002, 0.0000000E+000, 0.0000000E+000, 5.2205568E+001, 5.2837758E+001, 0.0000000E+000, 3.0209505E-002, 0.0000000E+000, 0.0000000E+000
 1.3953119E+002, 4.9930783E+002, 0.0000000E+000,-1.6731040E+002,-2.1626166E+002,-5.4587761E+001, 6.5636842E-002, 0.0000000E+000, 0.0000000E+000, 6.1476806E+001, 6.1213641E+001, 0.0000000E+000, 3.0303757E-002, 0.0000000E+000, 0.0000000E+000
 1.3980310E+002, 5.0250145E+002, 0.0000000E+000,-1.5926011E+002,-2.1674828E+002,-5.4159851E+001, 6.5141668E-002, 0.0000000E+000, 0.0000000E+000, 7.0108090E+001, 7.2398357E+001, 0.0000000E+000, 3.0390227E-002, 0.0000000E+000, 0.0000000E+000
 1.4012445E+002, 4.9781730E+002, 0.0000000E+000,-1.4871061E+002,-2.1377966E+002,-5.3779515E+001, 6.3775368E-002, 0.0000000E+000, 0.0000000E+000, 8.2018006E+001, 8.1611301E+001, 0.0000000E+000, 3.0482579E-002, 0.0000000E+000, 0.0000000E+000
 1.4041960E+002, 5.0166158E+002, 0.0000000E+000,-1.5637389E+002,-2.1004490E+002,-5.4015116E+001, 6.5271319E-002, 0.0000000E+000, 0.0000000E+000, 8.3325262E+001, 8.1292939E+001, 0.0000000E+000, 3.0575881E-002, 0.0000000E+000, 0.0000000E+000
 1.4073836E+002, 4.9788642E+002, 0.0000000E+000,-1.5695244E+002,-2.1279720E+002,-5.5585828E+001, 6.6269564E-002, 0.0000000E+000, 0.0000000E+000, 7.5152667E+001, 7.2617219E+001, 0.0000000E+000, 3.0668536E-002, 0.0000000E+000, 0.0000000E+000
 1.4101613E+002, 4.9861163E+002, 0.0000000E+000,-1.5887171E+002,-2.1467872E+002,-5.6690453E+001, 6.7400174E-002, 0.0000000E+000, 0.0000000E+000, 6.8360727E+001, 6.8438146E+001, 0.0000000E+000, 3.0756098E-002, 0.0000000E+000, 0.0000000E+000
 1.4132828E+002, 5.0830927E+002, 0.0000000E+000,-1.6479589E+002,-2.0448613E+002,-5.6470321E+001, 6.7736078E-002, 0.0000000E+000, 0.0000000E+000, 8.2699950E+001, 8.2624677E+001, 0.0000000E+000, 3.0846837E-002, 0.0000000E+000, 0.0000000E+000
 1.4161026E+002, 5.0937705E+002, 0.0000000E+000,-1.6307526E+002,-1.9783113E+002,-5.5919545E+001, 6.6007125E-002, 0.0000000E+000, 0.0000000E+000, 9.5465484E+001, 9.2617131E+001, 0.0000000E+000, 3.0941255E-002, 0.0000000E+000, 0.0000000E+000
 1.4190097E+002, 5.0642438E+002, 0.0000000E+000,-1.6168460E+002,-2.0084536E+002,-5.5799918E+001, 6.6781638E-002, 0.0000000E+000, 0.0000000E+000, 9.0407234E+001, 8.8161280E+001, 0.0000000E+000, 3.1029704E-002, 0.0000000E+000, 0.0000000E+000
 1.4220020E+002, 5.0980629E+002, 0.0000000E+000,-1.6847440E+002,-2.0488494E+002,-5.6732686E+001, 6.7850670E-002, 0.0000000E+000, 0.0000000E+000, 8.2557204E+001, 7.9782110E+001, 0.0000000E+000, 3.1115854E-002, 0.0000000E+000, 0.0000000E+000
 1.4253683E+002, 5.0810584E+002, 0.0000000E+000,-1.7021634E+002,-2.0966834E+002,-5.8001959E+001, 6.8223774E-002, 0.0000000E+000, 0.0000000E+000, 7.1186243E+001, 7.0287421E+001, 0.0000000E+000, 3.1216802E-002, 0.0000000E+000, 0.0000000E+000
 1.4283606E+002, 5.1397253E+002, 0.0000000E+000,-1.7037060E+002,-2.0350618E+002,-5.6863642E+001, 6.7275878E-002, 0.0000000E+000, 0.0000000E+000, 8.4811487E+001, 8.3299379E+001, 0.0000000E+000, 3.1310976E-002, 0.0000000E+000, 0.0000000E+000
 1.4311284E+002, 5.1690354E+002, 0.0000000E+000,-1.6939477E+002,-2.0024093E+002,-5.5482463E+001, 6.6742191E-002, 0.0000000E+000, 0.0000000E+000, 9.0639510E+001, 9.1852113E+001, 0.0000000E+000, 3.1403428E-002, 0.0000000E+000, 0.0000000E+000
 1.4340085E+002, 5.1319885E+002, 0.0000000E+000,-1.6082175E+002,-2.0256654E+002,-5.4132052E+001, 6.8372277E-002, 0.0000000E+000, 0.0000000E+000, 9.9772473E+001, 9.5746885E+001, 0.0000000E+000, 3.1487805E-002, 0.0000000E+000, 0.0000000E+000
 1.4373000E+002, 5.1172556E+002, 0.0000000E+000,-1.6166014E+002,-2.0419205E+002,-5.3512525E+001, 6.8124651E-002, 0.0000000E+000, 0.0000000E+000, 9.0097020E+001, 9.2428970E+001, 0.0000000E+000, 3.1579268E-002, 0.0000000E+000, 0.0000000E+000
 1.4401283E+002, 5.2132172E+002, 0.0000000E+000,-1.6496498E+002,-2.0715050E+002,-5.3652113E+001, 6.8971476E-002, 0.0000000E+000, 0.0000000E+000, 9.8054432E+001, 9.5623102E+001, 0.0000000E+000, 3.1670063E-002, 0.0000000E+000, 0.0000000E+000
 1.4430061E+002, 5.1865387E+002, 0.0000000E+000,-1.7754086E+002,-2.0893442E+002,-5.4456373E+001, 6.8744097E-002, 0.0000000E+000, 0.0000000E+000, 8.0516851E+001, 7.7790956E+001, 0.0000000E+000, 3.1762195E-002, 0.0000000E+000, 0.0000000E+000
 1.4463516E+002, 5.2934659E+002, 0.0000000E+000,-1.7594970E+002,-2.1383886E+002,-5.5727830E+001, 6.8013219E-002, 0.0000000E+000, 0.0000000E+000, 8.2188969E+001, 8.3898209E+001, 0.0000000E+000, 3.1854839E-002, 0.0000000E+000, 0.0000000E+000
 1.4491216E+002, 5.2687351E+002, 0.0000000E+000,-1.6596387E+002,-2.2091701E+002,-5.5451931E+001, 7.0492862E-002, 0.0000000E+000, 0.0000000E+000, 8.7361738E+001, 8.4611191E+001, 0.0000000E+000, 3.1951220E-002, 0.0000000E+000, 0.0000000E+000
 1.4522330E+002, 5.1752997E+002, 0.0000000E+000,-1.7109004E+002,-2.2653491E+002,-5.5288075E+001, 6.9527648E-002, 0.0000000E+000, 0.0000000E+000, 6.6066341E+001, 6.4686474E+001, 0.0000000E+000, 3.2041937E-002, 0.0000000E+000, 0.0000000E+000
 1.4553050E+002, 5.2232803E+002, 0.0000000E+000,-1.7130564E+002,-2.3177994E+002,-5.5896709E+001, 6.9790338E-002, 0.0000000E+000, 0.0000000E+000, 6.4443852E+001, 6.3415532E+001, 0.0000000E+000, 3.2131436E-002, 0.0000000E+000, 0.0000000E+000
 1.4583191E+002, 5.2602017E+002, 0.0000000E+000,-1.7159172E+002,-2.3220397E+002,-5.6324543E+001, 6.9825465E-002, 0.0000000E+000, 0.0000000E+000, 6.5172394E+001, 6.5969765E+001, 0.0000000E+000, 3.2227785E-002, 0.0000000E+000, 0.0000000E+000
 1.4610587E+002, 5.3752344E+002, 0.0000000E+000,-1.6886709E+002,-2.2330365E+002,-5.5707010E+001, 6.9442841E-002, 0.0000000E+000, 0.0000000E+000, 8.9371488E+001, 8.9715132E+001, 0.0000000E+000, 3.2315724E-002, 0.0000000E+000, 0.0000000E+000
 1.4641377E+002, 5.4450005E+002, 0.0000000E+000,-1.8167984E+002,-2.2374023E+002,-5.5744651E+001, 6.9665660E-002, 0.0000000E+000, 0.0000000E+000, 8.3364315E+001, 8.3405004E+001, 0.0000000E+000, 3.2401132E-002, 0.0000000E+000, 0.0000000E+000
 1.4671353E+002, 5.4440739E+002, 0.0000000E+000,-1.7631052E+002,-2.3660748E+002,-5.7679178E+001, 7.0846858E-002, 0.0000000E+000, 0.0000000E+000, 7.5268557E+001, 7.3881050E+001, 0.0000000E+000, 3.2494035E-002, 0.0000000E+000, 0.0000000E+000
 1.4702893E+002, 5.4203821E+002, 0.0000000E+000,-1.7011723E+002,-2.4470981E+002,-5.8589098E+001, 7.0982945E-002, 0.0000000E+000, 0.0000000E+000, 7.0196496E+001, 6.8693048E+001, 0.0000000E+000, 3.2591463E-002, 0.0000000E+000, 0.0000000E+000
 1.4730490E+002, 5.3111565E+002, 0.0000000E+000,-1.7239356E+002,-2.4980137E+002,-5.8487357E+001, 7.1921419E-002, 0.0000000E+000, 0.0000000E+000, 5.2159017E+001, 5.0505288E+001, 0.0000000E+000, 3.2682927E-002, 0.0000000E+000, 0.0000000E+000
 1.4763213E+002, 5.2394734E+002, 0.0000000E+000,-1.7140421E+002,-2.5928620E+002,-5.7958169E+001, 7.1235947E-002, 0.0000000E+000, 0.0000000E+000, 3.8072378E+001, 3.5369995E+001, 0.0000000E+000, 3.2775492E-002, 0.0000000E+000, 0.0000000E+000
 1.4793570E+002, 5.2080389E+002, 0.0000000E+000,-1.7306701E+002,-2.6197373E+002,-5.7804255E+001, 7.0018800E-002, 0.0000000E+000, 0.0000000E+000, 2.7782619E+001, 2.8028917E+001, 0.0000000E+000, 3.2865854E-002, 0.0000000E+000, 0.0000000E+000
 1.4820506E+002, 5.3128661E+002, 0.0000000E+000,-1.6978554E+002,-2.4869376E+002,-5.7737831E+001, 7.1572682E-002, 0.0000000E+000, 0.0000000E+000, 5.2398654E+001, 5.5141044E+001, 0.0000000E+000, 3.2950445E-002, 0.0000000E+000, 0.0000000E+000
 1.4850639E+002, 5.4709941E+002, 0.0000000E+000,-1.6812755E+002,-2.3740431E+002,-5.7796143E+001, 7.2346768E-002, 0.0000000E+000, 0.0000000E+000, 8.2012060E+001, 8.3843754E+001, 0.0000000E+000, 3.3042683E-002, 0.0000000E+000, 0.0000000E+000
 1.4880774E+002, 5.4929719E+002, 0.0000000E+000,-1.7187770E+002,-2.3548234E+002,-5.8135890E+001, 7.1499843E-002, 0.0000000E+000, 0.0000000E+000, 8.6459852E+001, 8.3872767E+001, 0.0000000E+000, 3.3131098E-002, 0.0000000E+000, 0.0000000E+000
 1.4910907E+002, 5.4968063E+002, 0.0000000E+000,-1.7925278E+002,-2.3594321E+002,-5.9051726E+001, 7.1329454E-002, 0.0000000E+000, 0.0000000E+000, 7.5954912E+001, 7.5504251E+001, 0.0000000E+000, 3.3225610E-002, 0.0000000E+000, 0.0000000E+000
 1.4942548E+002, 5.5320795E+002, 0.0000000E+000,-1.8762959E+002,-2.3887894E+002,-6.0237426E+001, 7.2338245E-002, 0.0000000E+000, 0.0000000E+000, 6.8581573E+001, 6.6534333E+001, 0.0000000E+000, 3.3322880E-002, 0.0000000E+000, 0.0000000E+000
 1.4971550E+002, 5.4439055E+002, 0.0000000E+000,-1.8118152E+002,-2.5459884E+002,-6.0784179E+001, 7.2604871E-002, 0.0000000E+000, 0.0000000E+000, 4.9195818E+001, 4.7898619E+001, 0.0000000E+000, 3.3414634E-002, 0.0000000E+000, 0.0000000E+000
 1.5002211E+002, 5.4263466E+002, 0.0000000E+000,-1.7183369E+002,-2.9448090E+002,-6.0413703E+001, 7.2079472E-002, 0.0000000E+000, 0.0000000E+000, 1.9447675E+001, 1.5978447E+001, 0.0000000E+000, 3.3502802E-002, 0.0000000E+000, 0.0000000E+000
 1.5030742E+002, 5.4221635E+002, 0.0000000E+000,-1.7503247E+002,-3.1588553E+002,-6.0080144E+001, 7.1681731E-002, 0.0000000E+000, 0.0000000E+000,-6.9394926E+000,-8.7101109E+000, 0.0000000E+000, 3.3596840E-002, 0.0000000E+000, 0.0000000E+000
 1.5060617E+002, 5.4805509E+002, 0.0000000E+000,-1.7861381E+002,-3.0056557E+002,-5.9168752E+001, 7.2055810E-002, 0.0000000E+000, 0.0000000E+000, 8.8718393E+000, 9.7790171E+000, 0.0000000E+000, 3.3681904E-002, 0.0000000E+000, 0.0000000E+000
 1.5090530E+002, 5.6011996E+002, 0.0000000E+000,-1.9278166E+002,-2.7581137E+002,-5.8322739E+001, 7.2016338E-002, 0.0000000E+000, 0.0000000E+000, 3.1634305E+001, 3.3276207E+001, 0.0000000E+000, 3.3772573E-002, 0.0000000E+000, 0.0000000E+000
 1.5120291E+002, 5.5455386E+002, 0.0000000E+000,-1.9058084E+002,-2.5650346E+002,-5.9160876E+001, 7.1979445E-002, 0.0000000E+000, 0.0000000E+000, 5.0432412E+001, 4.8380668E+001, 0.0000000E+000, 3.3861701E-002, 0.0000000E+000, 0.0000000E+000
 1.5151234E+002, 5.5134247E+002, 0.0000000E+000,-1.9201733E+002,-2.4697202E+002,-6.0564269E+001, 7.2983454E-002, 0.0000000E+000, 0.0000000E+000, 5.0381847E+001, 5.1861836E+001, 0.0000000E+000, 3.3957317E-002, 0.0000000E+000, 0.0000000E+000
 1.5182773E+002, 5.5225817E+002, 0.0000000E+000,-1.8598907E+002,-2.4259041E+002,-6.1717157E+001, 7.3880160E-002, 0.0000000E+000, 0.0000000E+000, 6.0426174E+001, 6.2035413E+001, 0.0000000E+000, 3.4055236E-002, 0.0000000E+000, 0.0000000E+000
 1.5212294E+002, 5.6185199E+002, 0.0000000E+000,-1.7830820E+002,-2.3495550E+002,-6.1637433E+001, 7.4796931E-002, 0.0000000E+000, 0.0000000E+000, 8.6870535E+001, 8.7025647E+001, 0.0000000E+000, 3.4143293E-002, 0.0000000E+000, 0.0000000E+000
 1.5240669E+002, 5.6325901E+002, 0.0000000E+000,-1.7544596E+002,-2.3174838E+002,-6.1805819E+001, 7.3810014E-002, 0.0000000E+000, 0.0000000E+000, 9.6255235E+001, 9.4332660E+001, 0.0000000E+000, 3.4231758E-002, 0.0000000E+000, 0.0000000E+000
 1.5270384E+002, 5.6330964E+002, 0.0000000E+000,-1.8866179E+002,-2.3483476E+002,-6.2718970E+001, 7.2696298E-002, 0.0000000E+000, 0.0000000E+000, 8.0193547E+001, 7.7166819E+001, 0.0000000E+000, 3.4321572E-002, 0.0000000E+000, 0.0000000E+000
 1.5302861E+002, 5.5946650E+002, 0.0000000E+000,-1.8988602E+002,-2.6318367E+002,-6.4404326E+001, 7.3642728E-002, 0.0000000E+000, 0.0000000E+000, 4.5083934E+001, 4.2066135E+001, 0.0000000E+000, 3.4415660E-002, 0.0000000E+000, 0.0000000E+000
 1.5333244E+002, 5.6652927E+002, 0.0000000E+000,-1.9369955E+002,-2.7903987E+002,-6.4978852E+001, 7.3964251E-002, 0.0000000E+000, 0.0000000E+000, 3.0132235E+001, 2.8884956E+001, 0.0000000E+000, 3.4511257E-002, 0.0000000E+000, 0.0000000E+000
 1.5362625E+002, 5.7166146E+002, 0.0000000E+000,-1.9466801E+002,-2.6210200E+002,-6.4597866E+001, 7.3709942E-002, 0.0000000E+000, 0.0000000E+000, 4.8051473E+001, 5.0367292E+001, 0.0000000E+000, 3.4603659E-002, 0.0000000E+000, 0.0000000E+000
 1.5392006E+002, 5.6745873E+002, 0.0000000E+000,-1.7206217E+002,-2.4871902E+002,-6.4140971E+001, 7.4189354E-002, 0.0000000E+000, 0.0000000E+000, 8.1813798E+001, 8.2610754E+001, 0.0000000E+000, 3.4690549E-002, 0.0000000E+000, 0.0000000E+000
 1.5421387E+002, 5.6150944E+002, 0.0000000E+000,-1.7121992E+002,-2.4014183E+002,-6.3970041E+001, 7.4534154E-002, 0.0000000E+000, 0.0000000E+000, 8.7369040E+001, 8.6252181E+001, 0.0000000E+000, 3.4783537E-002, 0.0000000E+000, 0.0000000E+000
 1.5451869E+002, 5.6393238E+002, 0.0000000E+000,-1.7596580E+002,-2.4483312E+002,-6.3816569E+001, 7.3669043E-002, 0.0000000E+000, 0.0000000E+000, 8.1738909E+001, 7.9390566E+001, 0.0000000E+000, 3.4873053E-002, 0.0000000E+000, 0.0000000E+000
 1.5480148E+002, 5.6794515E+002, 0.0000000E+000,-1.8677984E+002,-2.5540783E+002,-6.4172941E+001, 7.3544729E-002, 0.0000000E+000, 0.0000000E+000, 6.3765592E+001, 6.1658080E+001, 0.0000000E+000, 3.4963415E-002, 0.0000000E+000, 0.0000000E+000
 1.5512466E+002, 5.7539099E+002, 0.0000000E+000,-1.9154711E+002,-2.6716363E+002,-6.3655481E+001, 7.4923312E-002, 0.0000000E+000, 0.0000000E+000, 5.4154207E+001, 5.3099690E+001, 0.0000000E+000, 3.5054878E-002, 0.0000000E+000, 0.0000000E+000
 1.5540462E+002, 5.8311410E+002, 0.0000000E+000,-1.9550487E+002,-2.7923710E+002,-6.2589606E+001, 7.4900384E-002, 0.0000000E+000, 0.0000000E+000, 4.8227126E+001, 4.5857418E+001, 0.0000000E+000, 3.5146341E-002, 0.0000000E+000, 0.0000000E+000
 1.5570930E+002, 5.7520000E+002, 0.0000000E+000,-1.9215616E+002,-2.8159211E+002,-6.2732684E+001, 7.5214929E-002, 0.0000000E+000, 0.0000000E+000, 3.8319499E+001, 3.8794255E+001, 0.0000000E+000, 3.5235873E-002, 0.0000000E+000, 0.0000000E+000
 1.5600587E+002, 5.7645508E+002, 0.0000000E+000,-1.8547179E+002,-2.7309318E+002,-6.4571609E+001, 7.4363897E-002, 0.0000000E+000, 0.0000000E+000, 5.3961422E+001, 5.3392863E+001, 0.0000000E+000, 3.5325780E-002, 0.0000000E+000, 0.0000000E+000
 1.5631538E+002, 5.8293462E+002, 0.0000000E+000,-1.8589486E+002,-2.6938045E+002,-6.5491380E+001, 7.4747657E-002, 0.0000000E+000, 0.0000000E+000, 6.2873760E+001, 6.2242681E+001, 0.0000000E+000, 3.5420554E-002, 0.0000000E+000, 0.0000000E+000
 1.5662904E+002, 5.8589226E+002, 0.0000000E+000,-1.9446392E+002,-2.6603053E+002,-6.4773671E+001, 7.5705949E-002, 0.0000000E+000, 0.0000000E+000, 6.2720610E+001, 6.0699838E+001, 0.0000000E+000, 3.5514905E-002, 0.0000000E+000, 0.0000000E+000
 1.5690784E+002, 5.8434717E+002, 0.0000000E+000,-1.9957980E+002,-2.7469832E+002,-6.5401688E+001, 7.6494070E-002, 0.0000000E+000, 0.0000000E+000, 4.7482506E+001, 4.4743855E+001, 0.0000000E+000, 3.5605183E-002, 0.0000000E+000, 0.0000000E+000
 1.5720755E+002, 5.8505627E+002, 0.0000000E+000,-2.0098909E+002,-2.8244648E+002,-6.6241517E+001, 7.6116821E-002, 0.0000000E+000, 0.0000000E+000, 3.6031054E+001, 3.5455307E+001, 0.0000000E+000, 3.5691293E-002, 0.0000000E+000, 0.0000000E+000
 1.5751424E+002, 5.8793947E+002, 0.0000000E+000,-1.9409659E+002,-2.8855437E+002,-6.6222926E+001, 7.6974632E-002, 0.0000000E+000, 0.0000000E+000, 4.1287792E+001, 3.9142552E+001, 0.0000000E+000, 3.5786585E-002, 0.0000000E+000, 0.0000000E+000
 1.5782091E+002, 5.9761458E+002, 0.0000000E+000,-1.9938119E+002,-2.8673467E+002,-6.5292283E+001, 7.8507590E-002, 0.0000000E+000, 0.0000000E+000, 4.5188577E+001, 4.6284945E+001, 0.0000000E+000, 3.5884146E-002, 0.0000000E+000, 0.0000000E+000
 1.5812759E+002, 5.8918572E+002, 0.0000000E+000,-1.7412360E+002,-2.8704821E+002,-6.4631344E+001, 7.7815174E-002, 0.0000000E+000, 0.0000000E+000, 6.2852315E+001, 6.3460377E+001, 0.0000000E+000, 3.5969512E-002, 0.0000000E+000, 0.0000000E+000
 1.5840701E+002, 5.8447602E+002, 0.0000000E+000,-1.7566077E+002,-2.7949095E+002,-6.3842786E+001, 7.7514910E-002, 0.0000000E+000, 0.0000000E+000, 6.7645158E+001, 6.5559025E+001, 0.0000000E+000, 3.6061459E-002, 0.0000000E+000, 0.0000000E+000
 1.5873141E+002, 5.7652595E+002, 0.0000000E+000,-1.9287180E+002,-2.6847015E+002,-6.3173558E+001, 7.8224105E-002, 0.0000000E+000, 0.0000000E+000, 5.5428435E+001, 5.2088656E+001, 0.0000000E+000, 3.6154090E-002, 0.0000000E+000, 0.0000000E+000
 1.5902878E+002, 5.9057185E+002, 0.0000000E+000,-2.0615070E+002,-2.5755339E+002,-6.3530651E+001, 7.8791547E-002, 0.0000000E+000, 0.0000000E+000, 6.1693673E+001, 6.3415902E+001, 0.0000000E+000, 3.6250000E-002, 0.0000000E+000, 0.0000000E+000
 1.5931499E+002, 5.9697838E+002, 0.0000000E+000,-2.0134331E+002,-2.5385608E+002,-6.3828650E+001, 7.8961165E-002, 0.0000000E+000, 0.0000000E+000, 7.6884671E+001, 7.8029294E+001, 0.0000000E+000, 3.6341463E-002, 0.0000000E+000, 0.0000000E+000
 1.5960126E+002, 6.1129065E+002, 0.0000000E+000,-2.0765649E+002,-2.5303521E+002,-6.4335532E+001, 7.7490997E-002, 0.0000000E+000, 0.0000000E+000, 8.6022294E+001, 8.6340905E+001, 0.0000000E+000, 3.6425305E-002, 0.0000000E+000, 0.0000000E+000
 1.5991846E+002, 5.9387682E+002, 0.0000000E+000,-1.8921999E+002,-2.5331081E+002,-6.4609155E+001, 7.7310192E-002, 0.0000000E+000, 0.0000000E+000, 8.7806292E+001, 8.6814179E+001, 0.0000000E+000, 3.6516588E-002, 0.0000000E+000, 0.0000000E+000
 1.6020413E+002, 5.9385527E+002, 0.0000000E+000,-2.0612443E+002,-2.6091760E+002,-6.4034085E+001, 7.8515094E-002, 0.0000000E+000, 0.0000000E+000, 6.5595198E+001, 6.2857675E+001, 0.0000000E+000, 3.6608537E-002, 0.0000000E+000, 0.0000000E+000
 1.6050410E+002, 6.0044659E+002, 0.0000000E+000,-1.9829045E+002,-2.7405651E+002,-6.4063357E+001, 7.9011099E-002, 0.0000000E+000, 0.0000000E+000, 6.3908840E+001, 6.4115283E+001, 0.0000000E+000, 3.6698606E-002, 0.0000000E+000, 0.0000000E+000
 1.6083594E+002, 6.0276413E+002, 0.0000000E+000,-1.9920204E+002,-2.9082351E+002,-6.4091370E+001, 7.8316702E-002, 0.0000000E+000, 0.0000000E+000, 5.1105452E+001, 4.8725525E+001, 0.0000000E+000, 3.6793826E-002, 0.0000000E+000, 0.0000000E+000
 1.6110211E+002, 6.0515889E+002, 0.0000000E+000,-2.0201045E+002,-3.0656993E+002,-6.3918552E+001, 7.8430209E-002, 0.0000000E+000, 0.0000000E+000, 3.4256628E+001, 3.2738383E+001, 0.0000000E+000, 3.6890244E-002, 0.0000000E+000, 0.0000000E+000
 1.6140929E+002, 6.1322669E+002, 0.0000000E+000,-1.9731204E+002,-3.0654547E+002,-6.5474120E+001, 7.8508849E-002, 0.0000000E+000, 0.0000000E+000, 4.2968122E+001, 4.3973573E+001, 0.0000000E+000, 3.6973107E-002, 0.0000000E+000, 0.0000000E+000
 1.6170647E+002, 6.0761253E+002, 0.0000000E+000,-1.8351605E+002,-3.0514531E+002,-6.6244896E+001, 7.9038838E-002, 0.0000000E+000, 0.0000000E+000, 5.3527860E+001, 5.2785309E+001, 0.0000000E+000, 3.7066396E-002, 0.0000000E+000, 0.0000000E+000
 1.6200363E+002, 6.0136339E+002, 0.0000000E+000,-1.9888421E+002,-2.9695356E+002,-6.5827674E+001, 7.8780706E-002, 0.0000000E+000, 0.0000000E+000, 4.3470320E+001, 3.9776721E+001, 0.0000000E+000, 3.7154472E-002, 0.0000000E+000, 0.0000000E+000
 1.6230080E+002, 6.0691066E+002, 0.0000000E+000,-2.0401569E+002,-2.9222473E+002,-6.5742826E+001, 7.9860152E-002, 0.0000000E+000, 0.0000000E+000, 4.3743209E+001, 4.5007280E+001, 0.0000000E+000, 3.7247967E-002, 0.0000000E+000, 0.0000000E+000
 1.6262108E+002, 6.1103068E+002, 0.0000000E+000,-1.9850866E+002,-2.9040892E+002,-6.6847810E+001, 7.8794097E-002, 0.0000000E+000, 0.0000000E+000, 5.6648597E+001, 5.5344082E+001, 0.0000000E+000, 3.7342343E-002, 0.0000000E+000, 0.0000000E+000
 1.6292226E+002, 6.2692885E+002, 0.0000000E+000,-2.0520074E+002,-2.7989957E+002,-6.6969724E+001, 7.9620060E-002, 0.0000000E+000, 0.0000000E+000, 7.4077854E+001, 7.4938434E+001, 0.0000000E+000, 3.7433571E-002, 0.0000000E+000, 0.0000000E+000
 1.6321057E+002, 6.2219860E+002, 0.0000000E+000,-2.1338801E+002,-2.6857419E+002,-6.7784005E+001, 8.1244970E-002, 0.0000000E+000, 0.0000000E+000, 7.6692668E+001, 7.2533647E+001, 0.0000000E+000, 3.7524390E-002, 0.0000000E+000, 0.0000000E+000
 1.6352771E+002, 6.0944206E+002, 0.0000000E+000,-2.0065455E+002,-2.6318062E+002,-6.8735974E+001, 8.1033537E-002, 0.0000000E+000, 0.0000000E+000, 7.5862073E+001, 7.6951949E+001, 0.0000000E+000, 3.7617886E-002, 0.0000000E+000, 0.0000000E+000
 1.6383781E+002, 6.2183779E+002, 0.0000000E+000,-1.9296446E+002,-2.6012875E+002,-6.8739580E+001, 8.0839921E-002, 0.0000000E+000, 0.0000000E+000, 1.0161180E+002, 1.0008584E+002, 0.0000000E+000, 3.7713415E-002, 0.0000000E+000, 0.0000000E+000
 1.6411937E+002, 6.3158480E+002, 0.0000000E+000,-2.0177306E+002,-2.6465702E+002,-6.8610704E+001, 8.1754712E-002, 0.0000000E+000, 0.0000000E+000, 9.9296883E+001, 9.6625775E+001, 0.0000000E+000, 3.7804827E-002, 0.0000000E+000, 0.0000000E+000
 1.6441620E+002, 6.3085080E+002, 0.0000000E+000,-1.9550198E+002,-2.7314403E+002,-6.9202838E+001, 8.2485958E-002, 0.0000000E+000, 0.0000000E+000, 9.7314856E+001, 9.3084439E+001, 0.0000000E+000, 3.7891748E-002, 0.0000000E+000, 0.0000000E+000
 1.6471037E+002, 6.0529099E+002, 0.0000000E+000,-2.0086157E+002,-2.6967466E+002,-6.9845109E+001, 8.3508850E-002, 0.0000000E+000, 0.0000000E+000, 7.0711353E+001, 6.4993160E+001, 0.0000000E+000, 3.7981229E-002, 0.0000000E+000, 0.0000000E+000
 1.6502443E+002, 6.1182438E+002, 0.0000000E+000,-1.9559884E+002,-2.6704935E+002,-6.9164999E+001, 8.3049392E-002, 0.0000000E+000, 0.0000000E+000, 7.9823377E+001, 8.0094243E+001, 0.0000000E+000, 3.8075881E-002, 0.0000000E+000, 0.0000000E+000
 1.6530360E+002, 6.1601723E+002, 0.0000000E+000,-2.0460799E+002,-2.7412420E+002,-6.8002321E+001, 8.1977471E-002, 0.0000000E+000, 0.0000000E+000, 7.3749671E+001, 6.9364696E+001, 0.0000000E+000, 3.8164634E-002, 0.0000000E+000, 0.0000000E+000
 1.6561911E+002, 6.2258103E+002, 0.0000000E+000,-2.0633257E+002,-2.8598791E+002,-6.7358020E+001, 8.0505107E-002, 0.0000000E+000, 0.0000000E+000, 6.3907002E+001, 6.2983027E+001, 0.0000000E+000, 3.8254318E-002, 0.0000000E+000, 0.0000000E+000
 1.6591530E+002, 6.2879572E+002, 0.0000000E+000,-1.9926467E+002,-2.9649939E+002,-6.7989129E+001, 8.3224990E-002, 0.0000000E+000, 0.0000000E+000, 6.8015027E+001, 6.5125752E+001, 0.0000000E+000, 3.8347882E-002, 0.0000000E+000, 0.0000000E+000
 1.6622397E+002, 6.3356236E+002, 0.0000000E+000,-2.0923624E+002,-3.0465400E+002,-6.7635219E+001, 8.2768040E-002, 0.0000000E+000, 0.0000000E+000, 5.3629316E+001, 5.2119664E+001, 0.0000000E+000, 3.8441734E-002, 0.0000000E+000, 0.0000000E+000
 1.6653262E+002, 6.3200323E+002, 0.0000000E+000,-2.0450198E+002,-3.1466097E+002,-6.7363630E+001, 8.3242097E-002, 0.0000000E+000, 0.0000000E+000, 4.7044271E+001, 4.5559896E+001, 0.0000000E+000, 3.8533875E-002, 0.0000000E+000, 0.0000000E+000
 1.6680699E+002, 6.3166972E+002, 0.0000000E+000,-2.0452829E+002,-3.2408867E+002,-6.7566071E+001, 8.4022250E-002, 0.0000000E+000, 0.0000000E+000, 3.7569378E+001, 3.5570714E+001, 0.0000000E+000, 3.8623476E-002, 0.0000000E+000, 0.0000000E+000
 1.6712561E+002, 6.4063898E+002, 0.0000000E+000,-2.0918060E+002,-3.3225651E+002,-6.7692213E+001, 8.3115196E-002, 0.0000000E+000, 0.0000000E+000, 3.1990471E+001, 3.1592779E+001, 0.0000000E+000, 3.8713914E-002, 0.0000000E+000, 0.0000000E+000
 1.6741840E+002, 6.3115962E+002, 0.0000000E+000,-1.9979804E+002,-3.3358110E+002,-6.7944217E+001, 8.2674856E-002, 0.0000000E+000, 0.0000000E+000, 3.1920335E+001, 2.9918945E+001, 0.0000000E+000, 3.8809451E-002, 0.0000000E+000, 0.0000000E+000
 1.6771863E+002, 6.4266460E+002, 0.0000000E+000,-2.1201626E+002,-3.2892589E+002,-6.7899749E+001, 8.2721702E-002, 0.0000000E+000, 0.0000000E+000, 3.6162751E+001, 3.3905417E+001, 0.0000000E+000, 3.8897303E-002, 0.0000000E+000, 0.0000000E+000
 1.6801054E+002, 6.3171465E+002, 0.0000000E+000,-2.2071488E+002,-3.2210381E+002,-6.8636961E+001, 8.3402894E-002, 0.0000000E+000, 0.0000000E+000, 2.1875901E+001, 2.0342407E+001, 0.0000000E+000, 3.8987805E-002, 0.0000000E+000, 0.0000000E+000
 1.6830244E+002, 6.4328552E+002, 0.0000000E+000,-2.0488122E+002,-3.1988071E+002,-6.9525325E+001, 8.3854093E-002, 0.0000000E+000, 0.0000000E+000, 4.7682507E+001, 4.9082116E+001, 0.0000000E+000, 3.9078591E-002, 0.0000000E+000, 0.0000000E+000
 1.6862030E+002, 6.5126928E+002, 0.0000000E+000,-1.9916415E+002,-3.1966059E+002,-6.9881230E+001, 8.4343711E-002, 0.0000000E+000, 0.0000000E+000, 6.2847674E+001, 6.2647659E+001, 0.0000000E+000, 3.9171229E-002, 0.0000000E+000, 0.0000000E+000
 1.6891942E+002, 6.4111680E+002, 0.0000000E+000,-2.0018808E+002,-3.1609807E+002,-6.8079738E+001, 8.3656315E-002, 0.0000000E+000, 0.0000000E+000, 5.9843070E+001, 5.6834568E+001, 0.0000000E+000, 3.9263032E-002, 0.0000000E+000, 0.0000000E+000
 1.6921696E+002, 6.3711006E+002, 0.0000000E+000,-2.0616003E+002,-3.1010973E+002,-6.6611608E+001, 8.4167722E-002, 0.0000000E+000, 0.0000000E+000, 5.5532036E+001, 5.4312866E+001, 0.0000000E+000, 3.9354432E-002, 0.0000000E+000, 0.0000000E+000
 1.6952878E+002, 6.4782140E+002, 0.0000000E+000,-2.0633891E+002,-3.0899409E+002,-6.6370057E+001, 8.3104369E-002, 0.0000000E+000, 0.0000000E+000, 6.6644841E+001, 6.6201442E+001, 0.0000000E+000, 3.9447864E-002, 0.0000000E+000, 0.0000000E+000
 1.6981158E+002, 6.5044936E+002, 0.0000000E+000,-2.1481568E+002,-3.0902654E+002,-6.7028412E+001, 8.3532446E-002, 0.0000000E+000, 0.0000000E+000, 6.0959234E+001, 5.9662268E+001, 0.0000000E+000, 3.9539024E-002, 0.0000000E+000, 0.0000000E+000
 1.7010437E+002, 6.3651949E+002, 0.0000000E+000,-1.8865639E+002,-3.0530408E+002,-6.6879606E+001, 8.4431427E-002, 0.0000000E+000, 0.0000000E+000, 7.6751008E+001, 7.5763844E+001, 0.0000000E+000, 3.9628049E-002, 0.0000000E+000, 0.0000000E+000
 1.7041702E+002, 6.6354065E+002, 0.0000000E+000,-2.1436216E+002,-2.9716984E+002,-6.6773609E+001, 8.5200057E-002, 0.0000000E+000, 0.0000000E+000, 8.5485329E+001, 8.5320237E+001, 0.0000000E+000, 3.9718822E-002, 0.0000000E+000, 0.0000000E+000
 1.7073250E+002, 6.6411504E+002, 0.0000000E+000,-2.2066152E+002,-2.8750611E+002,-6.8008185E+001, 8.6479976E-002, 0.0000000E+000, 0.0000000E+000, 8.8640844E+001, 8.8025701E+001, 0.0000000E+000, 3.9814205E-002, 0.0000000E+000, 0.0000000E+000
 1.7100664E+002, 6.5970926E+002, 0.0000000E+000,-2.1023884E+002,-2.9744273E+002,-6.9274194E+001, 8.4959800E-002, 0.0000000E+000, 0.0000000E+000, 8.5173703E+001, 8.2838456E+001, 0.0000000E+000, 3.9903963E-002, 0.0000000E+000, 0.0000000E+000
 1.7131505E+002, 6.6358346E+002, 0.0000000E+000,-2.1137627E+002,-3.1640388E+002,-6.9509465E+001, 8.5123654E-002, 0.0000000E+000, 0.0000000E+000, 6.9016006E+001, 6.6378968E+001, 0.0000000E+000, 3.9993225E-002, 0.0000000E+000, 0.0000000E+000
 1.7162346E+002, 6.3810603E+002, 0.0000000E+000,-2.1443470E+002,-3.2316284E+002,-6.9051243E+001, 8.5817209E-002, 0.0000000E+000, 0.0000000E+000, 3.4227344E+001, 3.1543062E+001, 0.0000000E+000, 4.0088076E-002, 0.0000000E+000, 0.0000000E+000
 1.7193529E+002, 6.4224538E+002, 0.0000000E+000,-2.0638563E+002,-3.2867324E+002,-7.0260271E+001, 8.6511241E-002, 0.0000000E+000, 0.0000000E+000, 3.7301412E+001, 3.7012754E+001, 0.0000000E+000, 4.0180649E-002, 0.0000000E+000, 0.0000000E+000
 1.7221964E+002, 6.5276144E+002, 0.0000000E+000,-2.1543537E+002,-3.2801433E+002,-7.1240743E+001, 8.5103709E-002, 0.0000000E+000, 0.0000000E+000, 3.7742147E+001, 3.8156108E+001, 0.0000000E+000, 4.0272868E-002, 0.0000000E+000, 0.0000000E+000
 1.7250409E+002, 6.6264415E+002, 0.0000000E+000,-2.1449618E+002,-3.3042437E+002,-7.1299408E+001, 8.4185559E-002, 0.0000000E+000, 0.0000000E+000, 4.7936259E+001, 4.6508375E+001, 0.0000000E+000, 4.0359756E-002, 0.0000000E+000, 0.0000000E+000
 1.7280281E+002, 6.5590626E+002, 0.0000000E+000,-2.2295443E+002,-3.2320565E+002,-7.1942079E+001, 8.4894239E-002, 0.0000000E+000, 0.0000000E+000, 4.1131771E+001, 3.7889001E+001, 0.0000000E+000, 4.0446926E-002, 0.0000000E+000, 0.0000000E+000
 1.7313147E+002, 6.7092637E+002, 0.0000000E+000,-2.1903646E+002,-3.2044308E+002,-7.2997840E+001, 8.5661165E-002, 0.0000000E+000, 0.0000000E+000, 5.5892100E+001, 5.8534650E+001, 0.0000000E+000, 4.0543902E-002, 0.0000000E+000, 0.0000000E+000
 1.7342213E+002, 6.7100003E+002, 0.0000000E+000,-2.2445387E+002,-3.1490503E+002,-7.3615837E+001, 8.5766449E-002, 0.0000000E+000, 0.0000000E+000, 6.0976017E+001, 5.8111057E+001, 0.0000000E+000, 4.0639633E-002, 0.0000000E+000, 0.0000000E+000
 1.7372307E+002, 6.5881853E+002, 0.0000000E+000,-2.1744099E+002,-3.0501408E+002,-7.2864679E+001, 8.5665874E-002, 0.0000000E+000, 0.0000000E+000, 6.6120922E+001, 6.3584446E+001, 0.0000000E+000, 4.0727642E-002, 0.0000000E+000, 0.0000000E+000
 1.7402400E+002, 6.5629336E+002, 0.0000000E+000,-2.2719265E+002,-3.1050451E+002,-7.2440728E+001, 8.6912032E-002, 0.0000000E+000, 0.0000000E+000, 5.0251670E+001, 4.6242388E+001, 0.0000000E+000, 4.0821138E-002, 0.0000000E+000, 0.0000000E+000
 1.7431155E+002, 6.8289934E+002, 0.0000000E+000,-2.3696916E+002,-3.1075080E+002,-7.2325773E+001, 8.7300905E-002, 0.0000000E+000, 0.0000000E+000, 5.8799217E+001, 6.2940917E+001, 0.0000000E+000, 4.0909387E-002, 0.0000000E+000, 0.0000000E+000
 1.7460164E+002, 6.8735921E+002, 0.0000000E+000,-2.2669604E+002,-3.1102068E+002,-7.3244113E+001, 8.7468081E-002, 0.0000000E+000, 0.0000000E+000, 7.7029179E+001, 7.6485844E+001, 0.0000000E+000, 4.0997930E-002, 0.0000000E+000, 0.0000000E+000
 1.7492789E+002, 6.7160697E+002, 0.0000000E+000,-2.2206350E+002,-3.2261542E+002,-7.3566850E+001, 8.4568071E-002, 0.0000000E+000, 0.0000000E+000, 5.6348999E+001, 5.3445762E+001, 0.0000000E+000, 4.1091463E-002, 0.0000000E+000, 0.0000000E+000
 1.7520192E+002, 6.5636528E+002, 0.0000000E+000,-2.2403969E+002,-3.2320447E+002,-7.5035738E+001, 8.4999587E-002, 0.0000000E+000, 0.0000000E+000, 3.7218145E+001, 3.4170386E+001, 0.0000000E+000, 4.1182346E-002, 0.0000000E+000, 0.0000000E+000
 1.7552089E+002, 6.4875168E+002, 0.0000000E+000,-2.0679143E+002,-3.1325375E+002,-7.5989549E+001, 8.6151830E-002, 0.0000000E+000, 0.0000000E+000, 5.3228260E+001, 5.2803099E+001, 0.0000000E+000, 4.1273151E-002, 0.0000000E+000, 0.0000000E+000
 1.7583209E+002, 6.9288958E+002, 0.0000000E+000,-2.4899618E+002,-3.1189791E+002,-7.5181775E+001, 8.7309978E-002, 0.0000000E+000, 0.0000000E+000, 5.6408421E+001, 5.6901026E+001, 0.0000000E+000, 4.1370687E-002, 0.0000000E+000, 0.0000000E+000
 1.7611168E+002, 6.9478161E+002, 0.0000000E+000,-2.3114753E+002,-3.1837258E+002,-7.4375543E+001, 8.5871255E-002, 0.0000000E+000, 0.0000000E+000, 7.2790141E+001, 7.0971832E+001, 0.0000000E+000, 4.1461184E-002, 0.0000000E+000, 0.0000000E+000
 1.7641173E+002, 6.8437591E+002, 0.0000000E+000,-2.2799989E+002,-3.2572708E+002,-7.3908444E+001, 8.6241443E-002, 0.0000000E+000, 0.0000000E+000, 5.7713731E+001, 5.6826738E+001, 0.0000000E+000, 4.1548780E-002, 0.0000000E+000, 0.0000000E+000
 1.7670587E+002, 6.7617254E+002, 0.0000000E+000,-2.2134025E+002,-3.3098697E+002,-7.4301968E+001, 8.7166100E-002, 0.0000000E+000, 0.0000000E+000, 5.2520116E+001, 4.9630515E+001, 0.0000000E+000, 4.1639389E-002, 0.0000000E+000, 0.0000000E+000
 1.7702200E+002, 6.7660297E+002, 0.0000000E+000,-2.3747512E+002,-3.5990212E+002,-7.4673751E+001, 8.8483951E-002, 0.0000000E+000, 0.0000000E+000, 7.4436153E+000, 4.6404698E+000, 0.0000000E+000, 4.1731707E-002, 0.0000000E+000, 0.0000000E+000
 1.7730653E+002, 7.0484797E+002, 0.0000000E+000,-2.3435659E+002,-3.7266125E+002,-7.5223298E+001, 8.7714267E-002, 0.0000000E+000, 0.0000000E+000, 2.2002317E+001, 2.2694549E+001, 0.0000000E+000, 4.1823848E-002, 0.0000000E+000, 0.0000000E+000
 1.7762267E+002, 6.9891173E+002, 0.0000000E+000,-2.0818804E+002,-3.8043182E+002,-7.5100817E+001, 8.9157225E-002, 0.0000000E+000, 0.0000000E+000, 3.3353943E+001, 3.5280206E+001, 0.0000000E+000, 4.1914634E-002, 0.0000000E+000, 0.0000000E+000
 1.7790718E+002, 6.8260804E+002, 0.0000000E+000,-2.0138186E+002,-3.7162068E+002,-7.3688426E+001, 8.9922311E-002, 0.0000000E+000, 0.0000000E+000, 4.0389147E+001, 3.6007000E+001, 0.0000000E+000, 4.2006775E-002, 0.0000000E+000, 0.0000000E+000
 1.7822647E+002, 6.7522244E+002, 0.0000000E+000,-2.2089912E+002,-3.5941105E+002,-7.4192535E+001, 9.0519788E-002, 0.0000000E+000, 0.0000000E+000, 2.3977768E+001, 2.0810256E+001, 0.0000000E+000, 4.2098044E-002, 0.0000000E+000, 0.0000000E+000
 1.7852901E+002, 6.7617256E+002, 0.0000000E+000,-2.1479959E+002,-3.4517804E+002,-7.4957706E+001, 8.8937676E-002, 0.0000000E+000, 0.0000000E+000, 4.0388425E+001, 4.1326160E+001, 0.0000000E+000, 4.2190917E-002, 0.0000000E+000, 0.0000000E+000
 1.7882462E+002, 7.0481400E+002, 0.0000000E+000,-2.3711655E+002,-3.3292796E+002,-7.4300875E+001, 8.7259924E-002, 0.0000000E+000, 0.0000000E+000, 5.8482234E+001, 6.0555881E+001, 0.0000000E+000, 4.2285297E-002, 0.0000000E+000, 0.0000000E+000
 1.7912204E+002, 7.0736794E+002, 0.0000000E+000,-2.3625024E+002,-3.2967429E+002,-7.4075380E+001, 8.7199648E-002, 0.0000000E+000, 0.0000000E+000, 6.8242825E+001, 6.7455231E+001, 0.0000000E+000, 4.2373984E-002, 0.0000000E+000, 0.0000000E+000
 1.7941946E+002, 6.9240838E+002, 0.0000000E+000,-2.3108631E+002,-3.3008763E+002,-7.6142329E+001, 9.0037184E-002, 0.0000000E+000, 0.0000000E+000, 5.8825109E+001, 5.5182150E+001, 0.0000000E+000, 4.2466125E-002, 0.0000000E+000, 0.0000000E+000
 1.7972350E+002, 6.9322840E+002, 0.0000000E+000,-2.3126386E+002,-3.2865149E+002,-7.8057618E+001, 9.1323870E-002, 0.0000000E+000, 0.0000000E+000, 5.6405964E+001, 5.5346749E+001, 0.0000000E+000, 4.2556336E-002, 0.0000000E+000, 0.0000000E+000
 1.8001431E+002, 6.9964060E+002, 0.0000000E+000,-2.2713962E+002,-3.2162850E+002,-7.7570397E+001, 9.1990532E-002, 0.0000000E+000, 0.0000000E+000, 6.9977159E+001, 7.3394074E+001, 0.0000000E+000, 4.2649390E-002, 0.0000000E+000, 0.0000000E+000
 1.8030948E+002, 6.9930918E+002, 0.0000000E+000,-2.2873640E+002,-3.2824544E+002,-7.5993003E+001, 9.0253186E-002, 0.0000000E+000, 0.0000000E+000, 7.2641417E+001, 6.6424596E+001, 0.0000000E+000, 4.2736783E-002, 0.0000000E+000, 0.0000000E+000
 1.8060408E+002, 6.9826089E+002, 0.0000000E+000,-2.2859979E+002,-3.4469541E+002,-7.5094615E+001, 8.9023431E-002, 0.0000000E+000, 0.0000000E+000, 5.2418700E+001, 4.9960103E+001, 0.0000000E+000, 4.2826794E-002, 0.0000000E+000, 0.0000000E+000
 1.8091264E+002, 7.0343254E+002, 0.0000000E+000,-2.3679741E+002,-3.5536748E+002,-7.6612622E+001, 9.0143488E-002, 0.0000000E+000, 0.0000000E+000, 3.7005168E+001, 3.4745172E+001, 0.0000000E+000, 4.2919069E-002, 0.0000000E+000, 0.0000000E+000
 1.8120155E+002, 7.1032031E+002, 0.0000000E+000,-2.2394248E+002,-3.7629908E+002,-7.9156050E+001, 9.0049273E-002, 0.0000000E+000, 0.0000000E+000, 3.1523480E+001, 3.1012753E+001, 0.0000000E+000, 4.3009354E-002, 0.0000000E+000, 0.0000000E+000
 1.8151012E+002, 7.0477196E+002, 0.0000000E+000,-2.3303594E+002,-3.6722742E+002,-7.8290874E+001, 9.1193644E-002, 0.0000000E+000, 0.0000000E+000, 2.8126250E+001, 2.6308911E+001, 0.0000000E+000, 4.3101220E-002, 0.0000000E+000, 0.0000000E+000
 1.8182477E+002, 7.1050873E+002, 0.0000000E+000,-2.4632494E+002,-3.3188151E+002,-7.8783923E+001, 9.1262405E-002, 0.0000000E+000, 0.0000000E+000, 5.3106615E+001, 5.3609610E+001, 0.0000000E+000, 4.3196315E-002, 0.0000000E+000, 0.0000000E+000
 1.8211516E+002, 7.1265793E+002, 0.0000000E+000,-2.3767272E+002,-3.0657548E+002,-8.1330207E+001, 9.1428359E-002, 0.0000000E+000, 0.0000000E+000, 8.7433495E+001, 8.7170958E+001, 0.0000000E+000, 4.3288661E-002, 0.0000000E+000, 0.0000000E+000
 1.8241748E+002, 7.0909706E+002, 0.0000000E+000,-2.3072803E+002,-2.8790675E+002,-8.1661944E+001, 9.1015957E-002, 0.0000000E+000, 0.0000000E+000, 1.0771875E+002, 1.0889135E+002, 0.0000000E+000, 4.3379404E-002, 0.0000000E+000, 0.0000000E+000
 1.8272890E+002, 7.0089397E+002, 0.0000000E+000,-2.2486993E+002,-2.9050930E+002,-8.1059429E+001, 9.0995682E-002, 0.0000000E+000, 0.0000000E+000, 1.0818490E+002, 1.0454631E+002, 0.0000000E+000, 4.3472075E-002, 0.0000000E+000, 0.0000000E+000
 1.8300186E+002, 7.1832545E+002, 0.0000000E+000,-2.2728863E+002,-3.1960648E+002,-8.0736221E+001, 9.1709925E-002, 0.0000000E+000, 0.0000000E+000, 9.0182365E+001, 9.0785830E+001, 0.0000000E+000, 4.3561361E-002, 0.0000000E+000, 0.0000000E+000
 1.8331415E+002, 7.2161924E+002, 0.0000000E+000,-2.2743545E+002,-3.3434919E+002,-7.9661946E+001, 9.3416874E-002, 0.0000000E+000, 0.0000000E+000, 8.3990445E+001, 8.0266073E+001, 0.0000000E+000, 4.3650900E-002, 0.0000000E+000, 0.0000000E+000
 1.8361273E+002, 7.1392997E+002, 0.0000000E+000,-2.3121753E+002,-3.3092633E+002,-7.8976664E+001, 9.3689889E-002, 0.0000000E+000, 0.0000000E+000, 7.5356324E+001, 7.2903131E+001, 0.0000000E+000, 4.3743509E-002, 0.0000000E+000, 0.0000000E+000
 1.8393057E+002, 7.1820793E+002, 0.0000000E+000,-2.2656614E+002,-3.2622094E+002,-7.8925166E+001, 9.1821448E-002, 0.0000000E+000, 0.0000000E+000, 8.3435661E+001, 8.6587504E+001, 0.0000000E+000, 4.3837398E-002, 0.0000000E+000, 0.0000000E+000
 1.8422369E+002, 7.2639412E+002, 0.0000000E+000,-2.2781065E+002,-3.3407080E+002,-7.8442065E+001, 9.5102790E-002, 0.0000000E+000, 0.0000000E+000, 8.9374769E+001, 8.6165711E+001, 0.0000000E+000, 4.3934029E-002, 0.0000000E+000, 0.0000000E+000
 1.8451634E+002, 7.3121150E+002, 0.0000000E+000,-2.4373063E+002,-3.3148670E+002,-7.8294789E+001, 9.3230675E-002, 0.0000000E+000, 0.0000000E+000, 8.2253073E+001, 7.7792614E+001, 0.0000000E+000, 4.4022304E-002, 0.0000000E+000, 0.0000000E+000
 1.8482024E+002, 7.1607699E+002, 0.0000000E+000,-2.3774880E+002,-3.2690364E+002,-7.8394035E+001, 9.2019914E-002, 0.0000000E+000, 0.0000000E+000, 7.3941013E+001, 7.3122529E+001, 0.0000000E+000, 4.4115854E-002, 0.0000000E+000, 0.0000000E+000
 1.8511530E+002, 7.0357264E+002, 0.0000000E+000,-2.3389149E+002,-3.2869681E+002,-7.8738714E+001, 9.3285525E-002, 0.0000000E+000, 0.0000000E+000, 6.0898213E+001, 6.2338921E+001, 0.0000000E+000, 4.4200125E-002, 0.0000000E+000, 0.0000000E+000
 1.8540782E+002, 7.3762145E+002, 0.0000000E+000,-2.4273863E+002,-3.2290377E+002,-7.9436698E+001, 9.1951922E-002, 0.0000000E+000, 0.0000000E+000, 9.1848145E+001, 9.2634295E+001, 0.0000000E+000, 4.4291679E-002, 0.0000000E+000, 0.0000000E+000
 1.8572417E+002, 7.2429593E+002, 0.0000000E+000,-2.3986135E+002,-3.2691581E+002,-7.9441995E+001, 9.2361062E-002, 0.0000000E+000, 0.0000000E+000, 8.2203262E+001, 7.8169132E+001, 0.0000000E+000, 4.4384701E-002, 0.0000000E+000, 0.0000000E+000
 1.8602324E+002, 7.2089967E+002, 0.0000000E+000,-2.3416860E+002,-3.3627577E+002,-7.9864345E+001, 9.1555581E-002, 0.0000000E+000, 0.0000000E+000, 6.9944793E+001, 7.0682507E+001, 0.0000000E+000, 4.4479128E-002, 0.0000000E+000, 0.0000000E+000
 1.8630794E+002, 7.2856726E+002, 0.0000000E+000,-2.3999764E+002,-3.4778729E+002,-8.1234021E+001, 9.1126418E-002, 0.0000000E+000, 0.0000000E+000, 6.1815095E+001, 5.9639439E+001, 0.0000000E+000, 4.4567751E-002, 0.0000000E+000, 0.0000000E+000
 1.8662428E+002, 7.4205886E+002, 0.0000000E+000,-2.4657287E+002,-3.6243411E+002,-8.1966030E+001, 9.3213616E-002, 0.0000000E+000, 0.0000000E+000, 5.1954118E+001, 5.1179075E+001, 0.0000000E+000, 4.4658537E-002, 0.0000000E+000, 0.0000000E+000
 1.8690898E+002, 7.3867386E+002, 0.0000000E+000,-2.3788437E+002,-3.8176380E+002,-8.2242240E+001, 9.3417440E-002, 0.0000000E+000, 0.0000000E+000, 4.0319502E+001, 3.6876876E+001, 0.0000000E+000, 4.4750678E-002, 0.0000000E+000, 0.0000000E+000
 1.8722531E+002, 7.2746383E+002, 0.0000000E+000,-2.4510015E+002,-4.1008631E+002,-8.2311004E+001, 9.2866559E-002, 0.0000000E+000, 0.0000000E+000,-3.8212145E+000,-9.9407694E+000, 0.0000000E+000, 4.4842683E-002, 0.0000000E+000, 0.0000000E+000
 1.8751001E+002, 7.2235083E+002, 0.0000000E+000,-2.3256462E+002,-4.1546793E+002,-8.2982437E+001, 9.4832321E-002, 0.0000000E+000, 0.0000000E+000,-1.3802680E+001,-8.5693318E+000, 0.0000000E+000, 4.4933604E-002, 0.0000000E+000, 0.0000000E+000
 1.8780928E+002, 7.5072992E+002, 0.0000000E+000,-2.5179793E+002,-3.9404540E+002,-8.2864979E+001, 9.7101783E-002, 0.0000000E+000, 0.0000000E+000, 2.2701427E+001, 2.2118710E+001, 0.0000000E+000, 4.5022337E-002, 0.0000000E+000, 0.0000000E+000
 1.8812141E+002, 7.5203187E+002, 0.0000000E+000,-2.5378262E+002,-3.8211247E+002,-8.2513100E+001, 9.3581832E-002, 0.0000000E+000, 0.0000000E+000, 3.4177448E+001, 3.3717264E+001, 0.0000000E+000, 4.5115854E-002, 0.0000000E+000, 0.0000000E+000
 1.8842001E+002, 7.2695606E+002, 0.0000000E+000,-2.3164415E+002,-3.6820836E+002,-8.3642606E+001, 9.5642677E-002, 0.0000000E+000, 0.0000000E+000, 4.4770179E+001, 4.3556590E+001, 0.0000000E+000, 4.5209760E-002, 0.0000000E+000, 0.0000000E+000
 1.8872061E+002, 7.3018100E+002, 0.0000000E+000,-2.4290985E+002,-3.5323033E+002,-8.4124321E+001, 9.3393141E-002, 0.0000000E+000, 0.0000000E+000, 5.1654095E+001, 5.0009895E+001, 0.0000000E+000, 4.5299458E-002, 0.0000000E+000, 0.0000000E+000
 1.8902063E+002, 7.1712266E+002, 0.0000000E+000,-2.3106075E+002,-3.5429658E+002,-8.4115366E+001, 9.5395377E-002, 0.0000000E+000, 0.0000000E+000, 4.9148687E+001, 4.7745356E+001, 0.0000000E+000, 4.5393355E-002, 0.0000000E+000, 0.0000000E+000
 1.8931363E+002, 7.5682015E+002, 0.0000000E+000,-2.5452754E+002,-3.6449895E+002,-8.3520898E+001, 9.6142155E-002, 0.0000000E+000, 0.0000000E+000, 5.2181533E+001, 5.4368898E+001, 0.0000000E+000, 4.5482198E-002, 0.0000000E+000, 0.0000000E+000
 1.8960785E+002, 7.7752753E+002, 0.0000000E+000,-2.5970955E+002,-3.7451247E+002,-8.3132894E+001, 9.2998778E-002, 0.0000000E+000, 0.0000000E+000, 6.2257491E+001, 6.0265621E+001, 0.0000000E+000, 4.5571816E-002, 0.0000000E+000, 0.0000000E+000
 1.8991560E+002, 7.4400385E+002, 0.0000000E+000,-2.4668391E+002,-3.6870740E+002,-8.3037055E+001, 9.4085203E-002, 0.0000000E+000, 0.0000000E+000, 4.8836204E+001, 4.5669574E+001, 0.0000000E+000, 4.5663193E-002, 0.0000000E+000, 0.0000000E+000
 1.9021924E+002, 7.3794555E+002, 0.0000000E+000,-2.3892711E+002,-3.7005806E+002,-8.4356223E+001, 9.3746766E-002, 0.0000000E+000, 0.0000000E+000, 4.5278730E+001, 4.4697912E+001, 0.0000000E+000, 4.5756631E-002, 0.0000000E+000, 0.0000000E+000
 1.9053354E+002, 7.4622552E+002, 0.0000000E+000,-2.4893167E+002,-3.8929005E+002,-8.6073685E+001, 9.5360215E-002, 0.0000000E+000, 0.0000000E+000, 2.4318899E+001, 2.2025472E+001, 0.0000000E+000, 4.5850949E-002, 0.0000000E+000, 0.0000000E+000
 1.9081293E+002, 7.4958921E+002, 0.0000000E+000,-2.5339501E+002,-4.1673735E+002,-8.7192566E+001, 9.5385368E-002, 0.0000000E+000, 0.0000000E+000,-3.5311146E+000,-7.6403302E+000, 0.0000000E+000, 4.5942073E-002, 0.0000000E+000, 0.0000000E+000
 1.9112723E+002, 7.6896870E+002, 0.0000000E+000,-2.6445962E+002,-4.1178687E+002,-8.6274730E+001, 9.4372842E-002, 0.0000000E+000, 0.0000000E+000, 7.1240748E+000, 6.5418559E+000, 0.0000000E+000, 4.6032520E-002, 0.0000000E+000, 0.0000000E+000
 1.9140125E+002, 7.5658181E+002, 0.0000000E+000,-2.5863471E+002,-4.0380328E+002,-8.4948139E+001, 9.3367791E-002, 0.0000000E+000, 0.0000000E+000, 1.3644276E+001, 9.2890481E+000, 0.0000000E+000, 4.6122609E-002, 0.0000000E+000, 0.0000000E+000
 1.9170012E+002, 7.5324891E+002, 0.0000000E+000,-2.6430149E+002,-4.1427235E+002,-8.6313491E+001, 9.3721760E-002, 0.0000000E+000, 0.0000000E+000,-1.0504289E+001,-1.1544693E+001, 0.0000000E+000, 4.6210976E-002, 0.0000000E+000, 0.0000000E+000
 1.9203575E+002, 7.2814382E+002, 0.0000000E+000,-2.2806366E+002,-4.2077534E+002,-8.6896510E+001, 9.4766444E-002, 0.0000000E+000, 0.0000000E+000,-7.5204092E+000,-7.4969305E+000, 0.0000000E+000, 4.6306388E-002, 0.0000000E+000, 0.0000000E+000
 1.9232272E+002, 7.8125768E+002, 0.0000000E+000,-2.6373240E+002,-4.0568126E+002,-8.3854052E+001, 9.6412014E-002, 0.0000000E+000, 0.0000000E+000, 2.9772520E+001, 2.8086379E+001, 0.0000000E+000, 4.6401825E-002, 0.0000000E+000, 0.0000000E+000
 1.9261742E+002, 7.7841224E+002, 0.0000000E+000,-2.6604604E+002,-3.9380200E+002,-8.2219881E+001, 9.8142095E-002, 0.0000000E+000, 0.0000000E+000, 3.6342892E+001, 3.6442465E+001, 0.0000000E+000, 4.6490270E-002, 0.0000000E+000, 0.0000000E+000
 1.9292873E+002, 7.6504406E+002, 0.0000000E+000,-2.5758437E+002,-3.7747613E+002,-8.2095403E+001, 9.7681698E-002, 0.0000000E+000, 0.0000000E+000, 5.1081509E+001, 4.7985846E+001, 0.0000000E+000, 4.6580656E-002, 0.0000000E+000, 0.0000000E+000
 1.9320137E+002, 7.5509301E+002, 0.0000000E+000,-2.5088363E+002,-3.7601372E+002,-8.2932977E+001, 9.6778981E-002, 0.0000000E+000, 0.0000000E+000, 4.6632788E+001, 4.5359461E+001, 0.0000000E+000, 4.6670732E-002, 0.0000000E+000, 0.0000000E+000
 1.9350040E+002, 7.7628865E+002, 0.0000000E+000,-2.5304449E+002,-3.8077338E+002,-8.4439191E+001, 9.6964428E-002, 0.0000000E+000, 0.0000000E+000, 5.3886399E+001, 5.8128557E+001, 0.0000000E+000, 4.6759168E-002, 0.0000000E+000, 0.0000000E+000
 1.9382507E+002, 7.7975027E+002, 0.0000000E+000,-2.5255968E+002,-3.6824667E+002,-8.4610361E+001, 9.8224979E-002, 0.0000000E+000, 0.0000000E+000, 7.9292137E+001, 7.4431782E+001, 0.0000000E+000, 4.6851576E-002, 0.0000000E+000, 0.0000000E+000
 1.9411047E+002, 7.3989479E+002, 0.0000000E+000,-2.3902985E+002,-3.7018850E+002,-8.5520055E+001, 9.9677277E-002, 0.0000000E+000, 0.0000000E+000, 4.6418032E+001, 4.5256062E+001, 0.0000000E+000, 4.6946456E-002, 0.0000000E+000, 0.0000000E+000
 1.9443002E+002, 7.7660549E+002, 0.0000000E+000,-2.5925462E+002,-3.7674447E+002,-8.7071565E+001, 9.8315188E-002, 0.0000000E+000, 0.0000000E+000, 5.3408560E+001, 5.3633138E+001, 0.0000000E+000, 4.7038875E-002, 0.0000000E+000, 0.0000000E+000
 1.9472372E+002, 7.7448224E+002, 0.0000000E+000,-2.6492621E+002,-4.1536139E+002,-8.7490228E+001, 9.8733228E-002, 0.0000000E+000, 0.0000000E+000, 1.3747535E+001, 6.8031370E+000, 0.0000000E+000, 4.7132368E-002, 0.0000000E+000, 0.0000000E+000
 1.9500639E+002, 7.6390056E+002, 0.0000000E+000,-2.4680502E+002,-4.4156420E+002,-8.7549280E+001, 9.7546441E-002, 0.0000000E+000, 0.0000000E+000,-8.2288198E+000,-1.1920393E+001, 0.0000000E+000, 4.7218931E-002, 0.0000000E+000, 0.0000000E+000
 1.9530254E+002, 7.8907990E+002, 0.0000000E+000,-2.7545221E+002,-4.3562030E+002,-8.6535991E+001, 9.8557466E-002, 0.0000000E+000, 0.0000000E+000,-1.0766534E+001,-8.4300410E+000, 0.0000000E+000, 4.7310976E-002, 0.0000000E+000, 0.0000000E+000
 1.9561017E+002, 7.7445853E+002, 0.0000000E+000,-2.3890981E+002,-4.2387043E+002,-8.5116033E+001, 9.8733275E-002, 0.0000000E+000, 0.0000000E+000, 2.4993544E+001, 2.6660991E+001, 0.0000000E+000, 4.7397886E-002, 0.0000000E+000, 0.0000000E+000
 1.9592931E+002, 7.6493855E+002, 0.0000000E+000,-2.5293188E+002,-4.2976896E+002,-8.5042781E+001, 9.9187294E-002, 0.0000000E+000, 0.0000000E+000, 1.4666086E-001,-2.7058811E+000, 0.0000000E+000, 4.7495122E-002, 0.0000000E+000, 0.0000000E+000
 1.9622232E+002, 7.7198499E+002, 0.0000000E+000,-2.5311918E+002,-4.2022647E+002,-8.5096300E+001, 9.9719151E-002, 0.0000000E+000, 0.0000000E+000, 1.2811178E+001, 1.3642754E+001, 0.0000000E+000, 4.7590340E-002, 0.0000000E+000, 0.0000000E+000
 1.9650630E+002, 7.8719846E+002, 0.0000000E+000,-2.6019617E+002,-3.9291398E+002,-8.4975313E+001, 9.8037410E-002, 0.0000000E+000, 0.0000000E+000, 4.6100912E+001, 4.9211037E+001, 0.0000000E+000, 4.7676969E-002, 0.0000000E+000, 0.0000000E+000
 1.9680501E+002, 7.9337201E+002, 0.0000000E+000,-2.6235512E+002,-3.8833986E+002,-8.5357391E+001, 9.7587784E-002, 0.0000000E+000, 0.0000000E+000, 5.9332360E+001, 5.7417232E+001, 0.0000000E+000, 4.7764564E-002, 0.0000000E+000, 0.0000000E+000
 1.9711189E+002, 7.6677160E+002, 0.0000000E+000,-2.4977965E+002,-4.0570960E+002,-8.7175594E+001, 9.9259620E-002, 0.0000000E+000, 0.0000000E+000, 2.6702010E+001, 2.4206020E+001, 0.0000000E+000, 4.7857743E-002, 0.0000000E+000, 0.0000000E+000
 1.9741615E+002, 7.9550798E+002, 0.0000000E+000,-2.6008460E+002,-4.0536870E+002,-8.8079055E+001, 9.8953385E-002, 0.0000000E+000, 0.0000000E+000, 4.2338991E+001, 4.2074583E+001, 0.0000000E+000, 4.7950983E-002, 0.0000000E+000, 0.0000000E+000
 1.9770860E+002, 7.8615884E+002, 0.0000000E+000,-2.6272775E+002,-4.2048327E+002,-8.8289768E+001, 9.7209225E-002, 0.0000000E+000, 0.0000000E+000, 1.7767085E+001, 1.4755267E+001, 0.0000000E+000, 4.8042005E-002, 0.0000000E+000, 0.0000000E+000
 1.9800346E+002, 7.9383650E+002, 0.0000000E+000,-2.7300771E+002,-4.2596568E+002,-8.8885212E+001, 9.8906109E-002, 0.0000000E+000, 0.0000000E+000, 7.1117737E+000, 6.0767946E+000, 0.0000000E+000, 4.8131320E-002, 0.0000000E+000, 0.0000000E+000
 1.9830470E+002, 7.8616232E+002, 0.0000000E+000,-2.6205596E+002,-3.9881118E+002,-8.9061758E+001, 9.8558150E-002, 0.0000000E+000, 0.0000000E+000, 3.4007996E+001, 3.6331973E+001, 0.0000000E+000, 4.8223249E-002, 0.0000000E+000, 0.0000000E+000
 1.9861467E+002, 7.9786822E+002, 0.0000000E+000,-2.7172781E+002,-3.7454657E+002,-8.9703602E+001, 9.8747802E-002, 0.0000000E+000, 0.0000000E+000, 6.2454315E+001, 6.1988980E+001, 0.0000000E+000, 4.8314856E-002, 0.0000000E+000, 0.0000000E+000
 1.9891336E+002, 7.8695714E+002, 0.0000000E+000,-2.5473591E+002,-3.6883666E+002,-9.0383506E+001, 9.8935066E-002, 0.0000000E+000, 0.0000000E+000, 7.5790999E+001, 7.3100000E+001, 0.0000000E+000, 4.8408422E-002, 0.0000000E+000, 0.0000000E+000
 1.9921521E+002, 8.0123439E+002, 0.0000000E+000,-2.7569685E+002,-3.6666919E+002,-8.9330371E+001, 1.0069219E-001, 0.0000000E+000, 0.0000000E+000, 6.8446144E+001, 6.9638664E+001, 0.0000000E+000, 4.8499015E-002, 0.0000000E+000, 0.0000000E+000
 1.9952762E+002, 7.8341985E+002, 0.0000000E+000,-2.4431125E+002,-3.9165553E+002,-8.9817692E+001, 1.0053442E-001, 0.0000000E+000, 0.0000000E+000, 5.5679071E+001, 5.7735915E+001, 0.0000000E+000, 4.8591989E-002, 0.0000000E+000, 0.0000000E+000
 1.9980609E+002, 8.1600713E+002, 0.0000000E+000,-2.4612561E+002,-4.0652895E+002,-9.1009006E+001, 1.0287817E-001, 0.0000000E+000, 0.0000000E+000, 7.6015476E+001, 7.2446448E+001, 0.0000000E+000, 4.8683965E-002, 0.0000000E+000, 0.0000000E+000
 2.0013197E+002, 8.0306279E+002, 0.0000000E+000,-2.5009932E+002,-4.1327083E+002,-9.2210289E+001, 1.0240748E-001, 0.0000000E+000, 0.0000000E+000, 5.0660707E+001, 4.7584757E+001, 0.0000000E+000, 4.8765854E-002, 0.0000000E+000, 0.0000000E+000
 2.0042526E+002, 7.9629978E+002, 0.0000000E+000,-2.6139649E+002,-4.1501726E+002,-9.0754070E+001, 9.9569004E-002, 0.0000000E+000, 0.0000000E+000, 3.1635712E+001, 2.9231528E+001, 0.0000000E+000, 4.8780488E-002, 0.0000000E+000, 0.0000000E+000
 2.0071600E+002, 7.9682599E+002, 0.0000000E+000,-2.5202630E+002,-3.9928946E+002,-9.0432949E+001, 1.0063484E-001, 0.0000000E+000, 0.0000000E+000, 5.4644981E+001, 5.5177918E+001, 0.0000000E+000, 4.8780488E-002, 0.0000000E+000, 0.0000000E+000
 2.0101952E+002, 7.9784663E+002, 0.0000000E+000,-2.5810475E+002,-4.0907543E+002,-9.0647004E+001, 1.0044273E-001, 0.0000000E+000, 0.0000000E+000, 4.5429624E+001, 4.0119895E+001, 0.0000000E+000, 4.8780488E-002, 0.0000000E+000, 0.0000000E+000
 2.0130931E+002, 8.0646280E+002, 0.0000000E+000,-2.5688469E+002,-4.2448283E+002,-9.0553488E+001, 9.8401990E-002, 0.0000000E+000, 0.0000000E+000, 3.3120777E+001, 3.4640193E+001, 0.0000000E+000, 4.8780488E-002, 0.0000000E+000, 0.0000000E+000
 2.0160199E+002, 7.9988955E+002, 0.0000000E+000,-2.6667768E+002,-4.4639697E+002,-9.0085031E+001, 1.0166363E-001, 0.0000000E+000, 0.0000000E+000, 3.4551077E+000,-3.1684694E+000, 0.0000000E+000, 4.8780488E-002, 0.0000000E+000, 0.0000000E+000
 2.0191156E+002, 7.9793915E+002, 0.0000000E+000,-2.7176484E+002,-4.7012839E+002,-8.9627419E+001, 1.0318118E-001, 0.0000000E+000, 0.0000000E+000,-3.5150086E+001,-3.3478314E+001, 0.0000000E+000, 4.8780488E-002, 0.0000000E+000, 0.0000000E+000
 2.0222423E+002, 7.9901074E+002, 0.0000000E+000,-2.7451320E+002,-4.5375923E+002,-9.0499080E+001, 1.0090122E-001, 0.0000000E+000, 0.0000000E+000,-1.5688133E+001,-1.9659868E+001, 0.0000000E+000, 4.8780488E-002, 0.0000000E+000, 0.0000000E+000
 2.0253070E+002, 7.7423870E+002, 0.0000000E+000,-2.3906917E+002,-4.1898821E+002,-9.0417670E+001, 1.0082725E-001, 0.0000000E+000, 0.0000000E+000, 2.4666470E+001, 2.5864467E+001, 0.0000000E+000, 4.8780488E-002, 0.0000000E+000, 0.0000000E+000
 2.0281674E+002, 8.2254762E+002, 0.0000000E+000,-2.7145051E+002,-3.8247279E+002,-8.9920692E+001, 1.0227627E-001, 0.0000000E+000, 0.0000000E+000, 7.3897113E+001, 7.8805905E+001, 0.0000000E+000, 4.8780488E-002, 0.0000000E+000, 0.0000000E+000
 2.0311612E+002, 8.1013473E+002, 0.0000000E+000,-2.4860565E+002,-3.6483212E+002,-8.8029536E+001, 1.0294998E-001, 0.0000000E+000, 0.0000000E+000, 1.1670848E+002, 1.0877038E+002, 0.0000000E+000, 4.8780488E-002, 0.0000000E+000, 0.0000000E+000
 2.0341588E+002, 7.6809506E+002, 0.0000000E+000,-2.4424731E+002,-3.6379612E+002,-8.6801322E+001, 1.0156585E-001, 0.0000000E+000, 0.0000000E+000, 7.2823280E+001, 7.3351879E+001, 0.0000000E+000, 4.8780488E-002, 0.0000000E+000, 0.0000000E+000
 2.0372728E+002, 8.1811123E+002, 0.0000000E+000,-2.9310488E+002,-3.7567606E+002,-8.7251577E+001, 1.0119160E-001, 0.0000000E+000, 0.0000000E+000, 6.6055683E+001, 6.2179905E+001, 0.0000000E+000, 4.8780488E-002, 0.0000000E+000, 0.0000000E+000
 2.0400998E+002, 8.3276592E+002, 0.0000000E+000,-2.9388225E+002,-3.8214958E+002,-8.8611034E+001, 1.0036777E-001, 0.0000000E+000, 0.0000000E+000, 6.9552178E+001, 6.8223436E+001, 0.0000000E+000, 4.8780488E-002, 0.0000000E+000, 0.0000000E+000
 2.0432816E+002, 7.9932103E+002, 0.0000000E+000,-2.6180654E+002,-3.8741117E+002,-8.9983094E+001, 1.0167441E-001, 0.0000000E+000, 0.0000000E+000, 6.4429979E+001, 6.0221898E+001, 0.0000000E+000, 4.8780488E-002, 0.0000000E+000, 0.0000000E+000
 2.0461163E+002, 7.8538858E+002, 0.0000000E+000,-2.3928179E+002,-3.8080875E+002,-9.2449491E+001, 1.0175925E-001, 0.0000000E+000, 0.0000000E+000, 7.1985203E+001, 7.2950306E+001, 0.0000000E+000, 4.8780488E-002, 0.0000000E+000, 0.0000000E+000
 2.0492026E+002, 8.1260789E+002, 0.0000000E+000,-2.6129258E+002,-3.7463208E+002,-9.4329796E+001, 1.0360139E-001, 0.0000000E+000, 0.0000000E+000, 8.8384168E+001, 8.2457032E+001, 0.0000000E+000, 4.8780488E-002, 0.0000000E+000, 0.0000000E+000
 2.0521198E+002, 8.1939180E+002, 0.0000000E+000,-2.7509042E+002,-3.8035558E+002,-9.3854548E+001, 1.0341558E-001, 0.0000000E+000, 0.0000000E+000, 7.5643702E+001, 7.0194672E+001, 0.0000000E+000, 4.8780488E-002, 0.0000000E+000, 0.0000000E+000
 2.0552315E+002, 7.9116834E+002, 0.0000000E+000,-2.5412554E+002,-3.8869959E+002,-9.3259835E+001, 1.0294390E-001, 0.0000000E+000, 0.0000000E+000, 6.1896011E+001, 5.5186318E+001, 0.0000000E+000, 4.8780488E-002, 0.0000000E+000, 0.0000000E+000
 2.0580322E+002, 7.7665104E+002, 0.0000000E+000,-2.3956582E+002,-4.0107925E+002,-9.0653747E+001, 1.0248824E-001, 0.0000000E+000, 0.0000000E+000, 5.0282575E+001, 4.5454716E+001, 0.0000000E+000, 4.8780488E-002, 0.0000000E+000, 0.0000000E+000
 2.0611441E+002, 7.9102592E+002, 0.0000000E+000,-2.7575972E+002,-4.1191146E+002,-8.9267870E+001, 1.0269746E-001, 0.0000000E+000, 0.0000000E+000, 1.7354506E+001, 1.4189575E+001, 0.0000000E+000, 4.8780488E-002, 0.0000000E+000, 0.0000000E+000
 2.0642560E+002, 8.1815360E+002, 0.0000000E+000,-2.7536584E+002,-4.0918966E+002,-8.9646128E+001, 1.0361297E-001, 0.0000000E+000, 0.0000000E+000, 4.2812848E+001, 4.4055589E+001, 0.0000000E+000, 4.8780488E-002, 0.0000000E+000, 0.0000000E+000
 2.0670566E+002, 7.9986102E+002, 0.0000000E+000,-2.6888294E+002,-4.0059088E+002,-9.1959773E+001, 1.0390100E-001, 0.0000000E+000, 0.0000000E+000, 4.2305664E+001, 3.8531318E+001, 0.0000000E+000, 4.8780488E-002, 0.0000000E+000, 0.0000000E+000
 2.0701685E+002, 7.9362355E+002, 0.0000000E+000,-2.5843843E+002,-4.0471305E+002,-9.3297306E+001, 1.0500312E-001, 0.0000000E+000, 0.0000000E+000, 3.9756628E+001, 3.7279755E+001, 0.0000000E+000, 4.8780488E-002, 0.0000000E+000, 0.0000000E+000
 2.0731247E+002, 7.9726282E+002, 0.0000000E+000,-2.5950720E+002,-4.0199613E+002,-9.2869473E+001, 1.0386711E-001, 0.0000000E+000, 0.0000000E+000, 4.7408200E+001, 4.2993881E+001, 0.0000000E+000, 4.8780488E-002, 0.0000000E+000, 0.0000000E+000
 2.0760995E+002, 8.1827122E+002, 0.0000000E+000,-2.4951923E+002,-3.9942074E+002,-9.0775910E+001, 1.0349400E-001, 0.0000000E+000, 0.0000000E+000, 7.7935934E+001, 7.8658829E+001, 0.0000000E+000, 4.8780488E-002, 0.0000000E+000, 0.0000000E+000
 2.0791280E+002, 7.9730882E+002, 0.0000000E+000,-2.6110931E+002,-4.0814328E+002,-8.8783448E+001, 1.0265297E-001, 0.0000000E+000, 0.0000000E+000, 4.8184035E+001, 3.9375426E+001, 0.0000000E+000, 4.8780488E-002, 0.0000000E+000, 0.0000000E+000
 2.0820462E+002, 7.7941025E+002, 0.0000000E+000,-2.5533732E+002,-4.1303238E+002,-8.8036336E+001, 1.0179288E-001, 0.0000000E+000, 0.0000000E+000, 2.2277742E+001, 2.3106005E+001, 0.0000000E+000, 4.8780488E-002, 0.0000000E+000, 0.0000000E+000
 2.0851537E+002, 7.9456620E+002, 0.0000000E+000,-2.5861422E+002,-4.1590717E+002,-8.7454613E+001, 1.0429992E-001, 0.0000000E+000, 0.0000000E+000, 3.7704316E+001, 3.2694503E+001, 0.0000000E+000, 4.8780488E-002, 0.0000000E+000, 0.0000000E+000
 2.0883327E+002, 8.2537908E+002, 0.0000000E+000,-2.7094642E+002,-4.2385870E+002,-8.4316229E+001, 1.0448273E-001, 0.0000000E+000, 0.0000000E+000, 4.3050967E+001, 4.6362210E+001, 0.0000000E+000, 4.8780488E-002, 0.0000000E+000, 0.0000000E+000
 2.0912057E+002, 7.8827132E+002, 0.0000000E+000,-2.5190874E+002,-4.2984043E+002,-8.2854959E+001, 1.0356404E-001, 0.0000000E+000, 0.0000000E+000, 3.0031847E+001, 2.3770755E+001, 0.0000000E+000, 4.8780488E-002, 0.0000000E+000, 0.0000000E+000
 2.0941708E+002, 7.9315449E+002, 0.0000000E+000,-2.6822942E+002,-4.2421990E+002,-8.3526405E+001, 1.0239889E-001, 0.0000000E+000, 0.0000000E+000, 1.7634157E+001, 1.7281163E+001, 0.0000000E+000, 4.8780488E-002, 0.0000000E+000, 0.0000000E+000
 2.0971996E+002, 7.9432540E+002, 0.0000000E+000,-2.4445437E+002,-4.1607768E+002,-8.5728890E+001, 1.0415337E-001, 0.0000000E+000, 0.0000000E+000, 5.0163258E+001, 4.8168618E+001, 0.0000000E+000, 4.8780488E-002, 0.0000000E+000, 0.0000000E+000
 2.1000037E+002, 7.9950190E+002, 0.0000000E+000,-2.6262245E+002,-4.1021159E+002,-8.7134040E+001, 1.0273687E-001, 0.0000000E+000, 0.0000000E+000, 4.2460906E+001, 3.9636562E+001, 0.0000000E+000, 4.8780488E-002, 0.0000000E+000, 0.0000000E+000
 2.1031218E+002, 8.1464843E+002, 0.0000000E+000,-2.5563304E+002,-3.9271582E+002,-8.7313320E+001, 9.9900727E-002, 0.0000000E+000, 0.0000000E+000, 7.7581032E+001, 7.9086147E+001, 0.0000000E+000, 4.8780488E-002, 0.0000000E+000, 0.0000000E+000
 2.1062376E+002, 7.7615135E+002, 0.0000000E+000,-2.5765774E+002,-3.7261380E+002,-8.8589173E+001, 9.8838392E-002, 0.0000000E+000, 0.0000000E+000, 6.1586950E+001, 5.7389470E+001, 0.0000000E+000, 4.8780488E-002, 0.0000000E+000, 0.0000000E+000
 2.1090988E+002, 7.8136250E+002, 0.0000000E+000,-2.5040554E+002,-3.7929934E+002,-8.9443617E+001, 1.0303865E-001, 0.0000000E+000, 0.0000000E+000, 6.1067211E+001, 6.2317044E+001, 0.0000000E+000, 4.8780488E-002, 0.0000000E+000, 0.0000000E+000
 2.1120494E+002, 8.1268233E+002, 0.0000000E+000,-2.7030031E+002,-4.0740366E+002,-8.8773676E+001, 1.0370205E-001, 0.0000000E+000, 0.0000000E+000, 4.7867897E+001, 4.6308384E+001, 0.0000000E+000, 4.8780488E-002, 0.0000000E+000, 0.0000000E+000
 2.1153278E+002, 8.3527816E+002, 0.0000000E+000,-2.9548436E+002,-4.3570802E+002,-8.8474425E+001, 1.0387273E-001, 0.0000000E+000, 0.0000000E+000, 1.9495519E+001, 1.5715222E+001, 0.0000000E+000, 4.8780488E-002, 0.0000000E+000, 0.0000000E+000
 2.1182784E+002, 7.9417997E+002, 0.0000000E+000,-2.4336597E+002,-4.2883472E+002,-8.8888730E+001, 1.0187465E-001, 0.0000000E+000, 0.0000000E+000, 3.5042041E+001, 3.3192421E+001, 0.0000000E+000, 4.8780488E-002, 0.0000000E+000, 0.0000000E+000
 2.1211369E+002, 8.0285402E+002, 0.0000000E+000,-2.5708928E+002,-4.0761534E+002,-8.9717641E+001, 1.0078215E-001, 0.0000000E+000, 0.0000000E+000, 5.2075058E+001, 4.8532543E+001, 0.0000000E+000, 4.8780488E-002, 0.0000000E+000, 0.0000000E+000
 2.1240042E+002, 7.8753034E+002, 0.0000000E+000,-2.5410851E+002,-3.9916012E+002,-9.2142198E+001, 1.0337210E-001, 0.0000000E+000, 0.0000000E+000, 4.2033943E+001, 4.2222882E+001, 0.0000000E+000, 4.8780488E-002, 0.0000000E+000, 0.0000000E+000
 2.1271152E+002, 8.1228374E+002, 0.0000000E+000,-2.9738193E+002,-3.9078646E+002,-9.3340060E+001, 1.0228171E-001, 0.0000000E+000, 0.0000000E+000, 3.6536359E+001, 3.0877574E+001, 0.0000000E+000, 4.8780488E-002, 0.0000000E+000, 0.0000000E+000
 2.1300180E+002, 8.0307034E+002, 0.0000000E+000,-2.8064336E+002,-3.7961568E+002,-9.4214949E+001, 1.0280269E-001, 0.0000000E+000, 0.0000000E+000, 5.1624755E+001, 4.8699162E+001, 0.0000000E+000, 4.8780488E-002, 0.0000000E+000, 0.0000000E+000
 2.1330972E+002, 8.0120571E+002, 0.0000000E+000,-2.5502026E+002,-3.8607331E+002,-9.4138331E+001, 1.0388843E-001, 0.0000000E+000, 0.0000000E+000, 6.7677459E+001, 6.6077708E+001, 0.0000000E+000, 4.8780488E-002, 0.0000000E+000, 0.0000000E+000
 2.1362042E+002, 7.7995439E+002, 0.0000000E+000,-2.4161187E+002,-4.2019082E+002,-9.3568140E+001, 1.0282260E-001, 0.0000000E+000, 0.0000000E+000, 3.3463220E+001, 2.4686384E+001, 0.0000000E+000, 4.8780488E-002, 0.0000000E+000, 0.0000000E+000
 2.1393077E+002, 7.6711234E+002, 0.0000000E+000,-2.6142123E+002,-4.3307726E+002,-9.4860622E+001, 1.0256566E-001, 0.0000000E+000, 0.0000000E+000,-1.8809142E+001,-2.2144204E+001, 0.0000000E+000, 4.8780488E-002, 0.0000000E+000, 0.0000000E+000
 2.1422156E+002, 7.7833462E+002, 0.0000000E+000,-2.6673929E+002,-4.1226713E+002,-9.5295866E+001, 1.0377421E-001, 0.0000000E+000, 0.0000000E+000, 4.5576872E+000, 4.1361120E+000, 0.0000000E+000, 4.8780488E-002, 0.0000000E+000, 0.0000000E+000
 2.1451610E+002, 8.2409090E+002, 0.0000000E+000,-2.9203609E+002,-3.9291389E+002,-9.2039337E+001, 1.0179610E-001, 0.0000000E+000, 0.0000000E+000, 5.0815566E+001, 4.7203389E+001, 0.0000000E+000, 4.8780488E-002, 0.0000000E+000, 0.0000000E+000
 2.1480441E+002, 8.1831552E+002, 0.0000000E+000,-2.7791098E+002,-3.8992186E+002,-8.9620439E+001, 9.9784227E-002, 0.0000000E+000, 0.0000000E+000, 6.0180180E+001, 6.0962026E+001, 0.0000000E+000, 4.8780488E-002, 0.0000000E+000, 0.0000000E+000
 2.1511649E+002, 7.9670878E+002, 0.0000000E+000,-2.5622330E+002,-4.2474293E+002,-9.0539482E+001, 9.8322431E-002, 0.0000000E+000, 0.0000000E+000, 2.9551301E+001, 2.5301383E+001, 0.0000000E+000, 4.8780488E-002, 0.0000000E+000, 0.0000000E+000
 2.1540256E+002, 8.0538546E+002, 0.0000000E+000,-2.6394303E+002,-4.2681987E+002,-9.3889030E+001, 1.0044977E-001, 0.0000000E+000, 0.0000000E+000, 2.1882231E+001, 2.0833983E+001, 0.0000000E+000, 4.8780488E-002, 0.0000000E+000, 0.0000000E+000
 2.1571150E+002, 7.8537335E+002, 0.0000000E+000,-2.5698184E+002,-3.9914709E+002,-9.2833497E+001, 1.0045478E-001, 0.0000000E+000, 0.0000000E+000, 3.3619375E+001, 3.6511377E+001, 0.0000000E+000, 4.8780488E-002, 0.0000000E+000, 0.0000000E+000
 2.1601091E+002, 8.1611102E+002, 0.0000000E+000,-2.6075424E+002,-3.7505810E+002,-9.0103963E+001, 9.9787553E-002, 0.0000000E+000, 0.0000000E+000, 8.9749239E+001, 9.0294509E+001, 0.0000000E+000, 4.8780488E-002, 0.0000000E+000, 0.0000000E+000
 2.1631509E+002, 7.7742572E+002, 0.0000000E+000,-2.5996124E+002,-3.6452704E+002,-9.0654382E+001, 9.9480947E-002, 0.0000000E+000, 0.0000000E+000, 6.6115148E+001, 6.2382536E+001, 0.0000000E+000, 4.8780488E-002, 0.0000000E+000, 0.0000000E+000
 2.1663480E+002, 8.0139601E+002, 0.0000000E+000,-2.6105817E+002,-3.9200158E+002,-9.2730162E+001, 1.0030158E-001, 0.0000000E+000, 0.0000000E+000, 5.5247916E+001, 5.5706408E+001, 0.0000000E+000, 4.8780488E-002, 0.0000000E+000, 0.0000000E+000
 2.1691382E+002, 8.1773898E+002, 0.0000000E+000,-2.7413842E+002,-4.1222964E+002,-9.1959213E+001, 1.0003025E-001, 0.0000000E+000, 0.0000000E+000, 4.1349867E+001, 3.9511733E+001, 0.0000000E+000, 4.8780488E-002, 0.0000000E+000, 0.0000000E+000
 2.1720506E+002, 7.9704226E+002, 0.0000000E+000,-2.5804292E+002,-4.0601784E+002,-8.9782812E+001, 9.8447797E-002, 0.0000000E+000, 0.0000000E+000, 4.7227726E+001, 4.3297129E+001, 0.0000000E+000, 4.8780488E-002, 0.0000000E+000, 0.0000000E+000
 2.1752544E+002, 7.9682812E+002, 0.0000000E+000,-2.7483249E+002,-3.9107277E+002,-9.1088387E+001, 9.7916465E-002, 0.0000000E+000, 0.0000000E+000, 3.7559892E+001, 3.9932388E+001, 0.0000000E+000, 4.8780488E-002, 0.0000000E+000, 0.0000000E+000
 2.1781085E+002, 8.0322627E+002, 0.0000000E+000,-2.5076229E+002,-3.8255706E+002,-9.3088072E+001, 9.7590902E-002, 0.0000000E+000, 0.0000000E+000, 7.7882080E+001, 7.6916437E+001, 0.0000000E+000, 4.8780488E-002, 0.0000000E+000, 0.0000000E+000
 2.1812999E+002, 8.3301010E+002, 0.0000000E+000,-2.7505371E+002,-3.7945226E+002,-9.2188070E+001, 1.0004117E-001, 0.0000000E+000, 0.0000000E+000, 8.7259242E+001, 8.6416094E+001, 0.0000000E+000, 4.8780488E-002, 0.0000000E+000, 0.0000000E+000
 2.1840207E+002, 8.0090344E+002, 0.0000000E+000,-2.4107058E+002,-3.8263502E+002,-9.1028652E+001, 1.0045895E-001, 0.0000000E+000, 0.0000000E+000, 9.2587740E+001, 8.6269658E+001, 0.0000000E+000, 4.8780488E-002, 0.0000000E+000, 0.0000000E+000
 2.1870436E+002, 7.8522545E+002, 0.0000000E+000,-2.6639883E+002,-3.8943160E+002,-9.1486737E+001, 1.0040946E-001, 0.0000000E+000, 0.0000000E+000, 4.2201262E+001, 3.8008693E+001, 0.0000000E+000, 4.8780488E-002, 0.0000000E+000, 0.0000000E+000
 2.1901877E+002, 7.7536727E+002, 0.0000000E+000,-2.3582948E+002,-4.0034716E+002,-9.2529798E+001, 1.0138290E-001, 0.0000000E+000, 0.0000000E+000, 4.8065404E+001, 4.6762219E+001, 0.0000000E+000, 4.8780488E-002, 0.0000000E+000, 0.0000000E+000
 2.1932462E+002, 7.9057664E+002, 0.0000000E+000,-2.4950843E+002,-4.0108908E+002,-9.1024194E+001, 1.0138231E-001, 0.0000000E+000, 0.0000000E+000, 4.8408033E+001, 4.9056320E+001, 0.0000000E+000, 4.8780488E-002, 0.0000000E+000, 0.0000000E+000
 2.1960503E+002, 8.2607444E+002, 0.0000000E+000,-2.8538710E+002,-3.9788378E+002,-9.0479133E+001, 1.0088223E-001, 0.0000000E+000, 0.0000000E+000, 5.4395684E+001, 5.2425305E+001, 0.0000000E+000, 4.8780488E-002, 0.0000000E+000, 0.0000000E+000
 2.1992365E+002, 7.9070548E+002, 0.0000000E+000,-2.7347233E+002,-3.9245022E+002,-9.2291832E+001, 1.0025077E-001, 0.0000000E+000, 0.0000000E+000, 3.7140868E+001, 3.2591343E+001, 0.0000000E+000, 4.8780488E-002, 0.0000000E+000, 0.0000000E+000
 2.2021620E+002, 7.9304569E+002, 0.0000000E+000,-2.6752598E+002,-3.9400423E+002,-9.4788609E+001, 9.9488235E-002, 0.0000000E+000, 0.0000000E+000, 3.5390102E+001, 3.6826360E+001, 0.0000000E+000, 4.8780488E-002, 0.0000000E+000, 0.0000000E+000
 2.2050296E+002, 8.0581127E+002, 0.0000000E+000,-2.5240309E+002,-4.0837167E+002,-9.5510959E+001, 1.0194198E-001, 0.0000000E+000, 0.0000000E+000, 5.2302911E+001, 4.9627483E+001, 0.0000000E+000, 4.8780488E-002, 0.0000000E+000, 0.0000000E+000
 2.2082158E+002, 8.2177725E+002, 0.0000000E+000,-2.7473981E+002,-4.2058168E+002,-9.3932674E+001, 1.0205607E-001, 0.0000000E+000, 0.0000000E+000, 3.4304282E+001, 3.2625144E+001, 0.0000000E+000, 4.8780488E-002, 0.0000000E+000, 0.0000000E+000
 2.2110834E+002, 8.0549787E+002, 0.0000000E+000,-2.5889990E+002,-4.1664598E+002,-9.3622710E+001, 1.0285183E-001, 0.0000000E+000, 0.0000000E+000, 3.8577973E+001, 3.6432129E+001, 0.0000000E+000, 4.8780488E-002, 0.0000000E+000, 0.0000000E+000
 2.2141248E+002, 7.7886619E+002, 0.0000000E+000,-2.4748113E+002,-4.0375068E+002,-9.3871581E+001, 1.0094602E-001, 0.0000000E+000, 0.0000000E+000, 3.2790942E+001, 3.3863745E+001, 0.0000000E+000, 4.8780488E-002, 0.0000000E+000, 0.0000000E+000
 2.2170052E+002, 7.8708663E+002, 0.0000000E+000,-2.6347030E+002,-3.9111640E+002,-9.3681732E+001, 1.0105037E-001, 0.0000000E+000, 0.0000000E+000, 4.1639339E+001, 3.8919250E+001, 0.0000000E+000, 4.8780488E-002, 0.0000000E+000, 0.0000000E+000
 2.2203290E+002, 8.0997629E+002, 0.0000000E+000,-2.7188609E+002,-3.8425791E+002,-9.4858759E+001, 9.8988520E-002, 0.0000000E+000, 0.0000000E+000, 5.6453907E+001, 5.9072525E+001, 0.0000000E+000, 4.8780488E-002, 0.0000000E+000, 0.0000000E+000
 2.2230624E+002, 8.0866435E+002, 0.0000000E+000,-2.5295812E+002,-3.9104304E+002,-9.5855611E+001, 1.0204021E-001, 0.0000000E+000, 0.0000000E+000, 7.5271335E+001, 6.8909621E+001, 0.0000000E+000, 4.8780488E-002, 0.0000000E+000, 0.0000000E+000
 2.2261377E+002, 7.9499599E+002, 0.0000000E+000,-2.7719690E+002,-4.0876729E+002,-9.7523761E+001, 1.0142250E-001, 0.0000000E+000, 0.0000000E+000, 1.7105603E+001, 1.1609464E+001, 0.0000000E+000, 4.8780488E-002, 0.0000000E+000, 0.0000000E+000
 2.2290521E+002, 7.8707722E+002, 0.0000000E+000,-2.7571490E+002,-4.2434445E+002,-9.9587279E+001, 9.9895926E-002, 0.0000000E+000, 0.0000000E+000,-8.5441479E+000,-1.2469520E+001, 0.0000000E+000, 4.8780488E-002, 0.0000000E+000, 0.0000000E+000
 2.2320670E+002, 7.9370096E+002, 0.0000000E+000,-2.7097020E+002,-4.5737727E+002,-9.8867422E+001, 9.9736273E-002, 0.0000000E+000, 0.0000000E+000,-3.0629046E+001,-3.3414193E+001, 0.0000000E+000, 4.8780488E-002, 0.0000000E+000, 0.0000000E+000
 2.2350816E+002, 7.9909039E+002, 0.0000000E+000,-2.6477244E+002,-4.5583281E+002,-9.8190587E+001, 9.9909519E-002, 0.0000000E+000, 0.0000000E+000,-1.9849450E+001,-1.9605533E+001, 0.0000000E+000, 4.8780488E-002, 0.0000000E+000, 0.0000000E+000
 2.2382170E+002, 8.1799525E+002, 0.0000000E+000,-2.7677556E+002,-4.3468327E+002,-9.9643189E+001, 1.0143725E-001, 0.0000000E+000, 0.0000000E+000, 6.0202710E+000, 6.9946629E+000, 0.0000000E+000, 4.8780488E-002, 0.0000000E+000, 0.0000000E+000
 2.2412016E+002, 8.1283352E+002, 0.0000000E+000,-2.8850699E+002,-4.2712709E+002,-9.9587028E+001, 1.0317619E-001, 0.0000000E+000, 0.0000000E+000, 3.7292563E+000,-2.2844107E+000, 0.0000000E+000, 4.8780488E-002, 0.0000000E+000, 0.0000000E+000
 2.2441862E+002, 8.0131617E+002, 0.0000000E+000,-2.7048859E+002,-4.1728490E+002,-9.7698906E+001, 1.0328979E-001, 0.0000000E+000, 0.0000000E+000, 1.7193327E+001, 1.5947068E+001, 0.0000000E+000, 4.8780488E-002, 0.0000000E+000, 0.0000000E+000
 2.2473367E+002, 7.9781211E+002, 0.0000000E+000,-2.6536424E+002,-4.0397588E+002,-9.6564709E+001, 1.0227685E-001, 0.0000000E+000, 0.0000000E+000, 3.2872211E+001, 3.2009558E+001, 0.0000000E+000, 4.8780488E-002, 0.0000000E+000, 0.0000000E+000
 2.2502550E+002, 7.7556161E+002, 0.0000000E+000,-2.6338306E+002,-3.7500161E+002,-9.4879851E+001, 1.0090222E-001, 0.0000000E+000, 0.0000000E+000, 4.5576686E+001, 4.2397982E+001, 0.0000000E+000, 4.8780488E-002, 0.0000000E+000, 0.0000000E+000
 2.2532204E+002, 7.9430082E+002, 0.0000000E+000,-2.7356641E+002,-3.5222783E+002,-9.5099400E+001, 1.0022352E-001, 0.0000000E+000, 0.0000000E+000, 6.9182117E+001, 7.3507411E+001, 0.0000000E+000, 4.8780488E-002, 0.0000000E+000, 0.0000000E+000
 2.2560950E+002, 7.8893682E+002, 0.0000000E+000,-2.5536447E+002,-3.6426783E+002,-9.6723677E+001, 1.0139321E-001, 0.0000000E+000, 0.0000000E+000, 8.0455552E+001, 7.2682238E+001, 0.0000000E+000, 4.8780488E-002, 0.0000000E+000, 0.0000000E+000
 2.2591853E+002, 7.9438450E+002, 0.0000000E+000,-2.7468572E+002,-4.2520132E+002,-9.7895677E+001, 1.0151148E-001, 0.0000000E+000, 0.0000000E+000, 6.8009145E-001,-3.2967114E+000, 0.0000000E+000, 4.8780488E-002, 0.0000000E+000, 0.0000000E+000
 2.2621199E+002, 7.9759633E+002, 0.0000000E+000,-2.8666556E+002,-4.8506966E+002,-9.8246826E+001, 1.0189060E-001, 0.0000000E+000, 0.0000000E+000,-6.6936979E+001,-7.2283827E+001, 0.0000000E+000, 4.8780488E-002, 0.0000000E+000, 0.0000000E+000
 2.2652539E+002, 8.2775459E+002, 0.0000000E+000,-2.6981703E+002,-5.0424548E+002,-9.9318495E+001, 1.0007716E-001, 0.0000000E+000, 0.0000000E+000,-4.6297549E+001,-4.5526346E+001, 0.0000000E+000, 4.8780488E-002, 0.0000000E+000, 0.0000000E+000
 2.2682124E+002, 8.0033281E+002, 0.0000000E+000,-2.5435552E+002,-4.6518066E+002,-9.7420790E+001, 9.8633164E-002, 0.0000000E+000, 0.0000000E+000,-1.4534921E+001,-1.6525532E+001, 0.0000000E+000, 4.8780488E-002, 0.0000000E+000, 0.0000000E+000
 2.2712750E+002, 7.7847118E+002, 0.0000000E+000,-2.6012682E+002,-4.4591337E+002,-9.6469666E+001, 9.9201483E-002, 0.0000000E+000, 0.0000000E+000,-2.0531789E+001,-2.3939475E+001, 0.0000000E+000, 4.8780488E-002, 0.0000000E+000, 0.0000000E+000
 2.2741541E+002, 8.0023948E+002, 0.0000000E+000,-2.6589867E+002,-4.2798965E+002,-9.4945201E+001, 9.9447283E-002, 0.0000000E+000, 0.0000000E+000, 1.1295614E+001, 1.1505404E+001, 0.0000000E+000, 4.8780488E-002, 0.0000000E+000, 0.0000000E+000
 2.2771861E+002, 8.0955091E+002, 0.0000000E+000,-2.7412607E+002,-4.0714219E+002,-9.2958283E+001, 1.0162855E-001, 0.0000000E+000, 0.0000000E+000, 3.6734717E+001, 3.5425988E+001, 0.0000000E+000, 4.8780488E-002, 0.0000000E+000, 0.0000000E+000
 2.2802849E+002, 8.1237367E+002, 0.0000000E+000,-2.7292279E+002,-3.9604489E+002,-9.1026059E+001, 9.9000273E-002, 0.0000000E+000, 0.0000000E+000, 5.2924955E+001, 5.2478931E+001, 0.0000000E+000, 4.8780488E-002, 0.0000000E+000, 0.0000000E+000
 2.2832120E+002, 7.9052377E+002, 0.0000000E+000,-2.5995423E+002,-3.8939484E+002,-9.0253041E+001, 1.0084461E-001, 0.0000000E+000, 0.0000000E+000, 5.4650845E+001, 5.1022499E+001, 0.0000000E+000, 4.8780488E-002, 0.0000000E+000, 0.0000000E+000
 2.2862518E+002, 7.7883716E+002, 0.0000000E+000,-2.4645180E+002,-4.0514501E+002,-9.2867096E+001, 1.0200694E-001, 0.0000000E+000, 0.0000000E+000, 3.5817175E+001, 3.4475256E+001, 0.0000000E+000, 4.8780488E-002, 0.0000000E+000, 0.0000000E+000
 2.2892398E+002, 8.1834817E+002, 0.0000000E+000,-2.7614554E+002,-4.0227334E+002,-9.2896692E+001, 1.0206911E-001, 0.0000000E+000, 0.0000000E+000, 4.9002817E+001, 4.7134667E+001, 0.0000000E+000, 4.8780488E-002, 0.0000000E+000, 0.0000000E+000
 2.2922278E+002, 8.1089942E+002, 0.0000000E+000,-2.6734899E+002,-3.9972546E+002,-9.3396447E+001, 1.0206339E-001, 0.0000000E+000, 0.0000000E+000, 5.0402970E+001, 5.0530591E+001, 0.0000000E+000, 4.8780488E-002, 0.0000000E+000, 0.0000000E+000
 2.2952599E+002, 8.1348495E+002, 0.0000000E+000,-2.6462863E+002,-3.9247704E+002,-9.5060761E+001, 1.0114730E-001, 0.0000000E+000, 0.0000000E+000, 6.3583202E+001, 6.1419670E+001, 0.0000000E+000, 4.8780488E-002, 0.0000000E+000, 0.0000000E+000
 2.2981064E+002, 8.0056025E+002, 0.0000000E+000,-2.6976478E+002,-3.7792542E+002,-9.6761808E+001, 9.8389071E-002, 0.0000000E+000, 0.0000000E+000, 5.9765796E+001, 5.6206628E+001, 0.0000000E+000, 4.8780488E-002, 0.0000000E+000, 0.0000000E+000
 2.3012091E+002, 7.9995938E+002, 0.0000000E+000,-2.6236527E+002,-3.7476482E+002,-9.8514785E+001, 9.7954861E-002, 0.0000000E+000, 0.0000000E+000, 6.8809751E+001, 6.4412465E+001, 0.0000000E+000, 4.8780488E-002, 0.0000000E+000, 0.0000000E+000
 2.3040021E+002, 7.7537759E+002, 0.0000000E+000,-2.5000780E+002,-3.9759339E+002,-9.9846300E+001, 1.0083480E-001, 0.0000000E+000, 0.0000000E+000, 3.2268334E+001, 2.8030934E+001, 0.0000000E+000, 4.8780488E-002, 0.0000000E+000, 0.0000000E+000
 2.3070081E+002, 7.9965980E+002, 0.0000000E+000,-2.6655586E+002,-4.1853997E+002,-9.9725460E+001, 1.0315066E-001, 0.0000000E+000, 0.0000000E+000, 1.6446655E+001, 1.4941666E+001, 0.0000000E+000, 4.8780488E-002, 0.0000000E+000, 0.0000000E+000
 2.3100832E+002, 8.2504139E+002, 0.0000000E+000,-2.7466579E+002,-4.1013058E+002,-9.8534402E+001, 1.0270663E-001, 0.0000000E+000, 0.0000000E+000, 4.3372445E+001, 4.1813325E+001, 0.0000000E+000, 4.8780488E-002, 0.0000000E+000, 0.0000000E+000
 2.3130838E+002, 8.0192816E+002, 0.0000000E+000,-2.6598869E+002,-4.0278133E+002,-9.6620900E+001, 1.0242265E-001, 0.0000000E+000, 0.0000000E+000, 4.3729202E+001, 3.6639661E+001, 0.0000000E+000, 4.8780488E-002, 0.0000000E+000, 0.0000000E+000
 2.3162007E+002, 7.9255112E+002, 0.0000000E+000,-2.6487405E+002,-4.0929287E+002,-9.5299317E+001, 1.0099215E-001, 0.0000000E+000, 0.0000000E+000, 2.2933659E+001, 2.3185875E+001, 0.0000000E+000, 4.8780488E-002, 0.0000000E+000, 0.0000000E+000
 2.3190343E+002, 8.2483476E+002, 0.0000000E+000,-2.6973326E+002,-4.1736770E+002,-9.5854532E+001, 1.0267292E-001, 0.0000000E+000, 0.0000000E+000, 4.6131626E+001, 4.1981945E+001, 0.0000000E+000, 4.8780488E-002, 0.0000000E+000, 0.0000000E+000
 2.3223561E+002, 7.9664449E+002, 0.0000000E+000,-2.6796495E+002,-4.1609286E+002,-9.6515914E+001, 1.0375524E-001, 0.0000000E+000, 0.0000000E+000, 2.2840945E+001, 1.6174520E+001, 0.0000000E+000, 4.8780488E-002, 0.0000000E+000, 0.0000000E+000
 2.3253239E+002, 7.9650877E+002, 0.0000000E+000,-2.6226730E+002,-4.1264128E+002,-9.3811895E+001, 1.0330510E-001, 0.0000000E+000, 0.0000000E+000, 2.2921278E+001, 2.7891600E+001, 0.0000000E+000, 4.8780488E-002, 0.0000000E+000, 0.0000000E+000
 2.3282375E+002, 8.1989552E+002, 0.0000000E+000,-2.6917955E+002,-4.0767425E+002,-9.2493346E+001, 1.0294806E-001, 0.0000000E+000, 0.0000000E+000, 5.3913646E+001, 5.0651318E+001, 0.0000000E+000, 4.8780488E-002, 0.0000000E+000, 0.0000000E+000
 2.3311473E+002, 7.8314114E+002, 0.0000000E+000,-2.5235423E+002,-4.0849133E+002,-9.3125756E+001, 1.0274031E-001, 0.0000000E+000, 0.0000000E+000, 3.5044541E+001, 2.9272559E+001, 0.0000000E+000, 4.8780488E-002, 0.0000000E+000, 0.0000000E+000
 2.3340572E+002, 7.9674136E+002, 0.0000000E+000,-2.4496596E+002,-4.2486806E+002,-9.4887801E+001, 1.0216660E-001, 0.0000000E+000, 0.0000000E+000, 3.0817286E+001, 3.2121705E+001, 0.0000000E+000, 4.8780488E-002, 0.0000000E+000, 0.0000000E+000
 2.3370688E+002, 7.8497216E+002, 0.0000000E+000,-2.5327062E+002,-4.2882431E+002,-9.5376217E+001, 1.0310006E-001, 0.0000000E+000, 0.0000000E+000, 1.4546845E+001, 7.6041154E+000, 0.0000000E+000, 4.8780488E-002, 0.0000000E+000, 0.0000000E+000
 2.3400122E+002, 8.1922556E+002, 0.0000000E+000,-2.9413646E+002,-4.2246790E+002,-9.5261084E+001, 1.0092703E-001, 0.0000000E+000, 0.0000000E+000, 8.9857208E+000, 7.4610439E+000, 0.0000000E+000, 4.8780488E-002, 0.0000000E+000, 0.0000000E+000
 2.3431573E+002, 7.9115341E+002, 0.0000000E+000,-2.9559993E+002,-4.0820810E+002,-9.4663201E+001, 1.0315912E-001, 0.0000000E+000, 0.0000000E+000, 2.0118431E+000,-7.2146600E+000, 0.0000000E+000, 4.8780488E-002, 0.0000000E+000, 0.0000000E+000
 2.3462711E+002, 7.9733922E+002, 0.0000000E+000,-2.6072821E+002,-4.2283664E+002,-9.5384878E+001, 1.0050404E-001, 0.0000000E+000, 0.0000000E+000, 1.1430799E+001, 1.8489995E+001, 0.0000000E+000, 4.8780488E-002, 0.0000000E+000, 0.0000000E+000
 2.3490039E+002, 8.1053816E+002, 0.0000000E+000,-2.7146010E+002,-4.4673900E+002,-9.5814852E+001, 9.9882930E-002, 0.0000000E+000, 0.0000000E+000,-1.5799932E+000,-3.3759027E+000, 0.0000000E+000, 4.8780488E-002, 0.0000000E+000, 0.0000000E+000
 2.3521150E+002, 7.8647752E+002, 0.0000000E+000,-2.7367334E+002,-4.6159243E+002,-9.5246771E+001, 1.0228750E-001, 0.0000000E+000, 0.0000000E+000,-3.3086813E+001,-4.3932729E+001, 0.0000000E+000, 4.8780488E-002, 0.0000000E+000, 0.0000000E+000
 2.3552531E+002, 7.9408781E+002, 0.0000000E+000,-2.5577706E+002,-4.6235360E+002,-9.4443839E+001, 1.0137062E-001, 0.0000000E+000, 0.0000000E+000,-2.3178976E+001,-1.8385320E+001, 0.0000000E+000, 4.8780488E-002, 0.0000000E+000, 0.0000000E+000
 2.3583173E+002, 7.9975982E+002, 0.0000000E+000,-2.4508030E+002,-4.3796961E+002,-9.3418234E+001, 1.0112955E-001, 0.0000000E+000, 0.0000000E+000, 2.5831528E+001, 2.3392807E+001, 0.0000000E+000, 4.8780488E-002, 0.0000000E+000, 0.0000000E+000
 2.3611951E+002, 7.7024274E+002, 0.0000000E+000,-2.5906172E+002,-4.2329895E+002,-9.3108969E+001, 1.0107099E-001, 0.0000000E+000, 0.0000000E+000, 1.2538245E+000,-5.1258238E+000, 0.0000000E+000, 4.8780488E-002, 0.0000000E+000, 0.0000000E+000
 2.3642328E+002, 8.0433425E+002, 0.0000000E+000,-2.7285788E+002,-4.0882149E+002,-9.3718157E+001, 1.0240514E-001, 0.0000000E+000, 0.0000000E+000, 2.4401682E+001, 2.9039127E+001, 0.0000000E+000, 4.8780488E-002, 0.0000000E+000, 0.0000000E+000
 2.3672557E+002, 8.3053442E+002, 0.0000000E+000,-2.6805708E+002,-4.0953089E+002,-9.4215382E+001, 1.0026887E-001, 0.0000000E+000, 0.0000000E+000, 6.1572940E+001, 5.8831340E+001, 0.0000000E+000, 4.8780488E-002, 0.0000000E+000, 0.0000000E+000
 2.3702237E+002, 7.9998526E+002, 0.0000000E+000,-2.6762916E+002,-3.9677648E+002,-9.4779148E+001, 1.0058127E-001, 0.0000000E+000, 0.0000000E+000, 4.0851745E+001, 4.0901065E+001, 0.0000000E+000, 4.8780488E-002, 0.0000000E+000, 0.0000000E+000
 2.3732512E+002, 7.9021850E+002, 0.0000000E+000,-2.6374438E+002,-3.7484913E+002,-9.6413991E+001, 1.0150171E-001, 0.0000000E+000, 0.0000000E+000, 5.9738706E+001, 5.5312498E+001, 0.0000000E+000, 4.8780488E-002, 0.0000000E+000, 0.0000000E+000
 2.3763528E+002, 7.9599926E+002, 0.0000000E+000,-2.7160186E+002,-3.6707556E+002,-9.6513192E+001, 1.0033138E-001, 0.0000000E+000, 0.0000000E+000, 5.9998830E+001, 6.0908982E+001, 0.0000000E+000, 4.8780488E-002, 0.0000000E+000, 0.0000000E+000
 2.3792781E+002, 8.1662541E+002, 0.0000000E+000,-2.8603844E+002,-3.6581254E+002,-9.4413447E+001, 9.9403919E-002, 0.0000000E+000, 0.0000000E+000, 7.2324641E+001, 7.0460379E+001, 0.0000000E+000, 4.8780488E-002, 0.0000000E+000, 0.0000000E+000
 2.3821159E+002, 7.9452775E+002, 0.0000000E+000,-2.5779174E+002,-3.6012210E+002,-9.2943495E+001, 9.8857600E-002, 0.0000000E+000, 0.0000000E+000, 8.5037522E+001, 8.3769276E+001, 0.0000000E+000, 4.8780488E-002, 0.0000000E+000, 0.0000000E+000
 2.3853004E+002, 7.9736244E+002, 0.0000000E+000,-2.5487326E+002,-3.5841976E+002,-9.4766376E+001, 9.7376207E-002, 0.0000000E+000, 0.0000000E+000, 9.2074375E+001, 8.9400429E+001, 0.0000000E+000, 4.8780488E-002, 0.0000000E+000, 0.0000000E+000
 2.3883052E+002, 7.9477231E+002, 0.0000000E+000,-2.5296427E+002,-3.6240372E+002,-9.5368215E+001, 1.0138578E-001, 0.0000000E+000, 0.0000000E+000, 8.6331870E+001, 8.4137484E+001, 0.0000000E+000, 4.8780488E-002, 0.0000000E+000, 0.0000000E+000
 2.3910767E+002, 7.8823300E+002, 0.0000000E+000,-2.5049110E+002,-3.6310866E+002,-9.6176613E+001, 1.0002120E-001, 0.0000000E+000, 0.0000000E+000, 8.2571880E+001, 7.8556641E+001, 0.0000000E+000, 4.8780488E-002, 0.0000000E+000, 0.0000000E+000
 2.3943102E+002, 8.0807485E+002, 0.0000000E+000,-2.4739990E+002,-3.8100249E+002,-9.8196991E+001, 1.0245791E-001, 0.0000000E+000, 0.0000000E+000, 8.4568747E+001, 8.1577927E+001, 0.0000000E+000, 4.8780488E-002, 0.0000000E+000, 0.0000000E+000
 2.3972910E+002, 7.8883355E+002, 0.0000000E+000,-2.4863141E+002,-4.0430454E+002,-9.9025704E+001, 1.0166774E-001, 0.0000000E+000, 0.0000000E+000, 3.9597295E+001, 3.6973565E+001, 0.0000000E+000, 4.8780488E-002, 0.0000000E+000, 0.0000000E+000
 2.4003836E+002, 8.2190465E+002, 0.0000000E+000,-2.7604174E+002,-4.3147471E+002,-9.7587413E+001, 1.0271328E-001, 0.0000000E+000, 0.0000000E+000, 2.1282410E+001, 1.6903502E+001, 0.0000000E+000, 4.8780488E-002, 0.0000000E+000, 0.0000000E+000
 2.4032822E+002, 8.0343352E+002, 0.0000000E+000,-2.6006708E+002,-4.4445657E+002,-9.5642578E+001, 9.9845002E-002, 0.0000000E+000, 0.0000000E+000, 8.2133797E+000, 3.3671377E+000, 0.0000000E+000, 4.8780488E-002, 0.0000000E+000, 0.0000000E+000
 2.4063086E+002, 8.0400982E+002, 0.0000000E+000,-2.6777551E+002,-4.5001953E+002,-9.4919669E+001, 1.0236495E-001, 0.0000000E+000, 0.0000000E+000,-6.1901271E+000,-8.6025248E+000, 0.0000000E+000, 4.8780488E-002, 0.0000000E+000, 0.0000000E+000
 2.4092178E+002, 7.9899371E+002, 0.0000000E+000,-2.7252707E+002,-4.5467733E+002,-9.5536986E+001, 1.0375749E-001, 0.0000000E+000, 0.0000000E+000,-2.1497664E+001,-2.3643922E+001, 0.0000000E+000, 4.8780488E-002, 0.0000000E+000, 0.0000000E+000
 2.4121269E+002, 8.0443505E+002, 0.0000000E+000,-2.5186816E+002,-4.5526715E+002,-9.5274987E+001, 1.0182678E-001, 0.0000000E+000, 0.0000000E+000, 8.3843131E-001, 2.1265828E+000, 0.0000000E+000, 4.8780488E-002, 0.0000000E+000, 0.0000000E+000
 2.4150362E+002, 7.7626925E+002, 0.0000000E+000,-2.5106937E+002,-4.4002718E+002,-9.4797928E+001, 1.0051093E-001, 0.0000000E+000, 0.0000000E+000,-4.9572292E+000,-9.5247149E+000, 0.0000000E+000, 4.8780488E-002, 0.0000000E+000, 0.0000000E+000
 2.4182408E+002, 7.8841162E+002, 0.0000000E+000,-2.6626252E+002,-4.1159049E+002,-9.4866149E+001, 1.0221103E-001, 0.0000000E+000, 0.0000000E+000, 1.2337662E+001, 1.5794672E+001, 0.0000000E+000, 4.8780488E-002, 0.0000000E+000, 0.0000000E+000
 2.4210065E+002, 8.0990419E+002, 0.0000000E+000,-2.7499470E+002,-3.9641508E+002,-9.5777647E+001, 1.0244739E-001, 0.0000000E+000, 0.0000000E+000, 4.5881973E+001, 4.2819202E+001, 0.0000000E+000, 4.8780488E-002, 0.0000000E+000, 0.0000000E+000
 2.4243253E+002, 8.1461385E+002, 0.0000000E+000,-2.6883766E+002,-3.9225815E+002,-9.5444880E+001, 1.0102105E-001, 0.0000000E+000, 0.0000000E+000, 5.9318766E+001, 5.8174180E+001, 0.0000000E+000, 4.8780488E-002, 0.0000000E+000, 0.0000000E+000
 2.4270517E+002, 8.0680009E+002, 0.0000000E+000,-2.8523138E+002,-3.8619485E+002,-9.4742820E+001, 1.0072313E-001, 0.0000000E+000, 0.0000000E+000, 4.3393302E+001, 4.0731757E+001, 0.0000000E+000, 4.8780488E-002, 0.0000000E+000, 0.0000000E+000
 2.4301909E+002, 7.7951075E+002, 0.0000000E+000,-2.6112952E+002,-3.8366497E+002,-9.6866954E+001, 1.0340533E-001, 0.0000000E+000, 0.0000000E+000, 3.8356383E+001, 3.7952712E+001, 0.0000000E+000, 4.8780488E-002, 0.0000000E+000, 0.0000000E+000
 2.4333015E+002, 7.9827898E+002, 0.0000000E+000,-2.6144057E+002,-3.9944038E+002,-9.8926413E+001, 1.0315473E-001, 0.0000000E+000, 0.0000000E+000, 4.2552799E+001, 3.8574778E+001, 0.0000000E+000, 4.8780488E-002, 0.0000000E+000, 0.0000000E+000
 2.4360266E+002, 8.2793328E+002, 0.0000000E+000,-2.8773709E+002,-3.9890599E+002,-9.7675383E+001, 1.0260984E-001, 0.0000000E+000, 0.0000000E+000, 4.4763514E+001, 4.3717427E+001, 0.0000000E+000, 4.8780488E-002, 0.0000000E+000, 0.0000000E+000
 2.4392525E+002, 8.0479079E+002, 0.0000000E+000,-2.7100126E+002,-4.0507825E+002,-9.6713681E+001, 1.0211199E-001, 0.0000000E+000, 0.0000000E+000, 3.4003594E+001, 3.2099706E+001, 0.0000000E+000, 4.8780488E-002, 0.0000000E+000, 0.0000000E+000
 2.4420296E+002, 7.9655880E+002, 0.0000000E+000,-2.5748508E+002,-4.1983581E+002,-9.8433425E+001, 1.0120197E-001, 0.0000000E+000, 0.0000000E+000, 2.4568301E+001, 2.0905689E+001, 0.0000000E+000, 4.8780488E-002, 0.0000000E+000, 0.0000000E+000
 2.4452386E+002, 7.8615548E+002, 0.0000000E+000,-2.6599999E+002,-4.2387629E+002,-1.0070755E+002, 1.0105778E-001, 0.0000000E+000, 0.0000000E+000,-1.6741387E+000,-4.3273039E+000, 0.0000000E+000, 4.8780488E-002, 0.0000000E+000, 0.0000000E+000
 2.4482935E+002, 8.1188165E+002, 0.0000000E+000,-2.7543921E+002,-4.2794696E+002,-9.9831834E+001, 1.0313081E-001, 0.0000000E+000, 0.0000000E+000, 1.1461730E+001, 8.7667767E+000, 0.0000000E+000, 4.8780488E-002, 0.0000000E+000, 0.0000000E+000
 2.4510178E+002, 8.3053093E+002, 0.0000000E+000,-2.8090072E+002,-4.3039678E+002,-9.9188629E+001, 1.0338003E-001, 0.0000000E+000, 0.0000000E+000, 1.8490559E+001, 2.0148178E+001, 0.0000000E+000, 4.8780488E-002, 0.0000000E+000, 0.0000000E+000
 2.4543172E+002, 8.1101629E+002, 0.0000000E+000,-2.6260248E+002,-4.3438134E+002,-9.9865175E+001, 1.0229129E-001, 0.0000000E+000, 0.0000000E+000, 1.7075779E+001, 1.4269588E+001, 0.0000000E+000, 4.8780488E-002, 0.0000000E+000, 0.0000000E+000
 2.4570366E+002, 7.7740502E+002, 0.0000000E+000,-2.6159344E+002,-4.3995926E+002,-9.9137862E+001, 1.0110183E-001, 0.0000000E+000, 0.0000000E+000,-1.4993763E+001,-2.3184446E+001, 0.0000000E+000, 4.8780488E-002, 0.0000000E+000, 0.0000000E+000
 2.4601332E+002, 7.6231773E+002, 0.0000000E+000,-2.5115237E+002,-4.4119872E+002,-9.8327733E+001, 1.0476514E-001, 0.0000000E+000, 0.0000000E+000,-2.8991879E+001,-2.8256331E+001, 0.0000000E+000, 4.8780488E-002, 0.0000000E+000, 0.0000000E+000
 2.4631898E+002, 8.3228750E+002, 0.0000000E+000,-3.0730632E+002,-4.2598352E+002,-9.8588329E+001, 1.0471970E-001, 0.0000000E+000, 0.0000000E+000,-2.6034775E+000, 5.1405108E-001, 0.0000000E+000, 4.8780488E-002, 0.0000000E+000, 0.0000000E+000
 2.4660483E+002, 8.0446580E+002, 0.0000000E+000,-2.4611915E+002,-4.0939126E+002,-9.7460452E+001, 1.0217480E-001, 0.0000000E+000, 0.0000000E+000, 5.0839457E+001, 5.1597107E+001, 0.0000000E+000, 4.8780488E-002, 0.0000000E+000, 0.0000000E+000
 2.4691351E+002, 7.7864245E+002, 0.0000000E+000,-2.7181815E+002,-3.9693987E+002,-9.6950160E+001, 1.0350296E-001, 0.0000000E+000, 0.0000000E+000, 2.0655338E+001, 1.3037762E+001, 0.0000000E+000, 4.8780488E-002, 0.0000000E+000, 0.0000000E+000
 2.4721294E+002, 7.6821120E+002, 0.0000000E+000,-2.6325346E+002,-3.9990753E+002,-9.8376191E+001, 1.0385232E-001, 0.0000000E+000, 0.0000000E+000, 1.4706987E+000, 6.7778737E+000, 0.0000000E+000, 4.8780488E-002, 0.0000000E+000, 0.0000000E+000
 2.4750233E+002, 8.4066299E+002, 0.0000000E+000,-2.9595441E+002,-4.0893433E+002,-1.0001991E+002, 1.0147719E-001, 0.0000000E+000, 0.0000000E+000, 3.5508598E+001, 3.5855828E+001, 0.0000000E+000, 4.8780488E-002, 0.0000000E+000, 0.0000000E+000
 2.4780786E+002, 7.9967917E+002, 0.0000000E+000,-2.6572821E+002,-4.1510331E+002,-9.9468385E+001, 1.0148502E-001, 0.0000000E+000, 0.0000000E+000, 2.5366987E+001, 1.9480751E+001, 0.0000000E+000, 4.8780488E-002, 0.0000000E+000, 0.0000000E+000
 2.4812823E+002, 7.8223753E+002, 0.0000000E+000,-2.7218305E+002,-4.0617425E+002,-1.0035972E+002, 1.0092673E-001, 0.0000000E+000, 0.0000000E+000, 4.8466117E+000, 3.6214392E+000, 0.0000000E+000, 4.8780488E-002, 0.0000000E+000, 0.0000000E+000
 2.4842882E+002, 8.0648545E+002, 0.0000000E+000,-2.5250658E+002,-4.1399541E+002,-1.0169594E+002, 1.0210727E-001, 0.0000000E+000, 0.0000000E+000, 3.3478708E+001, 3.8389624E+001, 0.0000000E+000, 4.8780488E-002, 0.0000000E+000, 0.0000000E+000
 2.4872185E+002, 8.1128934E+002, 0.0000000E+000,-2.6319576E+002,-4.3751225E+002,-1.0020702E+002, 1.0207098E-001, 0.0000000E+000, 0.0000000E+000, 1.5078652E+001, 1.0476378E+001, 0.0000000E+000, 4.8780488E-002, 0.0000000E+000, 0.0000000E+000
 2.4901018E+002, 8.0574466E+002, 0.0000000E+000,-2.6606806E+002,-4.2420980E+002,-9.8719993E+001, 1.0195063E-001, 0.0000000E+000, 0.0000000E+000, 2.0273268E+001, 1.6848754E+001, 0.0000000E+000, 4.8780488E-002, 0.0000000E+000, 0.0000000E+000
 2.4930052E+002, 7.9764600E+002, 0.0000000E+000,-2.8842763E+002,-4.0957740E+002,-9.8590999E+001, 1.0220449E-001, 0.0000000E+000, 0.0000000E+000, 6.3929287E+000, 1.1521777E+000, 0.0000000E+000, 4.8780488E-002, 0.0000000E+000, 0.0000000E+000
 2.4961713E+002, 7.9314345E+002, 0.0000000E+000,-2.6762472E+002,-4.0750242E+002,-9.9463060E+001, 1.0274803E-001, 0.0000000E+000, 0.0000000E+000, 1.3550190E+001, 1.8655997E+001, 0.0000000E+000, 4.8780488E-002, 0.0000000E+000, 0.0000000E+000
 2.4991577E+002, 8.0002180E+002, 0.0000000E+000,-2.5309572E+002,-4.0756554E+002,-9.9003711E+001, 1.0108362E-001, 0.0000000E+000, 0.0000000E+000, 4.1372932E+001, 4.0457913E+001, 0.0000000E+000, 4.8780488E-002, 0.0000000E+000, 0.0000000E+000
 2.5021790E+002, 7.8746047E+002, 0.0000000E+000,-2.5639661E+002,-4.0829819E+002,-9.8854754E+001, 1.0185162E-001, 0.0000000E+000, 0.0000000E+000, 2.5490036E+001, 2.4012759E+001, 0.0000000E+000, 4.8780488E-002, 0.0000000E+000, 0.0000000E+000
 2.5050452E+002, 8.1118113E+002, 0.0000000E+000,-2.7269719E+002,-4.2032386E+002,-1.0018439E+002, 1.0277938E-001, 0.0000000E+000, 0.0000000E+000, 1.9776338E+001, 1.8078473E+001, 0.0000000E+000, 4.8780488E-002, 0.0000000E+000, 0.0000000E+000
 2.5082945E+002, 8.1552102E+002, 0.0000000E+000,-2.6960572E+002,-4.4670234E+002,-9.9688476E+001, 1.0282446E-001, 0.0000000E+000, 0.0000000E+000, 4.7326671E+000,-3.7269458E-001, 0.0000000E+000, 4.8780488E-002, 0.0000000E+000, 0.0000000E+000
 2.5112572E+002, 7.9059300E+002, 0.0000000E+000,-2.7612154E+002,-4.4203352E+002,-9.8282677E+001, 1.0299564E-001, 0.0000000E+000, 0.0000000E+000,-2.5387431E+001,-2.5741743E+001, 0.0000000E+000, 4.8780488E-002, 0.0000000E+000, 0.0000000E+000
 2.5140421E+002, 8.0747074E+002, 0.0000000E+000,-2.8495517E+002,-4.4586770E+002,-9.8900706E+001, 1.0556229E-001, 0.0000000E+000, 0.0000000E+000,-1.9885419E+001,-2.2147273E+001, 0.0000000E+000, 4.8780488E-002, 0.0000000E+000, 0.0000000E+000
 2.5172105E+002, 8.1169806E+002, 0.0000000E+000,-2.7169045E+002,-4.5843606E+002,-9.9457543E+001, 1.0553674E-001, 0.0000000E+000, 0.0000000E+000,-1.9655173E+001,-1.7780455E+001, 0.0000000E+000, 4.8780488E-002, 0.0000000E+000, 0.0000000E+000
 2.5200714E+002, 7.9713148E+002, 0.0000000E+000,-2.7335002E+002,-4.5164497E+002,-9.6551683E+001, 1.0522494E-001, 0.0000000E+000, 0.0000000E+000,-2.0429050E+001,-2.4309967E+001, 0.0000000E+000, 4.8780488E-002, 0.0000000E+000, 0.0000000E+000
 2.5230923E+002, 7.8114958E+002, 0.0000000E+000,-2.4785593E+002,-4.3967335E+002,-9.5537693E+001, 1.0111042E-001, 0.0000000E+000, 0.0000000E+000,-2.9310419E+000,-1.8162824E+000, 0.0000000E+000, 4.8780488E-002, 0.0000000E+000, 0.0000000E+000
 2.5260242E+002, 7.8647273E+002, 0.0000000E+000,-2.5227528E+002,-4.1291271E+002,-9.6620107E+001, 1.0017267E-001, 0.0000000E+000, 0.0000000E+000, 2.7618661E+001, 2.4764814E+001, 0.0000000E+000, 4.8780488E-002, 0.0000000E+000, 0.0000000E+000
 2.5290895E+002, 7.6396632E+002, 0.0000000E+000,-2.6318436E+002,-3.9345860E+002,-9.7203795E+001, 9.9611223E-002, 0.0000000E+000, 0.0000000E+000, 1.2170156E+001, 1.0219172E+001, 0.0000000E+000, 4.8780488E-002, 0.0000000E+000, 0.0000000E+000
 2.5320879E+002, 7.8733331E+002, 0.0000000E+000,-2.8032444E+002,-3.9328810E+002,-9.6897366E+001, 1.0019308E-001, 0.0000000E+000, 0.0000000E+000, 1.4654243E+001, 1.6923589E+001, 0.0000000E+000, 4.8780488E-002, 0.0000000E+000, 0.0000000E+000
 2.5352719E+002, 8.2385060E+002, 0.0000000E+000,-2.9240463E+002,-3.9904897E+002,-9.5582998E+001, 1.0009236E-001, 0.0000000E+000, 0.0000000E+000, 3.8681386E+001, 3.6914102E+001, 0.0000000E+000, 4.8780488E-002, 0.0000000E+000, 0.0000000E+000
 2.5380687E+002, 8.1620859E+002, 0.0000000E+000,-2.9190415E+002,-4.1079107E+002,-9.6628212E+001, 9.8508346E-002, 0.0000000E+000, 0.0000000E+000, 2.2151218E+001, 1.6983665E+001, 0.0000000E+000, 4.8780488E-002, 0.0000000E+000, 0.0000000E+000
 2.5413123E+002, 7.7638017E+002, 0.0000000E+000,-2.6033859E+002,-4.1904724E+002,-9.8766871E+001, 9.7824679E-002, 0.0000000E+000, 0.0000000E+000,-1.9060452E+000,-1.6747018E+000, 0.0000000E+000, 4.8780488E-002, 0.0000000E+000, 0.0000000E+000
 2.5442532E+002, 7.9244549E+002, 0.0000000E+000,-2.7065846E+002,-4.4452138E+002,-1.0053609E+002, 9.7207311E-002, 0.0000000E+000, 0.0000000E+000,-2.0691328E+001,-2.3173225E+001, 0.0000000E+000, 4.8780488E-002, 0.0000000E+000, 0.0000000E+000
 2.5471944E+002, 8.2531774E+002, 0.0000000E+000,-2.9313299E+002,-4.6306188E+002,-9.9445264E+001, 1.0058272E-001, 0.0000000E+000, 0.0000000E+000,-2.9854443E+001,-3.0221806E+001, 0.0000000E+000, 4.8780488E-002, 0.0000000E+000, 0.0000000E+000
 2.5501355E+002, 8.2953797E+002, 0.0000000E+000,-2.8333036E+002,-4.7952320E+002,-9.8391102E+001, 9.9432305E-002, 0.0000000E+000, 0.0000000E+000,-2.9554643E+001,-3.1607253E+001, 0.0000000E+000, 4.8780488E-002, 0.0000000E+000, 0.0000000E+000
 2.5532332E+002, 8.1117095E+002, 0.0000000E+000,-2.7354859E+002,-5.0370521E+002,-9.9171172E+001, 9.8261992E-002, 0.0000000E+000, 0.0000000E+000,-6.0496768E+001,-6.5155766E+001, 0.0000000E+000, 4.8780488E-002, 0.0000000E+000, 0.0000000E+000
 2.5560701E+002, 7.7929509E+002, 0.0000000E+000,-2.7158750E+002,-5.0845608E+002,-1.0156289E+002, 1.0214566E-001, 0.0000000E+000, 0.0000000E+000,-9.9403722E+001,-1.0220923E+002, 0.0000000E+000, 4.8780488E-002, 0.0000000E+000, 0.0000000E+000
 2.5590308E+002, 7.7026413E+002, 0.0000000E+000,-2.6665159E+002,-5.0405482E+002,-1.0208853E+002, 1.0360095E-001, 0.0000000E+000, 0.0000000E+000,-1.0407107E+002,-1.0242721E+002, 0.0000000E+000, 4.8780488E-002, 0.0000000E+000, 0.0000000E+000
 2.5620840E+002, 8.4262188E+002, 0.0000000E+000,-3.0165775E+002,-4.9014203E+002,-1.0007889E+002, 1.0307453E-001, 0.0000000E+000, 0.0000000E+000,-5.0814912E+001,-4.9153711E+001, 0.0000000E+000, 4.8780488E-002, 0.0000000E+000, 0.0000000E+000
 2.5652252E+002, 8.1954614E+002, 0.0000000E+000,-2.7478591E+002,-4.8500138E+002,-9.7994156E+001, 1.0143681E-001, 0.0000000E+000, 0.0000000E+000,-3.3218098E+001,-3.8133864E+001, 0.0000000E+000, 4.8780488E-002, 0.0000000E+000, 0.0000000E+000
 2.5680804E+002, 7.7842333E+002, 0.0000000E+000,-2.6537966E+002,-5.0483050E+002,-9.7973743E+001, 1.0110453E-001, 0.0000000E+000, 0.0000000E+000,-8.6727153E+001,-8.9659470E+001, 0.0000000E+000, 4.8780488E-002, 0.0000000E+000, 0.0000000E+000
 2.5710501E+002, 7.7756413E+002, 0.0000000E+000,-2.4814134E+002,-5.0461645E+002,-9.8998949E+001, 1.0208525E-001, 0.0000000E+000, 0.0000000E+000,-7.0415413E+001,-7.4090520E+001, 0.0000000E+000, 4.8780488E-002, 0.0000000E+000, 0.0000000E+000
 2.5741913E+002, 8.0761104E+002, 0.0000000E+000,-2.8162753E+002,-4.9137044E+002,-9.8851495E+001, 1.0264664E-001, 0.0000000E+000, 0.0000000E+000,-6.7149574E+001,-6.4135776E+001, 0.0000000E+000, 4.8780488E-002, 0.0000000E+000, 0.0000000E+000
 2.5771808E+002, 8.2144106E+002, 0.0000000E+000,-2.9134562E+002,-4.5756492E+002,-9.7400715E+001, 1.0205937E-001, 0.0000000E+000, 0.0000000E+000,-2.6204808E+001,-2.4768139E+001, 0.0000000E+000, 4.8780488E-002, 0.0000000E+000, 0.0000000E+000
 2.5800693E+002, 7.9590881E+002, 0.0000000E+000,-2.5177639E+002,-4.2768105E+002,-9.6290224E+001, 1.0051664E-001, 0.0000000E+000, 0.0000000E+000, 1.7634998E+001, 2.0261670E+001, 0.0000000E+000, 4.8780488E-002, 0.0000000E+000, 0.0000000E+000
 2.5830093E+002, 7.9518836E+002, 0.0000000E+000,-2.5687939E+002,-4.0584000E+002,-9.4928551E+001, 1.0006556E-001, 0.0000000E+000, 0.0000000E+000, 4.4983314E+001, 3.7640477E+001, 0.0000000E+000, 4.8780488E-002, 0.0000000E+000, 0.0000000E+000
 2.5860040E+002, 7.7560128E+002, 0.0000000E+000,-2.5251274E+002,-3.8013241E+002,-9.4626389E+001, 1.0203075E-001, 0.0000000E+000, 0.0000000E+000, 4.7046154E+001, 4.8431771E+001, 0.0000000E+000, 4.8780488E-002, 0.0000000E+000, 0.0000000E+000
 2.5891074E+002, 8.1445221E+002, 0.0000000E+000,-2.8682628E+002,-3.9286434E+002,-9.5222446E+001, 1.0169918E-001, 0.0000000E+000, 0.0000000E+000, 4.0956218E+001, 3.9640846E+001, 0.0000000E+000, 4.8780488E-002, 0.0000000E+000, 0.0000000E+000
 2.5921451E+002, 8.0958238E+002, 0.0000000E+000,-2.6002282E+002,-4.1488921E+002,-9.5646219E+001, 1.0173952E-001, 0.0000000E+000, 0.0000000E+000, 4.2844158E+001, 3.9125864E+001, 0.0000000E+000, 4.8780488E-002, 0.0000000E+000, 0.0000000E+000
 2.5950626E+002, 8.0590034E+002, 0.0000000E+000,-2.6446444E+002,-4.3483064E+002,-9.6007873E+001, 1.0105113E-001, 0.0000000E+000, 0.0000000E+000, 1.4886406E+001, 1.0698440E+001, 0.0000000E+000, 4.8780488E-002, 0.0000000E+000, 0.0000000E+000
 2.5982593E+002, 7.8653093E+002, 0.0000000E+000,-2.7126431E+002,-4.3782210E+002,-9.7297111E+001, 1.0003764E-001, 0.0000000E+000, 0.0000000E+000,-1.3671694E+001,-1.9752562E+001, 0.0000000E+000, 4.8780488E-002, 0.0000000E+000, 0.0000000E+000
 2.6010120E+002, 8.0398479E+002, 0.0000000E+000,-2.5858757E+002,-4.4658407E+002,-9.7050352E+001, 1.0165316E-001, 0.0000000E+000, 0.0000000E+000,-2.3578423E+000, 1.8644645E+000, 0.0000000E+000, 4.8780488E-002, 0.0000000E+000, 0.0000000E+000
 2.6042859E+002, 7.9950916E+002, 0.0000000E+000,-2.6533854E+002,-4.6672097E+002,-9.7138915E+001, 1.0105610E-001, 0.0000000E+000, 0.0000000E+000,-2.4554316E+001,-2.9588210E+001, 0.0000000E+000, 4.8780488E-002, 0.0000000E+000, 0.0000000E+000
 2.6072180E+002, 8.1091936E+002, 0.0000000E+000,-2.7489033E+002,-4.6768306E+002,-9.5666544E+001, 1.0164598E-001, 0.0000000E+000, 0.0000000E+000,-2.5649464E+001,-2.7218922E+001, 0.0000000E+000, 4.8780488E-002, 0.0000000E+000, 0.0000000E+000
 2.6102512E+002, 7.9395416E+002, 0.0000000E+000,-2.6256672E+002,-4.5124983E+002,-9.3124936E+001, 1.0076197E-001, 0.0000000E+000, 0.0000000E+000,-1.1629309E+001,-1.2886562E+001, 0.0000000E+000, 4.8780488E-002, 0.0000000E+000, 0.0000000E+000
 2.6131662E+002, 7.8680013E+002, 0.0000000E+000,-2.6548597E+002,-4.4365782E+002,-9.3749657E+001, 1.0150479E-001, 0.0000000E+000, 0.0000000E+000,-1.2291206E+001,-1.5991807E+001, 0.0000000E+000, 4.8780488E-002, 0.0000000E+000, 0.0000000E+000
 2.6161627E+002, 7.8277813E+002, 0.0000000E+000,-2.6895549E+002,-4.3583113E+002,-9.5477720E+001, 1.0113090E-001, 0.0000000E+000, 0.0000000E+000,-1.6156407E+001,-1.7385076E+001, 0.0000000E+000, 4.8780488E-002, 0.0000000E+000, 0.0000000E+000
 2.6190097E+002, 7.9520151E+002, 0.0000000E+000,-2.7956041E+002,-4.3898292E+002,-9.5862568E+001, 1.0095041E-001, 0.0000000E+000, 0.0000000E+000,-1.8798788E+001,-1.9103440E+001, 0.0000000E+000, 4.8780488E-002, 0.0000000E+000, 0.0000000E+000
 2.6223059E+002, 8.3120217E+002, 0.0000000E+000,-3.0636417E+002,-4.5123547E+002,-9.6071991E+001, 9.9197494E-002, 0.0000000E+000, 0.0000000E+000,-2.0272167E+001,-2.2370267E+001, 0.0000000E+000, 4.8780488E-002, 0.0000000E+000, 0.0000000E+000
 2.6251288E+002, 8.2344023E+002, 0.0000000E+000,-2.6875657E+002,-4.7546999E+002,-9.5564859E+001, 1.0353201E-001, 0.0000000E+000, 0.0000000E+000,-1.6891232E+001,-1.6247660E+001, 0.0000000E+000, 4.8780488E-002, 0.0000000E+000, 0.0000000E+000
 2.6281235E+002, 8.1511428E+002, 0.0000000E+000,-2.8967258E+002,-4.8269228E+002,-9.5624957E+001, 1.0438068E-001, 0.0000000E+000, 0.0000000E+000,-4.4135315E+001,-5.2771150E+001, 0.0000000E+000, 4.8780488E-002, 0.0000000E+000, 0.0000000E+000
 2.6310303E+002, 7.6914055E+002, 0.0000000E+000,-2.4790174E+002,-5.0009401E+002,-9.5864239E+001, 1.0299245E-001, 0.0000000E+000, 0.0000000E+000,-7.0317319E+001,-7.4616446E+001, 0.0000000E+000, 4.8780488E-002, 0.0000000E+000, 0.0000000E+000
 2.6342599E+002, 7.8698768E+002, 0.0000000E+000,-2.4603170E+002,-4.7866477E+002,-9.5611528E+001, 1.0386720E-001, 0.0000000E+000, 0.0000000E+000,-3.9063368E+001,-3.3216456E+001, 0.0000000E+000, 4.8780488E-002, 0.0000000E+000, 0.0000000E+000
 2.6371667E+002, 7.8907243E+002, 0.0000000E+000,-2.5186323E+002,-4.4266940E+002,-9.6459383E+001, 1.0082559E-001, 0.0000000E+000, 0.0000000E+000, 4.3437913E+000,-1.8187511E+000, 0.0000000E+000, 4.8780488E-002, 0.0000000E+000, 0.0000000E+000
 2.6400735E+002, 7.9217302E+002, 0.0000000E+000,-2.6469391E+002,-4.3446897E+002,-9.6834499E+001, 1.0045300E-001, 0.0000000E+000, 0.0000000E+000,-6.7545904E-001,-3.7238943E+000, 0.0000000E+000, 4.8780488E-002, 0.0000000E+000, 0.0000000E+000
 2.6433032E+002, 7.9812817E+002, 0.0000000E+000,-2.8245580E+002,-4.4305411E+002,-9.6106877E+001, 1.0194497E-001, 0.0000000E+000, 0.0000000E+000,-2.1121795E+001,-2.3386681E+001, 0.0000000E+000, 4.8780488E-002, 0.0000000E+000, 0.0000000E+000
 2.6462100E+002, 8.1332730E+002, 0.0000000E+000,-2.8762678E+002,-4.2957376E+002,-9.5283199E+001, 1.0180151E-001, 0.0000000E+000, 0.0000000E+000,-3.9149586E-001, 9.4536104E-001, 0.0000000E+000, 4.8780488E-002, 0.0000000E+000, 0.0000000E+000
 2.6492764E+002, 8.0452522E+002, 0.0000000E+000,-2.7641472E+002,-4.2959697E+002,-9.5492134E+001, 1.0149930E-001, 0.0000000E+000, 0.0000000E+000, 7.0113637E+000, 3.1228976E+000, 0.0000000E+000, 4.8780488E-002, 0.0000000E+000, 0.0000000E+000
 2.6520709E+002, 8.0254313E+002, 0.0000000E+000,-2.6617382E+002,-4.3525844E+002,-9.5600175E+001, 1.0235610E-001, 0.0000000E+000, 0.0000000E+000, 8.9386660E+000, 5.6130555E+000, 0.0000000E+000, 4.8780488E-002, 0.0000000E+000, 0.0000000E+000
 2.6552975E+002, 7.9898499E+002, 0.0000000E+000,-2.6434525E+002,-4.5598220E+002,-9.6572074E+001, 1.0064896E-001, 0.0000000E+000, 0.0000000E+000,-1.8332899E+001,-1.7813892E+001, 0.0000000E+000, 4.8780488E-002, 0.0000000E+000, 0.0000000E+000
 2.6580115E+002, 8.1228928E+002, 0.0000000E+000,-2.5857792E+002,-4.4962526E+002,-9.6323882E+001, 1.0116371E-001, 0.0000000E+000, 0.0000000E+000, 9.2852066E+000, 7.8633714E+000, 0.0000000E+000, 4.8780488E-002, 0.0000000E+000, 0.0000000E+000
 2.6611725E+002, 7.7887316E+002, 0.0000000E+000,-2.5131235E+002,-4.3527347E+002,-9.6351220E+001, 1.0046175E-001, 0.0000000E+000, 0.0000000E+000, 1.0001982E+000,-3.9634206E+000, 0.0000000E+000, 4.8780488E-002, 0.0000000E+000, 0.0000000E+000
 2.6643048E+002, 7.7928704E+002, 0.0000000E+000,-2.6712541E+002,-4.2666420E+002,-9.7613058E+001, 1.0048006E-001, 0.0000000E+000, 0.0000000E+000,-9.2455753E+000,-1.2015147E+001, 0.0000000E+000, 4.8780488E-002, 0.0000000E+000, 0.0000000E+000
 2.6671494E+002, 8.1775267E+002, 0.0000000E+000,-2.8570410E+002,-4.1521662E+002,-9.6674954E+001, 9.9043058E-002, 0.0000000E+000, 0.0000000E+000, 1.6850473E+001, 2.0256042E+001, 0.0000000E+000, 4.8780488E-002, 0.0000000E+000, 0.0000000E+000
 2.6700427E+002, 8.1338515E+002, 0.0000000E+000,-2.9221437E+002,-4.3961782E+002,-9.4830473E+001, 9.6027680E-002, 0.0000000E+000, 0.0000000E+000,-7.0331375E+000,-1.3181488E+001, 0.0000000E+000, 4.8780488E-002, 0.0000000E+000, 0.0000000E+000
 2.6731516E+002, 7.7353830E+002, 0.0000000E+000,-2.7010492E+002,-4.4845207E+002,-9.5195161E+001, 9.5144546E-002, 0.0000000E+000, 0.0000000E+000,-3.8983005E+001,-4.0118711E+001, 0.0000000E+000, 4.8780488E-002, 0.0000000E+000, 0.0000000E+000
 2.6762607E+002, 8.0992364E+002, 0.0000000E+000,-2.6608316E+002,-4.5809532E+002,-9.6826304E+001, 9.7757222E-002, 0.0000000E+000, 0.0000000E+000,-1.1906162E+001,-1.0983389E+001, 0.0000000E+000, 4.8780488E-002, 0.0000000E+000, 0.0000000E+000
 2.6791324E+002, 8.2128475E+002, 0.0000000E+000,-2.8112871E+002,-4.6482919E+002,-9.6442256E+001, 1.0038016E-001, 0.0000000E+000, 0.0000000E+000,-1.8786063E+001,-2.1015021E+001, 0.0000000E+000, 4.8780488E-002, 0.0000000E+000, 0.0000000E+000
 2.6820398E+002, 7.9743482E+002, 0.0000000E+000,-2.6037783E+002,-4.6492312E+002,-9.5688392E+001, 1.0260091E-001, 0.0000000E+000, 0.0000000E+000,-2.0552736E+001,-2.3451917E+001, 0.0000000E+000, 4.8780488E-002, 0.0000000E+000, 0.0000000E+000
 2.6852689E+002, 8.0045594E+002, 0.0000000E+000,-2.7615865E+002,-4.4796340E+002,-9.6243166E+001, 1.0165336E-001, 0.0000000E+000, 0.0000000E+000,-2.0579864E+001,-1.9807623E+001, 0.0000000E+000, 4.8780488E-002, 0.0000000E+000, 0.0000000E+000
 2.6881720E+002, 8.0774456E+002, 0.0000000E+000,-2.7170457E+002,-4.3615593E+002,-9.6364694E+001, 1.0118870E-001, 0.0000000E+000, 0.0000000E+000, 5.1183144E+000, 3.6205494E+000, 0.0000000E+000, 4.8780488E-002, 0.0000000E+000, 0.0000000E+000
 2.6912360E+002, 7.8286247E+002, 0.0000000E+000,-2.7689171E+002,-4.2560948E+002,-9.7156781E+001, 1.0074416E-001, 0.0000000E+000, 0.0000000E+000,-1.2485277E+001,-1.6694756E+001, 0.0000000E+000, 4.8780488E-002, 0.0000000E+000, 0.0000000E+000
 2.6942444E+002, 7.9731771E+002, 0.0000000E+000,-2.6880609E+002,-4.3191123E+002,-9.9167310E+001, 9.8727434E-002, 0.0000000E+000, 0.0000000E+000,-5.8446772E+000,-2.4681951E+000, 0.0000000E+000, 4.8780488E-002, 0.0000000E+000, 0.0000000E+000
 2.6971860E+002, 8.0942979E+002, 0.0000000E+000,-2.6454277E+002,-4.2454962E+002,-9.9675173E+001, 1.0243518E-001, 0.0000000E+000, 0.0000000E+000, 2.6925850E+001, 2.0764665E+001, 0.0000000E+000, 4.8780488E-002, 0.0000000E+000, 0.0000000E+000
 2.7002194E+002, 8.0040805E+002, 0.0000000E+000,-2.6863267E+002,-4.1661524E+002,-9.9602593E+001, 1.0275217E-001, 0.0000000E+000, 0.0000000E+000, 1.2309997E+001, 1.5660295E+001, 0.0000000E+000, 4.8780488E-002, 0.0000000E+000, 0.0000000E+000
 2.7032526E+002, 8.0773921E+002, 0.0000000E+000,-2.6723586E+002,-4.1839854E+002,-9.9471824E+001, 1.0369859E-001, 0.0000000E+000, 0.0000000E+000, 2.5143242E+001, 2.2736683E+001, 0.0000000E+000, 4.8780488E-002, 0.0000000E+000, 0.0000000E+000
 2.7062860E+002, 8.1910547E+002, 0.0000000E+000,-2.7733126E+002,-4.0662269E+002,-9.9523645E+001, 1.0222798E-001, 0.0000000E+000, 0.0000000E+000, 3.8265355E+001, 3.5730104E+001, 0.0000000E+000, 4.8780488E-002, 0.0000000E+000, 0.0000000E+000
 2.7091995E+002, 7.9800282E+002, 0.0000000E+000,-2.5590108E+002,-3.8561063E+002,-1.0016305E+002, 1.0171285E-001, 0.0000000E+000, 0.0000000E+000, 5.5214240E+001, 5.6429772E+001, 0.0000000E+000, 4.8780488E-002, 0.0000000E+000, 0.0000000E+000
 2.7121106E+002, 8.2315890E+002, 0.0000000E+000,-2.7757564E+002,-3.7217932E+002,-1.0008868E+002, 1.0591090E-001, 0.0000000E+000, 0.0000000E+000, 7.8637070E+001, 7.3421168E+001, 0.0000000E+000, 4.8780488E-002, 0.0000000E+000, 0.0000000E+000
 2.7152802E+002, 7.9359376E+002, 0.0000000E+000,-2.8193419E+002,-3.6312775E+002,-1.0003703E+002, 1.0624523E-001, 0.0000000E+000, 0.0000000E+000, 4.8881141E+001, 4.8601031E+001, 0.0000000E+000, 4.8780488E-002, 0.0000000E+000, 0.0000000E+000
 2.7181555E+002, 7.9777262E+002, 0.0000000E+000,-2.7128902E+002,-3.6014219E+002,-1.0037264E+002, 1.0464574E-001, 0.0000000E+000, 0.0000000E+000, 6.7878159E+001, 6.6073413E+001, 0.0000000E+000, 4.8780488E-002, 0.0000000E+000, 0.0000000E+000
 2.7211749E+002, 7.9429265E+002, 0.0000000E+000,-2.5419192E+002,-3.6553137E+002,-9.9825934E+001, 1.0528628E-001, 0.0000000E+000, 0.0000000E+000, 7.5282962E+001, 7.4848714E+001, 0.0000000E+000, 4.8780488E-002, 0.0000000E+000, 0.0000000E+000
 2.7241949E+002, 7.9647629E+002, 0.0000000E+000,-2.6175762E+002,-3.8905256E+002,-1.0086535E+002, 1.0347632E-001, 0.0000000E+000, 0.0000000E+000, 4.8001742E+001, 4.4904234E+001, 0.0000000E+000, 4.8780488E-002, 0.0000000E+000, 0.0000000E+000
 2.7270822E+002, 7.9177501E+002, 0.0000000E+000,-2.6008691E+002,-4.0366004E+002,-1.0206538E+002, 1.0081312E-001, 0.0000000E+000, 0.0000000E+000, 3.1823735E+001, 2.6063495E+001, 0.0000000E+000, 4.8780488E-002, 0.0000000E+000, 0.0000000E+000
 2.7302463E+002, 7.9249377E+002, 0.0000000E+000,-2.8806889E+002,-3.9153382E+002,-1.0209175E+002, 1.0382438E-001, 0.0000000E+000, 0.0000000E+000, 1.3291065E+001, 1.0903136E+001, 0.0000000E+000, 4.8780488E-002, 0.0000000E+000, 0.0000000E+000
 2.7330078E+002, 7.9821632E+002, 0.0000000E+000,-2.8328890E+002,-3.8244281E+002,-1.0060846E+002, 1.0165338E-001, 0.0000000E+000, 0.0000000E+000, 2.9102292E+001, 3.1977806E+001, 0.0000000E+000, 4.8780488E-002, 0.0000000E+000, 0.0000000E+000
 2.7362329E+002, 8.1116401E+002, 0.0000000E+000,-2.7668693E+002,-3.7110616E+002,-9.8924335E+001, 1.0249480E-001, 0.0000000E+000, 0.0000000E+000, 6.7030976E+001, 6.4549086E+001, 0.0000000E+000, 4.8780488E-002, 0.0000000E+000, 0.0000000E+000
 2.7391357E+002, 7.8447551E+002, 0.0000000E+000,-2.7788855E+002,-3.7144302E+002,-9.7761536E+001, 1.0218526E-001, 0.0000000E+000, 0.0000000E+000, 3.9122970E+001, 3.7484591E+001, 0.0000000E+000, 4.8780488E-002, 0.0000000E+000, 0.0000000E+000
 2.7420386E+002, 7.7614372E+002, 0.0000000E+000,-2.4506955E+002,-3.9722219E+002,-9.8998005E+001, 1.0174981E-001, 0.0000000E+000, 0.0000000E+000, 3.5348432E+001, 3.4955713E+001, 0.0000000E+000, 4.8780488E-002, 0.0000000E+000, 0.0000000E+000
 2.7452637E+002, 7.8704367E+002, 0.0000000E+000,-2.6637367E+002,-4.2000988E+002,-9.9503996E+001, 1.0207441E-001, 0.0000000E+000, 0.0000000E+000, 2.5481731E+000, 1.2581976E+000, 0.0000000E+000, 4.8780488E-002, 0.0000000E+000, 0.0000000E+000
 2.7481665E+002, 8.3842491E+002, 0.0000000E+000,-2.9324357E+002,-4.2192744E+002,-9.9535455E+001, 1.0229659E-001, 0.0000000E+000, 0.0000000E+000, 2.1518996E+001, 2.3820736E+001, 0.0000000E+000, 4.8780488E-002, 0.0000000E+000, 0.0000000E+000
 2.7510693E+002, 8.1795721E+002, 0.0000000E+000,-2.7804665E+002,-4.0953818E+002,-1.0051109E+002, 1.0230383E-001, 0.0000000E+000, 0.0000000E+000, 3.8046340E+001, 2.9963588E+001, 0.0000000E+000, 4.8780488E-002, 0.0000000E+000, 0.0000000E+000
 2.7541333E+002, 7.7732090E+002, 0.0000000E+000,-2.8699921E+002,-3.8038207E+002,-9.9827990E+001, 1.0174036E-001, 0.0000000E+000, 0.0000000E+000, 1.1011190E+001, 1.0213378E+001, 0.0000000E+000, 4.8780488E-002, 0.0000000E+000, 0.0000000E+000
 2.7573264E+002, 7.9396835E+002, 0.0000000E+000,-2.9622218E+002,-3.6578280E+002,-9.9583782E+001, 1.0180919E-001, 0.0000000E+000, 0.0000000E+000, 2.9988664E+001, 3.2481399E+001, 0.0000000E+000, 4.8780488E-002, 0.0000000E+000, 0.0000000E+000
 2.7600305E+002, 8.1961453E+002, 0.0000000E+000,-2.8075051E+002,-3.8726093E+002,-9.8471678E+001, 1.0153781E-001, 0.0000000E+000, 0.0000000E+000, 5.2400521E+001, 5.3232949E+001, 0.0000000E+000, 4.8780488E-002, 0.0000000E+000, 0.0000000E+000
 2.7631058E+002, 7.8498999E+002, 0.0000000E+000,-2.5343143E+002,-4.2374142E+002,-9.7944112E+001, 1.0090484E-001, 0.0000000E+000, 0.0000000E+000, 1.8996054E+001, 9.9739248E+000, 0.0000000E+000, 4.8780488E-002, 0.0000000E+000, 0.0000000E+000
 2.7660010E+002, 7.3437319E+002, 0.0000000E+000,-2.4067416E+002,-4.6115279E+002,-9.8517761E+001, 1.0222024E-001, 0.0000000E+000, 0.0000000E+000,-6.4313033E+001,-6.5869308E+001, 0.0000000E+000, 4.8780488E-002, 0.0000000E+000, 0.0000000E+000
 2.7692865E+002, 8.1798837E+002, 0.0000000E+000,-2.9740687E+002,-4.7432321E+002,-9.7969118E+001, 1.0053402E-001, 0.0000000E+000, 0.0000000E+000,-5.0830889E+001,-5.1610295E+001, 0.0000000E+000, 4.8780488E-002, 0.0000000E+000, 0.0000000E+000
 2.7722372E+002, 8.4075442E+002, 0.0000000E+000,-2.8836710E+002,-4.5923803E+002,-9.4080998E+001, 1.0226661E-001, 0.0000000E+000, 0.0000000E+000,-4.3895293E+000,-8.2943797E-001, 0.0000000E+000, 4.8780488E-002, 0.0000000E+000, 0.0000000E+000
 2.7750674E+002, 8.0213162E+002, 0.0000000E+000,-2.7788220E+002,-4.4420828E+002,-9.1177854E+001, 1.0175796E-001, 0.0000000E+000, 0.0000000E+000,-7.6999995E+000,-1.1034955E+001, 0.0000000E+000, 4.8780488E-002, 0.0000000E+000, 0.0000000E+000
 2.7782364E+002, 8.0200539E+002, 0.0000000E+000,-2.6875062E+002,-4.3411228E+002,-9.3042799E+001, 1.0090607E-001, 0.0000000E+000, 0.0000000E+000, 4.3951671E+000, 6.2006033E+000, 0.0000000E+000, 4.8780488E-002, 0.0000000E+000, 0.0000000E+000
 2.7812482E+002, 8.0427433E+002, 0.0000000E+000,-2.6752959E+002,-4.2976444E+002,-9.4797384E+001, 9.9255047E-002, 0.0000000E+000, 0.0000000E+000, 1.5699702E+001, 1.2282170E+001, 0.0000000E+000, 4.8780488E-002, 0.0000000E+000, 0.0000000E+000
 2.7840704E+002, 7.9842523E+002, 0.0000000E+000,-2.7907899E+002,-4.2287242E+002,-9.6004838E+001, 9.7229626E-002, 0.0000000E+000, 0.0000000E+000, 2.7662080E-001, 5.6621416E-001, 0.0000000E+000, 4.8780488E-002, 0.0000000E+000, 0.0000000E+000
 2.7872006E+002, 7.9139578E+002, 0.0000000E+000,-2.6865842E+002,-4.1208648E+002,-9.8695329E+001, 9.9146138E-002, 0.0000000E+000, 0.0000000E+000, 1.4702587E+001, 1.2054700E+001, 0.0000000E+000, 4.8780488E-002, 0.0000000E+000, 0.0000000E+000
 2.7900058E+002, 7.8607709E+002, 0.0000000E+000,-2.4643303E+002,-4.1014677E+002,-9.9945655E+001, 1.0105011E-001, 0.0000000E+000, 0.0000000E+000, 2.9449872E+001, 2.9652677E+001, 0.0000000E+000, 4.8780488E-002, 0.0000000E+000, 0.0000000E+000
 2.7930792E+002, 8.3461037E+002, 0.0000000E+000,-2.7177619E+002,-4.2144932E+002,-9.8685022E+001, 1.0208090E-001, 0.0000000E+000, 0.0000000E+000, 4.2832536E+001, 4.2801924E+001, 0.0000000E+000, 4.8780488E-002, 0.0000000E+000, 0.0000000E+000
 2.7962811E+002, 8.1838686E+002, 0.0000000E+000,-2.6146698E+002,-4.3601010E+002,-9.9518434E+001, 1.0233871E-001, 0.0000000E+000, 0.0000000E+000, 2.9790522E+001, 2.1493682E+001, 0.0000000E+000, 4.8780488E-002, 0.0000000E+000, 0.0000000E+000
 2.7990961E+002, 7.8349587E+002, 0.0000000E+000,-2.4833327E+002,-4.4751807E+002,-9.9493333E+001, 1.0313512E-001, 0.0000000E+000, 0.0000000E+000,-1.1132634E+001,-1.1745670E+001, 0.0000000E+000, 4.8780488E-002, 0.0000000E+000, 0.0000000E+000
 2.8021783E+002, 7.9762473E+002, 0.0000000E+000,-2.4759255E+002,-4.6604583E+002,-9.8168620E+001, 1.0291022E-001, 0.0000000E+000, 0.0000000E+000,-9.2249490E+000,-1.4079361E+001, 0.0000000E+000, 4.8780488E-002, 0.0000000E+000, 0.0000000E+000
 2.8050601E+002, 7.9479658E+002, 0.0000000E+000,-2.6042566E+002,-4.7279140E+002,-9.5676234E+001, 1.0079372E-001, 0.0000000E+000, 0.0000000E+000,-3.0496839E+001,-3.3995924E+001, 0.0000000E+000, 4.8780488E-002, 0.0000000E+000, 0.0000000E+000
 2.8081082E+002, 8.0187600E+002, 0.0000000E+000,-2.7806897E+002,-4.6671664E+002,-9.5033353E+001, 1.0170502E-001, 0.0000000E+000, 0.0000000E+000,-3.7840440E+001,-3.7841260E+001, 0.0000000E+000, 4.8780488E-002, 0.0000000E+000, 0.0000000E+000
 2.8110614E+002, 8.0945334E+002, 0.0000000E+000,-2.6959763E+002,-4.6302952E+002,-9.7162330E+001, 1.0228907E-001, 0.0000000E+000, 0.0000000E+000,-1.5433683E+001,-2.0233845E+001, 0.0000000E+000, 4.8780488E-002, 0.0000000E+000, 0.0000000E+000
 2.8141168E+002, 8.0515446E+002, 0.0000000E+000,-2.6560204E+002,-4.7154295E+002,-9.8262939E+001, 1.0271995E-001, 0.0000000E+000, 0.0000000E+000,-3.0507696E+001,-3.0150755E+001, 0.0000000E+000, 4.8780488E-002, 0.0000000E+000, 0.0000000E+000
 2.8173007E+002, 7.9673767E+002, 0.0000000E+000,-2.6049268E+002,-4.7801521E+002,-9.6929438E+001, 1.0195281E-001, 0.0000000E+000, 0.0000000E+000,-3.4545638E+001,-3.8597699E+001, 0.0000000E+000, 4.8780488E-002, 0.0000000E+000, 0.0000000E+000
 2.8202496E+002, 7.9371123E+002, 0.0000000E+000,-2.6203221E+002,-4.7299939E+002,-9.5263496E+001, 1.0201837E-001, 0.0000000E+000, 0.0000000E+000,-3.6183348E+001,-3.6481850E+001, 0.0000000E+000, 4.8780488E-002, 0.0000000E+000, 0.0000000E+000
 2.8231122E+002, 8.0203076E+002, 0.0000000E+000,-2.6026810E+002,-4.7128583E+002,-9.6287508E+001, 1.0147710E-001, 0.0000000E+000, 0.0000000E+000,-2.4124540E+001,-2.5709199E+001, 0.0000000E+000, 4.8780488E-002, 0.0000000E+000, 0.0000000E+000
 2.8260883E+002, 8.0371932E+002, 0.0000000E+000,-2.5953133E+002,-4.7748087E+002,-9.6699570E+001, 1.0429565E-001, 0.0000000E+000, 0.0000000E+000,-2.7176261E+001,-2.9888149E+001, 0.0000000E+000, 4.8780488E-002, 0.0000000E+000, 0.0000000E+000
 2.8291635E+002, 8.2144035E+002, 0.0000000E+000,-2.7062295E+002,-4.8545523E+002,-9.4855919E+001, 1.0478008E-001, 0.0000000E+000, 0.0000000E+000,-2.6577594E+001,-2.9388970E+001, 0.0000000E+000, 4.8780488E-002, 0.0000000E+000, 0.0000000E+000
 2.8321951E+002, 7.9502135E+002, 0.0000000E+000,-2.6764321E+002,-4.7924279E+002,-9.3654196E+001, 1.0527402E-001, 0.0000000E+000, 0.0000000E+000,-4.4200235E+001,-4.5413571E+001, 0.0000000E+000, 4.8780488E-002, 0.0000000E+000, 0.0000000E+000
 2.8352267E+002, 7.9353753E+002, 0.0000000E+000,-2.5401403E+002,-4.7559502E+002,-9.4181508E+001, 1.0465183E-001, 0.0000000E+000, 0.0000000E+000,-2.8576288E+001,-3.0148374E+001, 0.0000000E+000, 4.8780488E-002, 0.0000000E+000, 0.0000000E+000
 2.8382401E+002, 7.9351108E+002, 0.0000000E+000,-2.5959593E+002,-4.6782450E+002,-9.3619983E+001, 1.0295362E-001, 0.0000000E+000, 0.0000000E+000,-2.4418361E+001,-2.7426385E+001, 0.0000000E+000, 4.8780488E-002, 0.0000000E+000, 0.0000000E+000
 2.8412537E+002, 7.9082042E+002, 0.0000000E+000,-2.5816950E+002,-4.6633806E+002,-9.4839196E+001, 1.0176957E-001, 0.0000000E+000, 0.0000000E+000,-2.5306680E+001,-2.8424571E+001, 0.0000000E+000, 4.8780488E-002, 0.0000000E+000, 0.0000000E+000
 2.8440561E+002, 7.8508980E+002, 0.0000000E+000,-2.6050552E+002,-4.5838945E+002,-9.7186768E+001, 1.0295711E-001, 0.0000000E+000, 0.0000000E+000,-3.0156556E+001,-3.0888983E+001, 0.0000000E+000, 4.8780488E-002, 0.0000000E+000, 0.0000000E+000
 2.8470395E+002, 8.0022425E+002, 0.0000000E+000,-2.6804151E+002,-4.5927116E+002,-9.6433812E+001, 1.0219280E-001, 0.0000000E+000, 0.0000000E+000,-1.9978693E+001,-2.3420046E+001, 0.0000000E+000, 4.8780488E-002, 0.0000000E+000, 0.0000000E+000
 2.8500238E+002, 8.0945897E+002, 0.0000000E+000,-2.6787012E+002,-4.6881584E+002,-9.5505471E+001, 1.0298010E-001, 0.0000000E+000, 0.0000000E+000,-2.1500699E+001,-2.2629480E+001, 0.0000000E+000, 4.8780488E-002, 0.0000000E+000, 0.0000000E+000
 2.8531516E+002, 7.9881544E+002, 0.0000000E+000,-2.6352405E+002,-4.5698449E+002,-9.5368120E+001, 1.0346878E-001, 0.0000000E+000, 0.0000000E+000,-1.5735022E+001,-1.6957748E+001, 0.0000000E+000, 4.8780488E-002, 0.0000000E+000, 0.0000000E+000
 2.8560959E+002, 8.0903653E+002, 0.0000000E+000,-2.7665844E+002,-4.5717740E+002,-9.4391124E+001, 1.0285016E-001, 0.0000000E+000, 0.0000000E+000,-1.7443353E+001,-1.9087588E+001, 0.0000000E+000, 4.8780488E-002, 0.0000000E+000, 0.0000000E+000
 2.8592270E+002, 8.0781765E+002, 0.0000000E+000,-2.6909812E+002,-4.5333867E+002,-9.2355039E+001, 1.0038546E-001, 0.0000000E+000, 0.0000000E+000,-5.8416214E+000,-6.8737921E+000, 0.0000000E+000, 4.8780488E-002, 0.0000000E+000, 0.0000000E+000
 2.8620102E+002, 7.9886085E+002, 0.0000000E+000,-2.4626419E+002,-4.4332118E+002,-9.1666766E+001, 1.0243395E-001, 0.0000000E+000, 0.0000000E+000, 1.4287893E+001, 1.7711148E+001, 0.0000000E+000, 4.8780488E-002, 0.0000000E+000, 0.0000000E+000
 2.8653284E+002, 8.1796602E+002, 0.0000000E+000,-2.6989434E+002,-4.2529731E+002,-9.2709799E+001, 1.0338867E-001, 0.0000000E+000, 0.0000000E+000, 3.5606084E+001, 3.0167951E+001, 0.0000000E+000, 4.8780488E-002, 0.0000000E+000, 0.0000000E+000
 2.8680627E+002, 7.9034095E+002, 0.0000000E+000,-2.6354370E+002,-4.2447323E+002,-9.2185316E+001, 1.0356450E-001, 0.0000000E+000, 0.0000000E+000, 1.1405079E+001, 1.0242267E+001, 0.0000000E+000, 4.8780488E-002, 0.0000000E+000, 0.0000000E+000
 2.8710422E+002, 8.1620807E+002, 0.0000000E+000,-2.7690027E+002,-4.4526573E+002,-9.1919691E+001, 1.0311679E-001, 0.0000000E+000, 0.0000000E+000, 5.1616915E+000, 2.2255037E+000, 0.0000000E+000, 4.8780488E-002, 0.0000000E+000, 0.0000000E+000
 2.8740353E+002, 8.0083458E+002, 0.0000000E+000,-2.7433178E+002,-4.5494523E+002,-9.2432675E+001, 1.0482490E-001, 0.0000000E+000, 0.0000000E+000,-1.7999508E+001,-2.0770287E+001, 0.0000000E+000, 4.8780488E-002, 0.0000000E+000, 0.0000000E+000
 2.8770370E+002, 7.8278983E+002, 0.0000000E+000,-2.5688876E+002,-4.5391232E+002,-9.2147546E+001, 1.0248269E-001, 0.0000000E+000, 0.0000000E+000,-2.2427266E+001,-2.0056318E+001, 0.0000000E+000, 4.8780488E-002, 0.0000000E+000, 0.0000000E+000
 2.8802325E+002, 7.9848269E+002, 0.0000000E+000,-2.5214025E+002,-4.5187257E+002,-9.2071819E+001, 1.0339345E-001, 0.0000000E+000, 0.0000000E+000, 6.6086439E+000, 2.5014476E+000, 0.0000000E+000, 4.8780488E-002, 0.0000000E+000, 0.0000000E+000
 2.8830350E+002, 7.9503869E+002, 0.0000000E+000,-2.6700533E+002,-4.5286614E+002,-9.2278451E+001, 1.0297591E-001, 0.0000000E+000, 0.0000000E+000,-1.5960878E+001,-1.7008254E+001, 0.0000000E+000, 4.8780488E-002, 0.0000000E+000, 0.0000000E+000
 2.8862048E+002, 7.7874602E+002, 0.0000000E+000,-2.4915192E+002,-4.5959041E+002,-9.2933701E+001, 1.0267551E-001, 0.0000000E+000, 0.0000000E+000,-1.8341291E+001,-2.2827323E+001, 0.0000000E+000, 4.8780488E-002, 0.0000000E+000, 0.0000000E+000
 2.8891937E+002, 7.8584280E+002, 0.0000000E+000,-2.6372258E+002,-4.6455596E+002,-9.4837846E+001, 1.0097068E-001, 0.0000000E+000, 0.0000000E+000,-3.6090302E+001,-3.7172609E+001, 0.0000000E+000, 4.8780488E-002, 0.0000000E+000, 0.0000000E+000
 2.8921237E+002, 7.9831785E+002, 0.0000000E+000,-2.9017024E+002,-4.5946772E+002,-9.5972648E+001, 1.0231851E-001, 0.0000000E+000, 0.0000000E+000,-4.5642051E+001,-4.7190440E+001, 0.0000000E+000, 4.8780488E-002, 0.0000000E+000, 0.0000000E+000
 2.8951230E+002, 8.2769082E+002, 0.0000000E+000,-2.8751813E+002,-4.5218626E+002,-9.5793834E+001, 1.0164505E-001, 0.0000000E+000, 0.0000000E+000,-8.4927941E+000,-7.7057510E+000, 0.0000000E+000, 4.8780488E-002, 0.0000000E+000, 0.0000000E+000
 2.8980923E+002, 8.0119158E+002, 0.0000000E+000,-2.6475484E+002,-4.4639125E+002,-9.4694071E+001, 1.0072364E-001, 0.0000000E+000, 0.0000000E+000,-3.3152933E+000,-4.5478532E+000, 0.0000000E+000, 4.8780488E-002, 0.0000000E+000, 0.0000000E+000
 2.9012549E+002, 7.8180284E+002, 0.0000000E+000,-2.4699181E+002,-4.4510553E+002,-9.4140607E+001, 1.0138573E-001, 0.0000000E+000, 0.0000000E+000,-1.9694471E+000,-4.3337292E+000, 0.0000000E+000, 4.8780488E-002, 0.0000000E+000, 0.0000000E+000
 2.9042889E+002, 7.9169021E+002, 0.0000000E+000,-2.5273666E+002,-4.4010883E+002,-9.6538692E+001, 1.0152917E-001, 0.0000000E+000, 0.0000000E+000, 3.1172987E+000, 2.4075523E+000, 0.0000000E+000, 4.8780488E-002, 0.0000000E+000, 0.0000000E+000
 2.9071515E+002, 8.0847212E+002, 0.0000000E+000,-2.8353128E+002,-4.5501936E+002,-9.5960803E+001, 1.0002335E-001, 0.0000000E+000, 0.0000000E+000,-2.3816685E+001,-2.5939298E+001, 0.0000000E+000, 4.8780488E-002, 0.0000000E+000, 0.0000000E+000
 2.9101202E+002, 7.9983412E+002, 0.0000000E+000,-2.7974391E+002,-4.5241702E+002,-9.4663810E+001, 1.0117272E-001, 0.0000000E+000, 0.0000000E+000,-2.2963010E+001,-2.6889447E+001, 0.0000000E+000, 4.8780488E-002, 0.0000000E+000, 0.0000000E+000
 2.9130161E+002, 7.9545911E+002, 0.0000000E+000,-2.6688241E+002,-4.3284394E+002,-9.4926848E+001, 1.0189614E-001, 0.0000000E+000, 0.0000000E+000, 2.1151884E+000, 9.0780583E-001, 0.0000000E+000, 4.8780488E-002, 0.0000000E+000, 0.0000000E+000
 2.9160303E+002, 8.0634106E+002, 0.0000000E+000,-2.6189377E+002,-4.1989510E+002,-9.4937529E+001, 1.0258628E-001, 0.0000000E+000, 0.0000000E+000, 3.0115660E+001, 2.9717250E+001, 0.0000000E+000, 4.8780488E-002, 0.0000000E+000, 0.0000000E+000
 2.9191840E+002, 8.0471649E+002, 0.0000000E+000,-2.6546146E+002,-4.1660414E+002,-9.4709546E+001, 1.0294179E-001, 0.0000000E+000, 0.0000000E+000, 3.0436381E+001, 2.8044287E+001, 0.0000000E+000, 4.8780488E-002, 0.0000000E+000, 0.0000000E+000
 2.9220178E+002, 8.0003457E+002, 0.0000000E+000,-2.6712704E+002,-4.1011037E+002,-9.5028839E+001, 1.0196330E-001, 0.0000000E+000, 0.0000000E+000, 2.9341603E+001, 2.7870285E+001, 0.0000000E+000, 4.8780488E-002, 0.0000000E+000, 0.0000000E+000
 2.9252084E+002, 7.9584851E+002, 0.0000000E+000,-2.7159351E+002,-3.9494488E+002,-9.5896928E+001, 1.0336195E-001, 0.0000000E+000, 0.0000000E+000, 3.5215989E+001, 3.3516555E+001, 0.0000000E+000, 4.8780488E-002, 0.0000000E+000, 0.0000000E+000
 2.9281876E+002, 7.9622439E+002, 0.0000000E+000,-2.7101218E+002,-3.8222934E+002,-9.7073817E+001, 1.0199950E-001, 0.0000000E+000, 0.0000000E+000, 4.5535142E+001, 4.6011043E+001, 0.0000000E+000, 4.8780488E-002, 0.0000000E+000, 0.0000000E+000
 2.9312183E+002, 8.0603941E+002, 0.0000000E+000,-2.7747225E+002,-3.8405845E+002,-9.6311207E+001, 1.0240651E-001, 0.0000000E+000, 0.0000000E+000, 5.1619518E+001, 4.8299904E+001, 0.0000000E+000, 4.8780488E-002, 0.0000000E+000, 0.0000000E+000
 2.9341809E+002, 8.1363211E+002, 0.0000000E+000,-2.7300075E+002,-4.1060391E+002,-9.4916604E+001, 1.0252735E-001, 0.0000000E+000, 0.0000000E+000, 3.6456892E+001, 3.5213372E+001, 0.0000000E+000, 4.8780488E-002, 0.0000000E+000, 0.0000000E+000
 2.9371436E+002, 8.0505447E+002, 0.0000000E+000,-2.6856567E+002,-4.3000152E+002,-9.5102941E+001, 1.0217396E-001, 0.0000000E+000, 0.0000000E+000, 1.6629429E+001, 1.1486525E+001, 0.0000000E+000, 4.8780488E-002, 0.0000000E+000, 0.0000000E+000
 2.9400467E+002, 7.9501221E+002, 0.0000000E+000,-2.6606313E+002,-4.5052734E+002,-9.6927533E+001, 1.0329418E-001, 0.0000000E+000, 0.0000000E+000,-1.6439850E+001,-1.8402495E+001, 0.0000000E+000, 4.8780488E-002, 0.0000000E+000, 0.0000000E+000
 2.9432730E+002, 8.0836504E+002, 0.0000000E+000,-2.8199036E+002,-4.5699566E+002,-9.6104285E+001, 1.0393887E-001, 0.0000000E+000, 0.0000000E+000,-2.3837533E+001,-2.6621327E+001, 0.0000000E+000, 4.8780488E-002, 0.0000000E+000, 0.0000000E+000
 2.9462036E+002, 7.9697958E+002, 0.0000000E+000,-2.4902281E+002,-4.5210769E+002,-9.4906842E+001, 1.0145943E-001, 0.0000000E+000, 0.0000000E+000, 1.5873452E+000, 1.0436992E+000, 0.0000000E+000, 4.8780488E-002, 0.0000000E+000, 0.0000000E+000
 2.9491455E+002, 7.7933179E+002, 0.0000000E+000,-2.5416986E+002,-4.4196153E+002,-9.5960515E+001, 1.0190674E-001, 0.0000000E+000, 0.0000000E+000,-7.4202712E-001,-1.2658207E+001, 0.0000000E+000, 4.8780488E-002, 0.0000000E+000, 0.0000000E+000
 2.9522092E+002, 7.7489142E+002, 0.0000000E+000,-2.5135802E+002,-4.5425677E+002,-9.6421096E+001, 1.0230477E-001, 0.0000000E+000, 0.0000000E+000,-2.8494834E+001,-2.7042161E+001, 0.0000000E+000, 4.8780488E-002, 0.0000000E+000, 0.0000000E+000
 2.9551089E+002, 8.4757829E+002, 0.0000000E+000,-3.0530003E+002,-4.7345591E+002,-9.6055420E+001, 1.0287404E-001, 0.0000000E+000, 0.0000000E+000,-3.0335655E+001,-2.7130201E+001, 0.0000000E+000, 4.8780488E-002, 0.0000000E+000, 0.0000000E+000
 2.9582217E+002, 8.0946582E+002, 0.0000000E+000,-2.4089378E+002,-4.6310028E+002,-9.4812280E+001, 1.0312012E-001, 0.0000000E+000, 0.0000000E+000, 1.2578496E+001, 1.0762601E+001, 0.0000000E+000, 4.8780488E-002, 0.0000000E+000, 0.0000000E+000
 2.9611923E+002, 7.7811022E+002, 0.0000000E+000,-2.5220365E+002,-4.4624935E+002,-9.5421237E+001, 1.0355238E-001, 0.0000000E+000, 0.0000000E+000,-1.1595796E+001,-1.5660469E+001, 0.0000000E+000, 4.8780488E-002, 0.0000000E+000, 0.0000000E+000
 2.9642087E+002, 7.8100549E+002, 0.0000000E+000,-2.7815295E+002,-4.4068093E+002,-9.6468311E+001, 1.0302479E-001, 0.0000000E+000, 0.0000000E+000,-2.7831279E+001,-3.4193675E+001, 0.0000000E+000, 4.8780488E-002, 0.0000000E+000, 0.0000000E+000
 2.9672964E+002, 8.0667979E+002, 0.0000000E+000,-2.8606465E+002,-4.2459901E+002,-9.5798354E+001, 1.0211381E-001, 0.0000000E+000, 0.0000000E+000,-4.4948969E+000, 3.1989262E-001, 0.0000000E+000, 4.8780488E-002, 0.0000000E+000, 0.0000000E+000
 2.9702921E+002, 8.1129781E+002, 0.0000000E+000,-2.8870928E+002,-4.1704381E+002,-9.5793927E+001, 1.0059722E-001, 0.0000000E+000, 0.0000000E+000, 1.4392124E+001, 9.8513857E+000, 0.0000000E+000, 4.8780488E-002, 0.0000000E+000, 0.0000000E+000
 2.9732877E+002, 8.1240453E+002, 0.0000000E+000,-2.8566429E+002,-4.2026487E+002,-9.8857652E+001, 1.0322994E-001, 0.0000000E+000, 0.0000000E+000, 1.1706744E+001, 7.7209539E+000, 0.0000000E+000, 4.8780488E-002, 0.0000000E+000, 0.0000000E+000
 2.9761667E+002, 7.8372050E+002, 0.0000000E+000,-2.5277380E+002,-4.2382279E+002,-1.0033852E+002, 1.0464724E-001, 0.0000000E+000, 0.0000000E+000, 6.7921898E+000, 6.8900416E+000, 0.0000000E+000, 4.8780488E-002, 0.0000000E+000, 0.0000000E+000
 2.9790665E+002, 8.2255206E+002, 0.0000000E+000,-2.8822880E+002,-4.2737147E+002,-1.0095762E+002, 1.0291867E-001, 0.0000000E+000, 0.0000000E+000, 1.1608924E+001, 6.0970824E+000, 0.0000000E+000, 4.8780488E-002, 0.0000000E+000, 0.0000000E+000
 2.9821478E+002, 7.8958260E+002, 0.0000000E+000,-2.3856134E+002,-4.5448757E+002,-9.7062160E+001, 1.0298907E-001, 0.0000000E+000, 0.0000000E+000, 5.3833664E+000,-4.2548670E-001, 0.0000000E+000, 4.8780488E-002, 0.0000000E+000, 0.0000000E+000
 2.9852554E+002, 7.8367131E+002, 0.0000000E+000,-2.5306777E+002,-4.7221839E+002,-9.5454145E+001, 1.0252716E-001, 0.0000000E+000, 0.0000000E+000,-3.2300205E+001,-3.6966461E+001, 0.0000000E+000, 4.8780488E-002, 0.0000000E+000, 0.0000000E+000
 2.9882782E+002, 7.9473953E+002, 0.0000000E+000,-2.6980726E+002,-4.7288286E+002,-9.5511856E+001, 1.0328104E-001, 0.0000000E+000, 0.0000000E+000,-3.8921866E+001,-4.3359173E+001, 0.0000000E+000, 4.8780488E-002, 0.0000000E+000, 0.0000000E+000
 2.9910751E+002, 8.2085555E+002, 0.0000000E+000,-2.8379571E+002,-4.6882062E+002,-9.5193292E+001, 1.0153982E-001, 0.0000000E+000, 0.0000000E+000,-2.9713746E+001,-2.6852528E+001, 0.0000000E+000, 4.8780488E-002, 0.0000000E+000, 0.0000000E+000
 2.9940256E+002, 8.0336149E+002, 0.0000000E+000,-2.6229096E+002,-4.5985161E+002,-9.6236643E+001, 1.0142094E-001, 0.0000000E+000, 0.0000000E+000,-1.2310571E+001,-1.4916302E+001, 0.0000000E+000, 4.8780488E-002, 0.0000000E+000, 0.0000000E+000
 2.9970984E+002, 7.8499973E+002, 0.0000000E+000,-2.5891988E+002,-4.4508969E+002,-9.6694160E+001, 9.9336630E-002, 0.0000000E+000, 0.0000000E+000,-1.3707915E+001,-1.5604662E+001, 0.0000000E+000, 4.8780488E-002, 0.0000000E+000, 0.0000000E+000
 3.0000000E+002, 7.9521970E+002, 0.0000000E+000,-2.7012062E+002,-4.5405675E+002,-9.5138723E+001, 1.0041175E-001, 0.0000000E+000, 0.0000000E+000,-2.1313472E+001,-2.3995978E+001, 0.0000000E+000, 4.8780488E-002, 0.0000000E+000, 0.0000000E+000
