s,C,1/m,m,1/m,1/m,1/m
Time,T_fire,K_fire,V_fire,K_left,K_right,K_branch
 0.0000000E+000, 2.0000000E+001, 0.0000000E+000, 3.0000000E+001, 0.0000000E+000, 0.0000000E+000, 0.0000000E+000
 4.6091309E-001, 1.9999991E+001, 0.0000000E+000, 3.0000000E+001, 0.0000000E+000, 0.0000000E+000, 0.0000000E+000
 6.9136964E-001, 1.9999963E+001, 0.0000000E+000, 3.0000000E+001, 0.0000000E+000, 0.0000000E+000, 0.0000000E+000
 9.2182618E-001, 1.9999945E+001, 0.0000000E+000, 3.0000000E+001, 0.0000000E+000, 0.0000000E+000, 0.0000000E+000
 1.3827393E+000, 1.9999920E+001, 0.0000000E+000, 3.0000000E+001, 0.0000000E+000, 0.0000000E+000, 0.0000000E+000
 1.6131958E+000, 1.9999895E+001, 0.0000000E+000, 3.0000000E+001, 0.0000000E+000, 0.0000000E+000, 0.0000000E+000
 1.8436524E+000, 1.9999879E+001, 0.0000000E+000, 3.0000000E+001, 0.0000000E+000, 0.0000000E+000, 0.0000000E+000
 2.3045655E+000, 1.9999856E+001, 0.0000000E+000, 3.0000000E+001, 0.0000000E+000, 0.0000000E+000, 0.0000000E+000
 2.5350220E+000, 1.9999834E+001, 0.0000000E+000, 3.0000000E+001, 0.0000000E+000, 0.0000000E+000, 0.0000000E+000
 2.7654785E+000, 1.9999820E+001, 0.0000000E+000, 3.0000000E+001, 0.0000000E+000, 0.0000000E+000, 0.0000000E+000
 3.2263916E+000, 1.9999799E+001, 0.0000000E+000, 3.0000000E+001, 0.0000000E+000, 0.0000000E+000, 0.0000000E+000
 3.4568482E+000, 1.9999780E+001, 0.0000000E+000, 3.0000000E+001, 0.0000000E+000, 0.0000000E+000, 0.0000000E+000
 3.6873047E+000, 1.9999767E+001, 0.0000000E+000, 3.0000000E+001, 0.0000000E+000, 0.0000000E+000, 0.0000000E+000
 3.9177613E+000, 1.9999755E+001, 0.0000000E+000, 3.0000000E+001, 0.0000000E+000, 0.0000000E+000, 0.0000000E+000
 4.3786744E+000, 1.9999737E+001, 0.0000000E+000, 3.0000000E+001, 0.0000000E+000, 0.0000000E+000, 0.0000000E+000
 4.6091309E+000, 1.9999719E+001, 0.0000000E+000, 3.0000000E+001, 0.0000000E+000, 0.0000000E+000, 0.0000000E+000
 4.8395875E+000, 1.9999708E+001, 0.0000000E+000, 3.0000000E+001, 0.0000000E+000, 0.0000000E+000, 0.0000000E+000
 5.3005005E+000, 1.9999692E+001, 0.0000000E+000, 3.0000000E+001, 0.0000000E+000, 0.0000000E+000, 0.0000000E+000
 5.5309571E+000, 1.9999677E+001, 0.0000000E+000, 3.0000000E+001, 0.0000000E+000, 0.0000000E+000, 0.0000000E+000
 5.7614136E+000, 1.9999667E+001, 0.0000000E+000, 3.0000000E+001, 0.0000000E+000, 0.0000000E+000, 0.0000000E+000
 6.2223267E+000, 1.9999652E+001, 0.0000000E+000, 3.0000000E+001, 0.0000000E+000, 0.0000000E+000, 0.0000000E+000
 6.4527833E+000, 1.9999639E+001, 0.0000000E+000, 3.0000000E+001, 0.0000000E+000, 0.0000000E+000, 0.0000000E+000
 6.6832398E+000, 1.9999630E+001, 0.0000000E+000, 3.0000000E+001, 0.0000000E+000, 0.0000000E+000, 0.0000000E+000
 6.9136964E+000, 1.9999621E+001, 0.0000000E+000, 3.0000000E+001, 0.0000000E+000, 0.0000000E+000, 0.0000000E+000
 7.3746095E+000, 1.9999608E+001, 0.0000000E+000, 3.0000000E+001, 0.0000000E+000, 0.0000000E+000, 0.0000000E+000
 7.6050660E+000, 1.9999596E+001, 0.0000000E+000, 3.0000000E+001, 0.0000000E+000, 0.0000000E+000, 0.0000000E+000
 7.8355226E+000, 1.9999588E+001, 0.0000000E+000, 3.0000000E+001, 0.0000000E+000, 0.0000000E+000, 0.0000000E+000
 8.2964356E+000, 1.9999577E+001, 0.0000000E+000, 3.0000000E+001, 0.0000000E+000, 0.0000000E+000, 0.0000000E+000
 8.5268922E+000, 1.9999566E+001, 0.0000000E+000, 3.0000000E+001, 0.0000000E+000, 0.0000000E+000, 0.0000000E+000
 8.7573487E+000, 1.9999559E+001, 0.0000000E+000, 3.0000000E+001, 0.0000000E+000, 0.0000000E+000, 0.0000000E+000
 9.2182618E+000, 1.9999549E+001, 0.0000000E+000, 3.0000000E+001, 0.0000000E+000, 0.0000000E+000, 0.0000000E+000
 9.4487184E+000, 1.9999540E+001, 0.0000000E+000, 3.0000000E+001, 0.0000000E+000, 0.0000000E+000, 0.0000000E+000
 9.6791749E+000, 1.9999533E+001, 0.0000000E+000, 3.0000000E+001, 0.0000000E+000, 0.0000000E+000, 0.0000000E+000
 9.9096315E+000, 1.9999527E+001, 0.0000000E+000, 3.0000000E+001, 0.0000000E+000, 0.0000000E+000, 0.0000000E+000
 1.0370545E+001, 1.9999519E+001, 0.0000000E+000, 3.0000000E+001, 0.0000000E+000, 0.0000000E+000, 0.0000000E+000
 1.0601001E+001, 1.9999510E+001, 0.0000000E+000, 3.0000000E+001, 0.0000000E+000, 0.0000000E+000, 0.0000000E+000
 1.0831458E+001, 1.9999505E+001, 0.0000000E+000, 3.0000000E+001, 0.0000000E+000, 0.0000000E+000, 0.0000000E+000
 1.1292371E+001, 1.9999497E+001, 0.0000000E+000, 3.0000000E+001, 0.0000000E+000, 0.0000000E+000, 0.0000000E+000
 1.1522827E+001, 1.9999489E+001, 0.0000000E+000, 3.0000000E+001, 0.0000000E+000, 0.0000000E+000, 0.0000000E+000
 1.1753284E+001, 1.9999484E+001, 0.0000000E+000, 3.0000000E+001, 0.0000000E+000, 0.0000000E+000, 0.0000000E+000
 1.2214197E+001, 1.9999477E+001, 0.0000000E+000, 3.0000000E+001, 0.0000000E+000, 0.0000000E+000, 0.0000000E+000
 1.2444653E+001, 1.9999471E+001, 0.0000000E+000, 3.0000000E+001, 0.0000000E+000, 0.0000000E+000, 0.0000000E+000
 1.2675110E+001, 1.9999466E+001, 0.0000000E+000, 3.0000000E+001, 0.0000000E+000, 0.0000000E+000, 0.0000000E+000
 1.2905567E+001, 1.9999462E+001, 0.0000000E+000, 3.0000000E+001, 0.0000000E+000, 0.0000000E+000, 0.0000000E+000
 1.3366480E+001, 1.9999456E+001, 0.0000000E+000, 3.0000000E+001, 0.0000000E+000, 0.0000000E+000, 0.0000000E+000
 1.3596936E+001, 1.9999450E+001, 0.0000000E+000, 3.0000000E+001, 0.0000000E+000, 0.0000000E+000, 0.0000000E+000
 1.3827393E+001, 1.9999446E+001, 0.0000000E+000, 3.0000000E+001, 0.0000000E+000, 0.0000000E+000, 0.0000000E+000
 1.4288306E+001, 1.9999441E+001, 0.0000000E+000, 3.0000000E+001, 0.0000000E+000, 0.0000000E+000, 0.0000000E+000
 1.4518762E+001, 1.9999436E+001, 0.0000000E+000, 3.0000000E+001, 0.0000000E+000, 0.0000000E+000, 0.0000000E+000
 1.4749219E+001, 1.9999432E+001, 0.0000000E+000, 3.0000000E+001, 0.0000000E+000, 0.0000000E+000, 0.0000000E+000
 1.5210132E+001, 1.9999428E+001, 0.0000000E+000, 3.0000000E+001, 0.0000000E+000, 0.0000000E+000, 0.0000000E+000
 1.5440589E+001, 1.9999423E+001, 0.0000000E+000, 3.0000000E+001, 0.0000000E+000, 0.0000000E+000, 0.0000000E+000
 1.5671045E+001, 1.9999420E+001, 0.0000000E+000, 3.0000000E+001, 0.0000000E+000, 0.0000000E+000, 0.0000000E+000
 1.5901502E+001, 1.9999417E+001, 0.0000000E+000, 3.0000000E+001, 0.0000000E+000, 0.0000000E+000, 0.0000000E+000
 1.6362415E+001, 1.9999413E+001, 0.0000000E+000, 3.0000000E+001, 0.0000000E+000, 0.0000000E+000, 0.0000000E+000
 1.6592871E+001, 1.9999409E+001, 0.0000000E+000, 3.0000000E+001, 0.0000000E+000, 0.0000000E+000, 0.0000000E+000
 1.6823328E+001, 1.9999407E+001, 0.0000000E+000, 3.0000000E+001, 0.0000000E+000, 0.0000000E+000, 0.0000000E+000
 1.7284241E+001, 1.9999403E+001, 0.0000000E+000, 3.0000000E+001, 0.0000000E+000, 0.0000000E+000, 0.0000000E+000
 1.7514697E+001, 1.9999400E+001, 0.0000000E+000, 3.0000000E+001, 0.0000000E+000, 0.0000000E+000, 0.0000000E+000
 1.7745154E+001, 1.9999397E+001, 0.0000000E+000, 3.0000000E+001, 0.0000000E+000, 0.0000000E+000, 0.0000000E+000
 1.8206067E+001, 1.9999394E+001, 0.0000000E+000, 3.0000000E+001, 0.0000000E+000, 0.0000000E+000, 0.0000000E+000
 1.8436524E+001, 1.9999391E+001, 0.0000000E+000, 3.0000000E+001, 0.0000000E+000, 0.0000000E+000, 0.0000000E+000
 1.8666980E+001, 1.9999389E+001, 0.0000000E+000, 3.0000000E+001, 0.0000000E+000, 0.0000000E+000, 0.0000000E+000
 1.9127893E+001, 1.9999387E+001, 0.0000000E+000, 3.0000000E+001, 0.0000000E+000, 0.0000000E+000, 0.0000000E+000
 1.9358350E+001, 1.9999384E+001, 0.0000000E+000, 3.0000000E+001, 0.0000000E+000, 0.0000000E+000, 0.0000000E+000
 1.9588806E+001, 1.9999382E+001, 0.0000000E+000, 3.0000000E+001, 0.0000000E+000, 0.0000000E+000, 0.0000000E+000
 1.9819263E+001, 1.9999381E+001, 0.0000000E+000, 3.0000000E+001, 0.0000000E+000, 0.0000000E+000, 0.0000000E+000
 2.0280176E+001, 1.9999378E+001, 0.0000000E+000, 3.0000000E+001, 0.0000000E+000, 0.0000000E+000, 0.0000000E+000
 2.0510633E+001, 1.9999376E+001, 0.0000000E+000, 3.0000000E+001, 0.0000000E+000, 0.0000000E+000, 0.0000000E+000
 2.0741089E+001, 1.9999375E+001, 0.0000000E+000, 3.0000000E+001, 0.0000000E+000, 0.0000000E+000, 0.0000000E+000
 2.1202002E+001, 1.9999373E+001, 0.0000000E+000, 3.0000000E+001, 0.0000000E+000, 0.0000000E+000, 0.0000000E+000
 2.1432459E+001, 1.9999371E+001, 0.0000000E+000, 3.0000000E+001, 0.0000000E+000, 0.0000000E+000, 0.0000000E+000
 2.1662915E+001, 1.9999370E+001, 0.0000000E+000, 3.0000000E+001, 0.0000000E+000, 0.0000000E+000, 0.0000000E+000
 2.2123828E+001, 1.9999368E+001, 0.0000000E+000, 3.0000000E+001, 0.0000000E+000, 0.0000000E+000, 0.0000000E+000
 2.2354285E+001, 1.9999367E+001, 0.0000000E+000, 3.0000000E+001, 0.0000000E+000, 0.0000000E+000, 0.0000000E+000
 2.2584741E+001, 1.9999366E+001, 0.0000000E+000, 3.0000000E+001, 0.0000000E+000, 0.0000000E+000, 0.0000000E+000
 2.2815198E+001, 1.9999365E+001, 0.0000000E+000, 3.0000000E+001, 0.0000000E+000, 0.0000000E+000, 0.0000000E+000
 2.3276111E+001, 1.9999364E+001, 0.0000000E+000, 3.0000000E+001, 0.0000000E+000, 0.0000000E+000, 0.0000000E+000
 2.3506568E+001, 1.9999362E+001, 0.0000000E+000, 3.0000000E+001, 0.0000000E+000, 0.0000000E+000, 0.0000000E+000
 2.3737024E+001, 1.9999362E+001, 0.0000000E+000, 3.0000000E+001, 0.0000000E+000, 0.0000000E+000, 0.0000000E+000
 2.4197937E+001, 1.9999361E+001, 0.0000000E+000, 3.0000000E+001, 0.0000000E+000, 0.0000000E+000, 0.0000000E+000
 2.4428394E+001, 1.9999360E+001, 0.0000000E+000, 3.0000000E+001, 0.0000000E+000, 0.0000000E+000, 0.0000000E+000
 2.4658850E+001, 1.9999359E+001, 0.0000000E+000, 3.0000000E+001, 0.0000000E+000, 0.0000000E+000, 0.0000000E+000
 2.5119763E+001, 1.9999358E+001, 0.0000000E+000, 3.0000000E+001, 0.0000000E+000, 0.0000000E+000, 0.0000000E+000
 2.5350220E+001, 1.9999357E+001, 0.0000000E+000, 3.0000000E+001, 0.0000000E+000, 0.0000000E+000, 0.0000000E+000
 2.5580677E+001, 1.9999357E+001, 0.0000000E+000, 3.0000000E+001, 0.0000000E+000, 0.0000000E+000, 0.0000000E+000
 2.5811133E+001, 1.9999357E+001, 0.0000000E+000, 3.0000000E+001, 0.0000000E+000, 0.0000000E+000, 0.0000000E+000
 2.6272046E+001, 1.9999356E+001, 0.0000000E+000, 3.0000000E+001, 0.0000000E+000, 0.0000000E+000, 0.0000000E+000
 2.6502503E+001, 1.9999356E+001, 0.0000000E+000, 3.0000000E+001, 0.0000000E+000, 0.0000000E+000, 0.0000000E+000
 2.6732959E+001, 1.9999355E+001, 0.0000000E+000, 3.0000000E+001, 0.0000000E+000, 0.0000000E+000, 0.0000000E+000
 2.7193872E+001, 1.9999355E+001, 0.0000000E+000, 3.0000000E+001, 0.0000000E+000, 0.0000000E+000, 0.0000000E+000
 2.7424329E+001, 1.9999355E+001, 0.0000000E+000, 3.0000000E+001, 0.0000000E+000, 0.0000000E+000, 0.0000000E+000
 2.7654785E+001, 1.9999355E+001, 0.0000000E+000, 3.0000000E+001, 0.0000000E+000, 0.0000000E+000, 0.0000000E+000
 2.8115699E+001, 1.9999354E+001, 0.0000000E+000, 3.0000000E+001, 0.0000000E+000, 0.0000000E+000, 0.0000000E+000
 2.8346155E+001, 1.9999354E+001, 0.0000000E+000, 3.0000000E+001, 0.0000000E+000, 0.0000000E+000, 0.0000000E+000
 2.8576612E+001, 1.9999354E+001, 0.0000000E+000, 3.0000000E+001, 0.0000000E+000, 0.0000000E+000, 0.0000000E+000
 2.8807068E+001, 1.9999354E+001, 0.0000000E+000, 3.0000000E+001, 0.0000000E+000, 0.0000000E+000, 0.0000000E+000
 2.9267981E+001, 1.9999354E+001, 0.0000000E+000, 3.0000000E+001, 0.0000000E+000, 0.0000000E+000, 0.0000000E+000
 2.9498438E+001, 1.9999354E+001, 0.0000000E+000, 3.0000000E+001, 0.0000000E+000, 0.0000000E+000, 0.0000000E+000
 2.9728894E+001, 1.9999354E+001, 0.0000000E+000, 3.0000000E+001, 0.0000000E+000, 0.0000000E+000, 0.0000000E+000
 3.0189807E+001, 1.9999355E+001, 0.0000000E+000, 3.0000000E+001, 0.0000000E+000, 0.0000000E+000, 0.0000000E+000
 3.0420264E+001, 1.9999355E+001, 0.0000000E+000, 3.0000000E+001, 0.0000000E+000, 0.0000000E+000, 0.0000000E+000
 3.0650721E+001, 1.9999355E+001, 0.0000000E+000, 3.0000000E+001, 0.0000000E+000, 0.0000000E+000, 0.0000000E+000
 3.1111634E+001, 1.9999355E+001, 0.0000000E+000, 3.0000000E+001, 0.0000000E+000, 0.0000000E+000, 0.0000000E+000
 3.1342090E+001, 1.9999357E+001, 2.4794628E-030, 3.0000000E+001, 0.0000000E+000, 2.4794628E-030, 0.0000000E+000
 3.1572547E+001, 1.9999359E+001, 1.6024854E-028, 3.0000000E+001, 0.0000000E+000, 1.6024854E-028, 0.0000000E+000
 3.1803003E+001, 1.9999361E+001, 2.4377177E-027, 3.0000000E+001, 0.0000000E+000, 2.4377177E-027, 0.0000000E+000
 3.2263916E+001, 1.9999379E+001, 8.1157516E-026, 3.0000000E+001, 0.0000000E+000, 8.1157516E-026, 0.0000000E+000
 3.2494373E+001, 1.9999397E+001, 7.4000451E-025, 3.0000000E+001, 0.0000000E+000, 7.4000451E-025, 0.0000000E+000
 3.2724829E+001, 1.9999438E+001, 3.2486798E-024, 3.0000000E+001, 0.0000000E+000, 3.2486798E-024, 0.0000000E+000
 3.3185743E+001, 1.9999500E+001, 2.2092565E-023, 3.0000000E+001, 0.0000000E+000, 2.2092565E-023, 0.0000000E+000
 3.3416199E+001, 1.9999682E+001, 9.0349072E-023, 3.0000000E+001, 0.0000000E+000, 9.0349072E-023, 0.0000000E+000
 3.3646656E+001, 1.9999843E+001, 2.5768272E-022, 3.0000000E+001, 0.0000000E+000, 2.5768272E-022, 0.0000000E+000
 3.4107569E+001, 2.0000176E+001, 1.3988630E-021, 3.0000000E+001, 0.0000000E+000, 1.3988630E-021, 0.0000000E+000
 3.4338025E+001, 2.0000689E+001, 6.5137999E-021, 3.0000000E+001, 0.0000000E+000, 6.5137999E-021, 0.0000000E+000
 3.4568482E+001, 2.0001032E+001, 1.7711648E-020, 3.0000000E+001, 0.0000000E+000, 1.7711648E-020, 0.0000000E+000
 3.5029395E+001, 2.0001778E+001, 9.7195179E-020, 3.0000000E+001, 0.0000000E+000, 9.7195179E-020, 0.0000000E+000
 3.5259851E+001, 2.0002525E+001, 4.4575937E-019, 3.0000000E+001, 0.0000000E+000, 4.4575937E-019, 0.0000000E+000
 3.5490308E+001, 2.0003171E+001, 1.2018795E-018, 3.0000000E+001, 0.0000000E+000, 1.2018795E-018, 0.0000000E+000
 3.5720765E+001, 2.0003820E+001, 2.7555503E-018, 3.0000000E+001, 0.0000000E+000, 2.7555503E-018, 7.9891293E-113
 3.6181678E+001, 2.0004927E+001, 4.8260809E-018, 3.0000000E+001, 0.0000000E+000, 4.8260809E-018, 6.6263949E-109
 3.6412134E+001, 2.0006296E+001, 1.4253662E-017, 3.0000000E+001, 0.0000000E+000, 1.4253662E-017, 5.2098338E-107
 3.6608273E+001, 2.0007093E+001, 4.6668104E-017, 3.0000000E+001, 0.0000000E+000, 4.6668104E-017, 1.0392111E-105
 3.6956687E+001, 2.0008598E+001, 2.7853532E-015, 3.0000000E+001, 0.0000000E+000, 2.7853532E-015, 6.3502284E-104
 3.7261237E+001, 2.0010601E+001, 7.3423082E-012, 3.0000000E+001, 0.0000000E+000, 7.3423082E-012, 2.9941243E-102
 3.7506657E+001, 2.0012600E+001, 7.9563407E-009, 3.0000000E+001, 8.9845112E-176, 7.9563407E-009, 5.1113230E-101
 3.7874787E+001, 2.0015815E+001, 1.2402158E-004, 3.0000000E+001, 8.1060086E-171, 1.2402158E-004, 1.5271879E-099
 3.8203161E+001, 2.0904858E+001, 1.4080261E-001, 2.3022021E+001, 1.8730982E-167, 1.4080261E-001, 3.3378742E-098
 3.8422077E+001, 2.6505140E+001, 9.9351211E-001, 3.1719132E+000, 1.9643984E-165, 9.9351211E-001, 2.9201081E-097
 3.8750451E+001, 3.1424876E+001, 1.6912734E+000, 1.7811241E+000, 3.3684477E-163, 1.6912734E+000, 2.8696972E-096
 3.9078826E+001, 3.2146655E+001, 1.7805006E+000, 1.6851802E+000, 4.2555055E-161, 1.7805006E+000, 3.1195464E-095
 3.9383350E+001, 3.1288257E+001, 1.6595171E+000, 1.8095866E+000, 2.4865493E-159, 1.6595171E+000, 2.5458634E-094
 3.9649561E+001, 2.9440065E+001, 1.4029962E+000, 2.1436888E+000, 7.2557180E-158, 1.4029962E+000, 1.5535281E-093
 3.9911013E+001, 2.7719936E+001, 1.1582379E+000, 2.5980588E+000, 1.5805414E-156, 1.1582379E+000, 8.8871454E-093
 4.0237574E+001, 2.5898745E+001, 8.9343974E-001, 3.3832053E+000, 4.2843198E-155, 8.9343974E-001, 1.0362458E-091
 4.0574341E+001, 2.4109356E+001, 6.2911874E-001, 4.8233026E+000, 1.0700211E-153, 6.2911874E-001, 3.8673442E-090
 4.0911107E+001, 2.2597135E+001, 4.0323243E-001, 7.5737017E+000, 2.4036155E-152, 4.0323243E-001, 1.9181357E-088
 4.1135618E+001, 2.1749062E+001, 2.6968232E-001, 1.1188000E+001, 2.4092275E-151, 2.6968232E-001, 3.3300933E-087
 4.1472385E+001, 2.1242099E+001, 1.8922558E-001, 1.6051497E+001, 3.1270189E-150, 1.8922558E-001, 9.2285181E-086
 4.1809152E+001, 2.0861876E+001, 1.2868991E-001, 2.3535988E+001, 4.7148233E-149, 1.2868991E-001, 3.0493784E-084
 4.2008226E+001, 2.0672859E+001, 9.8272772E-002, 2.9569875E+001, 2.9421816E-148, 9.8272772E-002, 3.2877770E-083
 4.2306837E+001, 2.0551404E+001, 7.8483240E-002, 3.0000000E+001, 1.8383938E-147, 7.8483240E-002, 4.8051087E-082
 4.2605448E+001, 2.0449597E+001, 6.1631027E-002, 3.0000000E+001, 1.1764781E-146, 6.1631027E-002, 9.2859304E-081
 4.2904059E+001, 2.0381779E+001, 5.0185198E-002, 3.0000000E+001, 6.1235574E-146, 5.0185198E-002, 1.6319820E-079
 4.3202670E+001, 2.0333700E+001, 4.1931760E-002, 3.0000000E+001, 2.6525127E-145, 4.1931760E-002, 2.7644125E-078
 4.3511234E+001, 2.0298730E+001, 3.5729412E-002, 3.0000000E+001, 9.9576505E-145, 3.5729412E-002, 1.2715538E-076
 4.3839706E+001, 2.0273613E+001, 3.1009043E-002, 3.0000000E+001, 3.2361690E-144, 3.1009043E-002, 4.8727108E-074
 4.4168179E+001, 2.0256935E+001, 2.7559923E-002, 3.0000000E+001, 8.6501300E-144, 2.7559923E-002, 3.0181697E-071
 4.4496651E+001, 2.0248709E+001, 2.5432916E-002, 3.0000000E+001, 1.9284633E-143, 2.5432916E-002, 1.6823919E-068
 4.4715632E+001, 2.0252502E+001, 2.5307039E-002, 3.0000000E+001, 3.5405440E-143, 2.5307039E-002, 1.7305750E-066
 4.5044104E+001, 2.0290443E+001, 3.0682974E-002, 3.0000000E+001, 7.2229993E-143, 3.0682974E-002, 5.0092332E-064
 4.5329230E+001, 2.0414667E+001, 4.9986708E-002, 3.0000000E+001, 1.6738923E-142, 4.9986708E-002, 8.1897446E-062
 4.5614356E+001, 2.0604315E+001, 7.9718877E-002, 3.0000000E+001, 3.8254247E-142, 7.9718877E-002, 7.5259837E-060
 4.5994524E+001, 2.0777613E+001, 1.0602517E-001, 2.8069426E+001, 1.0034700E-141, 1.0602517E-001, 1.2162017E-057
 4.6203617E+001, 2.1086222E+001, 1.5285094E-001, 1.9756893E+001, 2.2211084E-141, 1.5285094E-001, 3.0995148E-056
 4.6584560E+001, 2.1519443E+001, 2.2137482E-001, 1.3702726E+001, 5.1078873E-141, 2.2137482E-001, 1.3828238E-054
 4.6860956E+001, 2.1857032E+001, 2.7422293E-001, 1.0947233E+001, 1.5342685E-140, 2.7422293E-001, 3.0391749E-053
 4.7137353E+001, 2.1997442E+001, 2.9438611E-001, 1.0192614E+001, 1.8134393E-139, 2.9438611E-001, 4.1100616E-052
 4.7441389E+001, 2.2058893E+001, 3.0134958E-001, 9.9552539E+000, 1.9814970E-136, 3.0134958E-001, 6.0719794E-051
 4.7745425E+001, 2.2019674E+001, 2.9231035E-001, 1.0265411E+001, 8.3280912E-133, 2.9231035E-001, 8.1226456E-050
 4.8049461E+001, 2.1901310E+001, 2.7128683E-001, 1.1065188E+001, 3.8799012E-129, 2.7128683E-001, 9.0996336E-049
 4.8353498E+001, 2.1756106E+001, 2.4714593E-001, 1.2145994E+001, 1.5395914E-125, 2.4714593E-001, 8.4182168E-048
 4.8634426E+001, 2.1637308E+001, 2.2747351E-001, 1.3193931E+001, 3.2503639E-122, 2.2747351E-001, 5.8488117E-047
 4.8903800E+001, 2.1539953E+001, 2.1111718E-001, 1.4215551E+001, 3.8241063E-119, 2.1111718E-001, 3.3936794E-046
 4.9262965E+001, 2.1452287E+001, 1.9588922E-001, 1.5320887E+001, 1.6545662E-115, 1.9588922E-001, 2.4541019E-045
 4.9532339E+001, 2.1406509E+001, 1.8725765E-001, 1.6021468E+001, 1.2948824E-112, 1.8725765E-001, 1.3821275E-044
 4.9801713E+001, 2.1389496E+001, 1.8341829E-001, 1.6356293E+001, 8.1255627E-110, 1.8341829E-001, 6.0032792E-044
 5.0160878E+001, 2.1405198E+001, 1.8435789E-001, 1.6273756E+001, 2.6242066E-106, 1.8435789E-001, 3.3480514E-043
 5.0430252E+001, 2.1469132E+001, 1.9289854E-001, 1.5555539E+001, 1.3728039E-103, 1.9289854E-001, 1.6027149E-042
 5.0789417E+001, 2.1561996E+001, 2.0390503E-001, 1.4715618E+001, 2.4964566E-100, 2.0390503E-001, 8.5909393E-042
 5.1058791E+001, 2.1626800E+001, 2.0875294E-001, 1.4371080E+001, 1.2383860E-097, 2.0875294E-001, 4.2078273E-041
 5.1328165E+001, 2.1655147E+001, 2.0872280E-001, 1.4373138E+001, 4.5665546E-095, 2.0872280E-001, 1.8238007E-040
 5.1687331E+001, 2.1686000E+001, 2.0811655E-001, 1.4415010E+001, 7.5023386E-092, 2.0811655E-001, 1.1816072E-039
 5.1956705E+001, 2.1721086E+001, 2.0822143E-001, 1.4407777E+001, 2.5857834E-089, 2.0822143E-001, 7.0320111E-039
 5.2226079E+001, 2.1772300E+001, 2.1159340E-001, 1.4178977E+001, 5.6518552E-087, 2.1159340E-001, 3.4830102E-038
 5.2585244E+001, 2.1878890E+001, 2.2307052E-001, 1.3454824E+001, 4.2725671E-084, 2.2307052E-001, 2.2773199E-037
 5.2854618E+001, 2.2014453E+001, 2.3814767E-001, 1.2599599E+001, 8.9453448E-082, 2.3814767E-001, 1.2587914E-036
 5.3123992E+001, 2.2095691E+001, 2.4910110E-001, 1.2044789E+001, 1.3138299E-079, 2.4910110E-001, 5.7808241E-036
 5.3440579E+001, 2.2147869E+001, 2.5722055E-001, 1.1663553E+001, 3.5818930E-077, 2.5722055E-001, 3.0728041E-035
 5.3757166E+001, 2.2189266E+001, 2.6069277E-001, 1.1507894E+001, 9.4336556E-075, 2.6069277E-001, 1.8046525E-034
 5.4073753E+001, 2.2254093E+001, 2.6532843E-001, 1.1307480E+001, 2.0078902E-072, 2.6532843E-001, 1.0386490E-033
 5.4311193E+001, 2.2361149E+001, 2.7590383E-001, 1.0875235E+001, 1.3240950E-070, 2.7590383E-001, 4.4806594E-033
 5.4627780E+001, 2.2549416E+001, 2.9705175E-001, 1.0106899E+001, 1.5836082E-068, 2.9705175E-001, 2.0325227E-032
 5.4944367E+001, 2.2776727E+001, 3.2029061E-001, 9.3673913E+000, 1.9994215E-066, 3.2029061E-001, 1.0290709E-031
 5.5260954E+001, 2.2828139E+001, 3.2261554E-001, 9.2989985E+000, 1.9791213E-064, 3.2261554E-001, 5.1429083E-031
 5.5577541E+001, 2.2909925E+001, 3.3200295E-001, 9.0397085E+000, 1.5361739E-062, 3.3200295E-001, 2.5879200E-030
 5.5814981E+001, 2.3110651E+001, 3.5934962E-001, 8.3511165E+000, 4.4798164E-061, 3.5934962E-001, 9.8739306E-030
 5.6131568E+001, 2.3207205E+001, 3.7265157E-001, 8.0504804E+000, 1.8248575E-059, 3.7265157E-001, 3.9629045E-029
 5.6448155E+001, 2.3109010E+001, 3.6077584E-001, 8.3173270E+000, 7.8916557E-058, 3.6077584E-001, 1.8505893E-028
 5.6764742E+001, 2.2967071E+001, 3.4203847E-001, 8.7724660E+000, 2.8589617E-056, 3.4203847E-001, 8.6369951E-028
 5.7002183E+001, 2.2882238E+001, 3.2955988E-001, 9.1036672E+000, 4.8447518E-055, 3.2955988E-001, 3.0422159E-027
 5.7318770E+001, 2.2795863E+001, 3.1667031E-001, 9.4755980E+000, 1.0564178E-053, 3.1667031E-001, 1.0870540E-026
 5.7635357E+001, 2.2677992E+001, 2.9913034E-001, 1.0031659E+001, 2.5949029E-052, 2.9913034E-001, 4.3926474E-026
 5.7951944E+001, 2.2593983E+001, 2.8605520E-001, 1.0488108E+001, 5.7473871E-051, 2.8605520E-001, 1.7495792E-025
 5.8268531E+001, 2.2616117E+001, 2.8713437E-001, 1.0449361E+001, 1.1492417E-049, 2.8713437E-001, 6.6452901E-025
 5.8505971E+001, 2.2738281E+001, 3.0349875E-001, 9.8873180E+000, 1.2760472E-048, 3.0349875E-001, 2.0262719E-024
 5.8822558E+001, 2.2865283E+001, 3.2108809E-001, 9.3454248E+000, 1.7429441E-047, 3.2108809E-001, 6.5581171E-024
 5.9139145E+001, 2.3022168E+001, 3.4042464E-001, 8.8150534E+000, 2.7460884E-046, 3.4042464E-001, 2.2987195E-023
 5.9455732E+001, 2.3173280E+001, 3.5819946E-001, 8.3762880E+000, 3.9907898E-045, 3.5819946E-001, 7.3786927E-023
 5.9755349E+001, 2.3273762E+001, 3.7051114E-001, 8.0974061E+000, 4.8301706E-044, 3.7051114E-001, 2.1605239E-022
 6.0022878E+001, 2.3330743E+001, 3.7713744E-001, 7.9546890E+000, 4.5340264E-043, 3.7713744E-001, 5.9312254E-022
 6.0357320E+001, 2.3341580E+001, 3.7538197E-001, 7.9920420E+000, 5.8594661E-042, 3.7538197E-001, 1.8510626E-021
 6.0655795E+001, 2.3301681E+001, 3.6695792E-001, 8.1756849E+000, 7.5965691E-041, 3.6695792E-001, 5.3605884E-021
 6.0961210E+001, 2.3246317E+001, 3.5653932E-001, 8.4152232E+000, 9.7420460E-040, 3.5653932E-001, 1.3591724E-020
 6.1266626E+001, 2.3131487E+001, 3.3620929E-001, 8.9272916E+000, 1.3433669E-038, 3.3620929E-001, 3.9713416E-020
 6.1542831E+001, 2.2994885E+001, 3.1182486E-001, 9.6238607E+000, 1.5360293E-037, 3.1182486E-001, 1.2145006E-019
 6.1822623E+001, 2.2950709E+001, 3.0066257E-001, 9.9780276E+000, 1.6999562E-036, 3.0066257E-001, 3.0882475E-019
 6.2115738E+001, 2.3015346E+001, 3.0709390E-001, 9.7695937E+000, 1.8810168E-035, 3.0709390E-001, 6.9954995E-019
 6.2457443E+001, 2.3061884E+001, 3.1283786E-001, 9.5898935E+000, 2.5342994E-034, 3.1283786E-001, 2.2384589E-018
 6.2717639E+001, 2.3135352E+001, 3.2205337E-001, 9.3160526E+000, 2.3222876E-033, 3.2205337E-001, 7.0097448E-018
 6.3003856E+001, 2.3281861E+001, 3.3423727E-001, 8.9768364E+000, 1.8578992E-032, 3.3423727E-001, 1.5532448E-017
 6.3361626E+001, 2.3439258E+001, 3.4943906E-001, 8.5863751E+000, 1.9946442E-031, 3.4943906E-001, 2.6590286E-017
 6.3647842E+001, 2.3475358E+001, 3.5610218E-001, 8.4245599E+000, 1.6279921E-030, 3.5610218E-001, 6.8267318E-017
 6.3941214E+001, 2.3406028E+001, 3.4797388E-001, 8.6228377E+000, 1.0763496E-029, 3.4797388E-001, 2.8720444E-016
 6.4256052E+001, 2.3246205E+001, 3.2504122E-001, 9.2349881E+000, 7.2008486E-029, 3.2504122E-001, 1.4937158E-015
 6.4570890E+001, 2.3040530E+001, 2.9630948E-001, 1.0132064E+001, 4.6497641E-028, 2.9630948E-001, 8.3762436E-015
 6.4856896E+001, 2.2863184E+001, 2.7118937E-001, 1.1067236E+001, 2.5517478E-027, 2.7118937E-001, 4.2885808E-014
 6.5133292E+001, 2.2786147E+001, 2.5956751E-001, 1.1557787E+001, 1.3055146E-026, 2.5956751E-001, 2.0134857E-013
 6.5409689E+001, 2.2896934E+001, 2.7218104E-001, 1.1032462E+001, 6.9051849E-026, 2.7218104E-001, 8.8785380E-013
 6.5755184E+001, 2.3050843E+001, 2.9445351E-001, 1.0188783E+001, 5.5145620E-025, 2.9445351E-001, 4.7015433E-012
 6.6031580E+001, 2.2931778E+001, 2.8308160E-001, 1.0602278E+001, 4.2958008E-024, 2.8308160E-001, 2.2216927E-011
 6.6307976E+001, 2.2719463E+001, 2.5819841E-001, 1.1627016E+001, 2.9242400E-023, 2.5819841E-001, 9.0964471E-011
 6.6674201E+001, 2.2555734E+001, 2.3777118E-001, 1.2621968E+001, 2.7660922E-022, 2.3777118E-001, 4.8725877E-010
 6.6902228E+001, 2.2500544E+001, 2.2823215E-001, 1.3144916E+001, 1.5814483E-021, 2.2823215E-001, 1.9333921E-009
 6.7247259E+001, 2.2492402E+001, 2.2427146E-001, 1.3376958E+001, 9.7357018E-021, 2.2427146E-001, 8.3884926E-009
 6.7550743E+001, 2.2467126E+001, 2.1737594E-001, 1.3803634E+001, 6.3126886E-020, 2.1737594E-001, 4.0672206E-008
 6.7849826E+001, 2.2394739E+001, 2.0446902E-001, 1.4677106E+001, 4.0885298E-019, 2.0446902E-001, 1.7182260E-007
 6.8148029E+001, 2.2325905E+001, 1.9382699E-001, 1.5480327E+001, 2.2350299E-018, 1.9382699E-001, 6.0760437E-007
 6.8446233E+001, 2.2260023E+001, 1.8558118E-001, 1.6167994E+001, 8.5355644E-018, 1.8558118E-001, 1.8812590E-006
 6.8762328E+001, 2.2202997E+001, 1.7617365E-001, 1.7033296E+001, 8.3582290E-017, 1.7617365E-001, 6.1457434E-006
 6.9024747E+001, 2.2176226E+001, 1.7028551E-001, 1.7617582E+001, 7.7354668E-015, 1.7028551E-001, 1.9043115E-005
 6.9352770E+001, 2.2208628E+001, 1.7580120E-001, 1.7075405E+001, 1.1829271E-012, 1.7580120E-001, 5.1454744E-005
 6.9654667E+001, 2.2345158E+001, 1.9888985E-001, 1.5103910E+001, 1.3805225E-010, 1.9888985E-001, 1.1376632E-004
 6.9939146E+001, 2.2444272E+001, 2.1715079E-001, 1.3817715E+001, 1.0337547E-008, 2.1715079E-001, 1.9992500E-004
 7.0223624E+001, 2.2488229E+001, 2.2602684E-001, 1.3274776E+001, 4.4755632E-007, 2.2602684E-001, 3.0709558E-004
 7.0508103E+001, 2.2530916E+001, 2.3196441E-001, 1.2933182E+001, 1.6502741E-005, 2.3196441E-001, 4.3325612E-004
 7.0849478E+001, 2.2488254E+001, 2.1991895E-001, 1.3652629E+001, 3.2659309E-004, 2.1991895E-001, 5.9942658E-004
 7.1133956E+001, 2.2374438E+001, 1.9596334E-001, 1.5325946E+001, 2.6168487E-003, 1.9596334E-001, 8.0170333E-004
 7.1418435E+001, 2.2256387E+001, 1.7556914E-001, 1.7100786E+001, 3.2578619E-002, 1.7556914E-001, 1.0155585E-003
 7.1725672E+001, 2.2155692E+001, 1.6108515E-001, 1.8630571E+001, 1.2826715E-001, 1.6108515E-001, 1.2541488E-003
 7.2038599E+001, 2.2092669E+001, 1.5469353E-001, 1.9393517E+001, 2.8596696E-001, 1.5469353E-001, 1.5007163E-003
 7.2351525E+001, 2.2084025E+001, 1.5779691E-001, 1.9016602E+001, 4.7777810E-001, 1.5779691E-001, 1.7341469E-003
 7.2601867E+001, 2.2139332E+001, 1.7085047E-001, 1.7570366E+001, 6.2787678E-001, 1.7085047E-001, 1.9258347E-003
 7.2914793E+001, 2.2220613E+001, 1.8733015E-001, 1.6023824E+001, 7.5575932E-001, 1.8733015E-001, 2.1016062E-003
 7.3202590E+001, 2.2288993E+001, 1.9930530E-001, 1.5054870E+001, 8.6816358E-001, 1.9930530E-001, 2.2782687E-003
 7.3522723E+001, 2.2331276E+001, 2.1011010E-001, 1.4282133E+001, 9.4689583E-001, 2.1011010E-001, 2.4573333E-003
 7.3808841E+001, 2.2333183E+001, 2.1701601E-001, 1.3823928E+001, 9.9503340E-001, 2.1701601E-001, 2.6406840E-003
 7.4151643E+001, 2.2271790E+001, 2.1265577E-001, 1.4108183E+001, 1.0159033E+000, 2.1265577E-001, 2.8246903E-003
 7.4442389E+001, 2.2366076E+001, 2.2349949E-001, 1.3444446E+001, 1.0073800E+000, 2.2349949E-001, 3.0018692E-003
 7.4702502E+001, 2.2688732E+001, 2.6420897E-001, 1.1378728E+001, 9.7563897E-001, 2.6420897E-001, 3.1544609E-003
 7.5027643E+001, 2.2982195E+001, 3.0098037E-001, 9.9739277E+000, 9.3632498E-001, 3.0098037E-001, 3.3163797E-003
 7.5352783E+001, 2.3353989E+001, 3.5131393E-001, 8.5793984E+000, 9.0251803E-001, 3.5131393E-001, 3.5231630E-003
 7.5612896E+001, 2.3936314E+001, 4.3457947E-001, 6.9245538E+000, 8.8711839E-001, 4.3457947E-001, 3.7565535E-003
 7.5913696E+001, 2.4755689E+001, 5.5253425E-001, 5.4565608E+000, 8.8316855E-001, 5.5253425E-001, 4.0563095E-003
 7.6255184E+001, 2.5567414E+001, 6.6579608E-001, 4.5108656E+000, 8.8377687E-001, 6.6579608E-001, 4.5893940E-003
 7.6539757E+001, 2.5841937E+001, 6.9698138E-001, 4.3042836E+000, 8.8285164E-001, 6.9698138E-001, 5.4062183E-003
 7.6824330E+001, 2.5709747E+001, 6.7340922E-001, 4.4597342E+000, 8.8137484E-001, 6.7340922E-001, 6.4745057E-003
 7.7108903E+001, 2.4923797E+001, 5.7199576E-001, 5.2563597E+000, 8.8200344E-001, 5.7199576E-001, 7.7616110E-003
 7.7450391E+001, 2.4407938E+001, 5.1206347E-001, 5.8600125E+000, 9.0155030E-001, 5.1206347E-001, 9.0186742E-003
 7.7734964E+001, 2.4313705E+001, 5.1188043E-001, 5.8613154E+000, 9.6054741E-001, 5.1188043E-001, 1.0334593E-002
 7.8019537E+001, 2.5139326E+001, 6.3771057E-001, 4.8463480E+000, 1.0274098E+000, 6.3771057E-001, 1.1917144E-002
 7.8304110E+001, 3.0053797E+001, 1.3274915E+000, 2.3152651E+000, 1.0618253E+000, 1.3274915E+000, 1.3927671E-002
 7.8645598E+001, 3.2404759E+001, 1.6244207E+000, 1.8468421E+000, 1.0667346E+000, 1.6244207E+000, 1.6643490E-002
 7.8930171E+001, 3.2887449E+001, 1.6636790E+000, 1.8038887E+000, 1.0142086E+000, 1.6636790E+000, 2.0448849E-002
 7.9241426E+001, 3.2996303E+001, 1.6945133E+000, 1.7717858E+000, 9.3427577E-001, 1.6945133E+000, 3.0629497E-002
 7.9546633E+001, 3.0516353E+001, 1.3568144E+000, 2.2302880E+000, 8.6592330E-001, 1.3568144E+000, 5.2617186E-002
 7.9800973E+001, 2.8057703E+001, 1.0051110E+000, 3.0010024E+000, 8.2808098E-001, 1.0051110E+000, 8.1864898E-002
 8.0106181E+001, 2.6313118E+001, 7.5061021E-001, 4.0314629E+000, 8.0077811E-001, 7.5061021E-001, 1.2162091E-001
 8.0411388E+001, 2.4979581E+001, 5.7024222E-001, 5.2753819E+000, 7.7555513E-001, 5.7024222E-001, 1.8682360E-001
 8.0742030E+001, 2.6512896E+001, 8.0316253E-001, 3.9627340E+000, 7.4828259E-001, 8.0316253E-001, 2.7861137E-001
 8.1048614E+001, 2.9659010E+001, 1.2775703E+000, 2.3516197E+000, 7.2278274E-001, 1.2775703E+000, 3.7326891E-001
 8.1340625E+001, 3.0337478E+001, 1.3407437E+000, 2.2417179E+000, 7.1511686E-001, 1.3407437E+000, 4.4955824E-001
 8.1632636E+001, 3.1437203E+001, 1.4814202E+000, 2.0311981E+000, 7.6027221E-001, 1.4814202E+000, 5.1019288E-001
 8.1924648E+001, 3.8417063E+001, 2.6627876E+000, 1.1729602E+000, 1.0282781E+000, 2.6627876E+000, 5.6085987E-001
 8.2216659E+001, 4.3928842E+001, 3.3665979E+000, 8.9805042E-001, 1.3907144E+000, 3.3665979E+000, 6.0060404E-001
 8.2508670E+001, 3.3060293E+001, 1.8337615E+000, 1.7083622E+000, 1.6663175E+000, 1.8337615E+000, 6.2665517E-001
 8.2800681E+001, 2.7975198E+001, 1.0756142E+000, 2.8137991E+000, 1.8121620E+000, 1.0756142E+000, 6.3825495E-001
 8.3141361E+001, 2.7267907E+001, 9.0350833E-001, 3.3222248E+000, 1.8925685E+000, 9.0350833E-001, 6.3720274E-001
 8.3438239E+001, 2.9439200E+001, 1.1421746E+000, 2.6416737E+000, 2.0047903E+000, 1.1421746E+000, 6.2452785E-001
 8.3705916E+001, 2.9150777E+001, 1.1080895E+000, 2.7206296E+000, 2.1283277E+000, 1.1080895E+000, 6.0303180E-001
 8.4027128E+001, 2.7366605E+001, 8.8821559E-001, 3.3846958E+000, 2.1788175E+000, 8.8821559E-001, 5.6829914E-001
 8.4348341E+001, 2.7302740E+001, 8.8579515E-001, 3.3997603E+000, 2.1572534E+000, 8.8579515E-001, 5.1613418E-001
 8.4616018E+001, 3.0599268E+001, 1.3340066E+000, 2.2985535E+000, 2.0390919E+000, 1.3340066E+000, 4.6190553E-001
 8.4905109E+001, 3.5535731E+001, 1.9686533E+000, 1.5304116E+000, 1.8799568E+000, 1.9686533E+000, 4.0939413E-001
 8.5258442E+001, 3.6228854E+001, 1.9940059E+000, 1.5073511E+000, 1.6793336E+000, 1.9940059E+000, 3.5514809E-001
 8.5512529E+001, 3.5331407E+001, 1.8553039E+000, 1.6172694E+000, 1.5130057E+000, 1.8553039E+000, 3.1671764E-001
 8.5802012E+001, 3.6112224E+001, 1.9960311E+000, 1.5041397E+000, 1.4111805E+000, 1.9960311E+000, 2.9120111E-001
 8.6121752E+001, 3.1145937E+001, 1.3354709E+000, 2.3268176E+000, 1.3300807E+000, 1.3354709E+000, 2.6911799E-001
 8.6441492E+001, 2.7547045E+001, 8.3804561E-001, 3.5995387E+000, 1.2666581E+000, 8.3804561E-001, 2.5053937E-001
 8.6739308E+001, 2.6989306E+001, 7.5150511E-001, 3.9922189E+000, 1.2344974E+000, 7.5150511E-001, 2.3553204E-001
 8.7015654E+001, 2.7246605E+001, 8.0215128E-001, 3.7440363E+000, 1.2254581E+000, 8.0215128E-001, 2.2341352E-001
 8.7347271E+001, 2.9822828E+001, 1.1461636E+000, 2.6863119E+000, 1.2181833E+000, 1.1461636E+000, 2.1235519E-001
 8.7623617E+001, 3.3412185E+001, 1.6415012E+000, 1.8293012E+000, 1.2028073E+000, 1.6415012E+000, 2.0274075E-001
 8.7949668E+001, 3.8147451E+001, 2.5579995E+000, 1.2511697E+000, 1.1776110E+000, 2.5579995E+000, 1.9446994E-001
 8.8203159E+001, 4.3878754E+001, 3.6911779E+000, 8.1414721E-001, 1.1829659E+000, 3.6911779E+000, 1.8736906E-001
 8.8531205E+001, 3.4765379E+001, 2.2813253E+000, 1.3948236E+000, 1.2951737E+000, 2.2813253E+000, 1.8078038E-001
 8.8842287E+001, 2.8045800E+001, 1.0378394E+000, 2.9804207E+000, 1.5273061E+000, 1.0378394E+000, 1.7394364E-001
 8.9136405E+001, 2.5868300E+001, 6.6001060E-001, 4.5664669E+000, 1.7264276E+000, 6.6001060E-001, 1.6719454E-001
 8.9430523E+001, 2.7041689E+001, 8.1703326E-001, 3.8238613E+000, 1.8216148E+000, 8.1703326E-001, 1.5952764E-001
 8.9724642E+001, 3.2652933E+001, 1.6221954E+000, 1.9209538E+000, 1.8389778E+000, 1.6221954E+000, 1.5018218E-001
 9.0018760E+001, 3.6404968E+001, 2.1041714E+000, 1.4392612E+000, 1.8266795E+000, 2.1041714E+000, 1.3966725E-001
 9.0337388E+001, 3.0323924E+001, 1.2736920E+000, 2.3902991E+000, 1.7727306E+000, 1.2736920E+000, 1.2799114E-001
 9.0606996E+001, 2.8528093E+001, 1.0367020E+000, 2.8945129E+000, 1.6706578E+000, 1.0367020E+000, 1.1645965E-001
 9.0906756E+001, 3.1243592E+001, 1.4515677E+000, 2.1405397E+000, 1.5529650E+000, 1.4515677E+000, 1.0565247E-001
 9.1242610E+001, 3.7697740E+001, 2.5995666E+000, 1.1609930E+000, 1.4385537E+000, 2.5995666E+000, 9.5028407E-002
 9.1508805E+001, 3.7467919E+001, 2.5764625E+000, 1.1662885E+000, 1.3510503E+000, 2.5764625E+000, 8.6647170E-002
 9.1810977E+001, 3.4386248E+001, 2.0178395E+000, 1.5020181E+000, 1.2931508E+000, 2.0178395E+000, 8.0246750E-002
 9.2115277E+001, 3.0963778E+001, 1.4354839E+000, 2.1043536E+000, 1.2590344E+000, 1.4354839E+000, 7.4964570E-002
 9.2407114E+001, 2.9166454E+001, 1.1481420E+000, 2.6180061E+000, 1.2470169E+000, 1.1481420E+000, 7.1405650E-002
 9.2727589E+001, 2.8426337E+001, 1.0203136E+000, 2.9421115E+000, 1.2555671E+000, 1.0203136E+000, 6.9171069E-002
 9.3002282E+001, 2.7985946E+001, 9.4671150E-001, 3.1700420E+000, 1.2685593E+000, 9.4671150E-001, 6.7908743E-002
 9.3322758E+001, 2.7575054E+001, 8.8403396E-001, 3.3946969E+000, 1.2759600E+000, 8.8403396E-001, 6.7081510E-002
 9.3643233E+001, 2.7371991E+001, 8.5138126E-001, 3.5237432E+000, 1.2651566E+000, 8.5138126E-001, 6.6117295E-002
 9.3945395E+001, 2.7345830E+001, 8.3875155E-001, 3.5768032E+000, 1.2400883E+000, 8.3875155E-001, 6.4772683E-002
 9.4247558E+001, 2.7479116E+001, 8.4803219E-001, 3.5392841E+000, 1.2280263E+000, 8.4803219E-001, 6.3243647E-002
 9.4549720E+001, 2.8422871E+001, 9.4548556E-001, 3.1753726E+000, 1.2156436E+000, 9.4548556E-001, 6.1718192E-002
 9.4801522E+001, 2.9297348E+001, 1.0385370E+000, 2.8893334E+000, 1.2022480E+000, 1.0385370E+000, 6.0437247E-002
 9.5103685E+001, 2.8982695E+001, 1.0202046E+000, 2.9408019E+000, 1.1910547E+000, 1.0202046E+000, 5.9437713E-002
 9.5437544E+001, 3.0819860E+001, 1.3049338E+000, 2.3258248E+000, 1.1764650E+000, 1.3049338E+000, 5.8784451E-002
 9.5734543E+001, 3.3471172E+001, 1.6844886E+000, 1.7832998E+000, 1.1630545E+000, 1.6844886E+000, 5.8850180E-002
 9.6031543E+001, 3.3450982E+001, 1.6813647E+000, 1.7855021E+000, 1.1687365E+000, 1.6813647E+000, 5.9745601E-002
 9.6315525E+001, 3.2198272E+001, 1.4942091E+000, 2.0115934E+000, 1.1910543E+000, 1.4942091E+000, 6.1201592E-002
 9.6633664E+001, 3.0148932E+001, 1.2110825E+000, 2.4916546E+000, 1.2206104E+000, 1.2110825E+000, 6.3327409E-002
 9.6926868E+001, 2.8717817E+001, 9.9675332E-001, 3.0114710E+000, 1.2546775E+000, 9.9675332E-001, 6.6327380E-002
 9.7207776E+001, 2.9527552E+001, 1.0992905E+000, 2.7394829E+000, 1.2963286E+000, 1.0992905E+000, 7.0130695E-002
 9.7505331E+001, 3.4013956E+001, 1.7170427E+000, 1.8171296E+000, 1.3384370E+000, 1.7170427E+000, 7.4954777E-002
 9.7803899E+001, 4.3650660E+001, 3.1209345E+000, 9.7049784E-001, 1.3773477E+000, 3.1209345E+000, 8.1036423E-002
 9.8133105E+001, 3.9722186E+001, 2.5410644E+000, 1.2273601E+000, 1.4140249E+000, 2.5410644E+000, 8.8945546E-002
 9.8438732E+001, 3.1719301E+001, 1.3913956E+000, 2.1885235E+000, 1.4497497E+000, 1.3913956E+000, 9.8981360E-002
 9.8729577E+001, 2.9544644E+001, 1.0502681E+000, 2.8615291E+000, 1.4643571E+000, 1.0502681E+000, 1.1044060E-001
 9.9005755E+001, 2.9108572E+001, 9.7890702E-001, 3.0646653E+000, 1.4809725E+000, 9.7890702E-001, 1.2579895E-001
 9.9327963E+001, 2.9084538E+001, 9.6816667E-001, 3.0986627E+000, 1.5617815E+000, 9.6816667E-001, 1.5380505E-001
 9.9617950E+001, 2.9036905E+001, 9.5887203E-001, 3.1286894E+000, 1.7463587E+000, 9.5887203E-001, 1.9045166E-001
 9.9921746E+001, 2.8994538E+001, 9.5581698E-001, 3.1388433E+000, 1.9461599E+000, 9.5581698E-001, 2.2922507E-001
 1.0022554E+002, 3.0656202E+001, 1.1905974E+000, 2.6321219E+000, 2.0939577E+000, 1.1905974E+000, 2.6706897E-001
 1.0053285E+002, 3.8976379E+001, 2.4318005E+000, 1.2453909E+000, 2.1495028E+000, 2.4318005E+000, 3.0001249E-001
 1.0080608E+002, 3.8553801E+001, 2.4766152E+000, 1.2134995E+000, 2.1480660E+000, 2.4766152E+000, 3.2610160E-001
 1.0112924E+002, 4.2243368E+001, 3.2575827E+000, 9.2398539E-001, 2.1137689E+000, 3.2575827E+000, 3.4854288E-001
 1.0141201E+002, 3.8881291E+001, 2.6751613E+000, 1.1373937E+000, 2.0274534E+000, 2.6751613E+000, 3.6656172E-001
 1.0173965E+002, 3.3887403E+001, 1.8755852E+000, 1.6077023E+000, 1.9144307E+000, 1.8755852E+000, 3.7968842E-001
 1.0203212E+002, 3.2216334E+001, 1.5902246E+000, 1.8881258E+000, 1.7754524E+000, 1.5902246E+000, 3.8974978E-001
 1.0230788E+002, 3.1129723E+001, 1.4001641E+000, 2.1461883E+000, 1.6561945E+000, 1.4001641E+000, 3.9819034E-001
 1.0262959E+002, 3.1135181E+001, 1.3812633E+000, 2.1732511E+000, 1.5557160E+000, 1.3812633E+000, 4.0614052E-001
 1.0290404E+002, 3.3176888E+001, 1.6762688E+000, 1.8325082E+000, 1.4997958E+000, 1.6762688E+000, 4.1366190E-001
 1.0322392E+002, 3.9537382E+001, 2.7382904E+000, 1.1054307E+000, 1.5028743E+000, 2.7382904E+000, 4.2212306E-001
 1.0351714E+002, 3.3803157E+001, 1.8156765E+000, 1.6687522E+000, 1.5532758E+000, 1.8156765E+000, 4.3383781E-001
 1.0381455E+002, 3.0988173E+001, 1.3624235E+000, 2.2174284E+000, 1.6288325E+000, 1.3624235E+000, 4.4923670E-001
 1.0413710E+002, 2.8543140E+001, 9.6910696E-001, 3.1308143E+000, 1.7301025E+000, 9.6910696E-001, 4.7304170E-001
 1.0440874E+002, 2.6895553E+001, 7.2364043E-001, 4.1550585E+000, 1.8249223E+000, 7.2364043E-001, 5.0099082E-001
 1.0473881E+002, 2.7199986E+001, 7.5885082E-001, 3.9810746E+000, 1.9052773E+000, 7.5885082E-001, 5.2955720E-001
 1.0503586E+002, 2.8477431E+001, 9.7475776E-001, 3.0831364E+000, 1.9710998E+000, 9.7475776E-001, 5.5512389E-001
 1.0530817E+002, 2.8848989E+001, 1.0385170E+000, 2.8887914E+000, 2.0378701E+000, 1.0385170E+000, 5.7295314E-001
 1.0564198E+002, 2.8806459E+001, 1.0377592E+000, 2.8912697E+000, 2.1178827E+000, 1.0377592E+000, 5.8598709E-001
 1.0591023E+002, 2.8996648E+001, 1.0866849E+000, 2.7736659E+000, 2.1796217E+000, 1.0866849E+000, 5.9191941E-001
 1.0620051E+002, 3.1483640E+001, 1.4893540E+000, 2.0222361E+000, 2.2107327E+000, 1.4893540E+000, 5.9061867E-001
 1.0654198E+002, 3.2063206E+001, 1.5315428E+000, 1.9596199E+000, 2.2143342E+000, 1.5315428E+000, 5.8553501E-001
 1.0682921E+002, 3.1869167E+001, 1.4356518E+000, 2.0898366E+000, 2.2086365E+000, 1.4356518E+000, 5.8132456E-001
 1.0714097E+002, 3.2158507E+001, 1.3969994E+000, 2.1491483E+000, 2.1984696E+000, 1.3969994E+000, 5.8086299E-001
 1.0743136E+002, 3.8626438E+001, 2.4676794E+000, 1.5049849E+000, 2.1751318E+000, 2.4676794E+000, 5.8719710E-001
 1.0772720E+002, 6.6905821E+001, 6.4508590E+000, 4.6899089E-001, 2.1431408E+000, 6.4508590E+000, 6.0114593E-001
 1.0803783E+002, 6.1712335E+001, 5.2950439E+000, 6.1070546E-001, 2.0585791E+000, 5.2950439E+000, 6.3015083E-001
 1.0830264E+002, 3.7736574E+001, 2.3294047E+000, 1.3036649E+000, 1.9298689E+000, 2.3294047E+000, 6.7133360E-001
 1.0863602E+002, 3.5063655E+001, 1.9776771E+000, 1.5176866E+000, 1.8084662E+000, 1.9776771E+000, 7.1805001E-001
 1.0892735E+002, 3.4754429E+001, 1.9311374E+000, 1.5639361E+000, 1.7425382E+000, 1.9311374E+000, 7.7019472E-001
 1.0923875E+002, 4.7117808E+001, 3.9766278E+000, 7.8229033E-001, 1.7452849E+000, 3.9766278E+000, 8.2403867E-001
 1.0951901E+002, 5.2184913E+001, 4.3224977E+000, 7.0058838E-001, 1.7884242E+000, 4.3224977E+000, 8.7782595E-001
 1.0981874E+002, 3.8424133E+001, 2.4177990E+000, 1.2794890E+000, 1.9118326E+000, 2.4177990E+000, 9.3262291E-001
 1.1011846E+002, 6.6270978E+001, 6.8657877E+000, 6.5944829E-001, 2.0641499E+000, 6.8657877E+000, 9.9136213E-001
 1.1041348E+002, 9.2759729E+001, 1.0097971E+001, 3.2359233E-001, 2.1702647E+000, 1.0097971E+001, 1.0466976E+000
 1.1073782E+002, 5.5881528E+001, 4.5438768E+000, 6.7166110E-001, 2.2657270E+000, 4.5438768E+000, 1.0981620E+000
 1.1101452E+002, 6.1278371E+001, 5.1023062E+000, 6.0018160E-001, 2.3496686E+000, 5.1023062E+000, 1.1492093E+000
 1.1133733E+002, 6.4760803E+001, 5.4070571E+000, 5.7222972E-001, 2.3985250E+000, 5.4070571E+000, 1.2005757E+000
 1.1161403E+002, 4.0408836E+001, 2.4060589E+000, 1.2946438E+000, 2.4255758E+000, 2.4060589E+000, 1.2492013E+000
 1.1192632E+002, 3.3270332E+001, 1.5704304E+000, 1.9186364E+000, 2.4260879E+000, 1.5704304E+000, 1.2937298E+000
 1.1221229E+002, 3.1181149E+001, 1.3048133E+000, 2.3078212E+000, 2.3845725E+000, 1.3048133E+000, 1.3361160E+000
 1.1253911E+002, 3.8462670E+001, 2.3963204E+000, 1.6591964E+000, 2.2790275E+000, 2.3963204E+000, 1.3786421E+000
 1.1282508E+002, 5.5984994E+001, 4.8312779E+000, 6.5798181E-001, 2.1490466E+000, 4.8312779E+000, 1.4170850E+000
 1.1312739E+002, 3.9068786E+001, 2.4732172E+000, 1.2194681E+000, 2.0586089E+000, 2.4732172E+000, 1.4457047E+000
 1.1344196E+002, 4.4307640E+001, 3.5840899E+000, 8.4868346E-001, 2.0059309E+000, 3.5840899E+000, 1.4663887E+000
 1.1371158E+002, 4.1712520E+001, 3.2134770E+000, 9.5569622E-001, 2.0035701E+000, 3.2134770E+000, 1.4816207E+000
 1.1402615E+002, 3.6897363E+001, 2.3492662E+000, 1.2849407E+000, 2.0614863E+000, 2.3492662E+000, 1.4990778E+000
 1.1434072E+002, 3.2784652E+001, 1.6443076E+000, 1.8431377E+000, 2.1519698E+000, 1.6443076E+000, 1.5152335E+000
 1.1461034E+002, 3.0949784E+001, 1.3127169E+000, 2.2867479E+000, 2.2329262E+000, 1.3127169E+000, 1.5261030E+000
 1.1491057E+002, 3.0808895E+001, 1.2321229E+000, 2.4384812E+000, 2.2882227E+000, 1.2321229E+000, 1.5314023E+000
 1.1523183E+002, 3.0678209E+001, 1.1788924E+000, 2.5567052E+000, 2.3251537E+000, 1.1788924E+000, 1.5298632E+000
 1.1551293E+002, 3.2475957E+001, 1.5126962E+000, 1.9864172E+000, 2.3524344E+000, 1.5126962E+000, 1.5206095E+000
 1.1583419E+002, 3.2303007E+001, 1.4544698E+000, 2.0687224E+000, 2.3748482E+000, 1.4544698E+000, 1.5068567E+000
 1.1612332E+002, 3.3020728E+001, 1.5527773E+000, 1.9395984E+000, 2.4014166E+000, 1.5527773E+000, 1.4936326E+000
 1.1642134E+002, 3.3157207E+001, 1.5707881E+000, 1.9149174E+000, 2.4251884E+000, 1.5707881E+000, 1.4748897E+000
 1.1673178E+002, 3.0795838E+001, 1.2511450E+000, 2.4088561E+000, 2.4277175E+000, 1.2511450E+000, 1.4534405E+000
 1.1701384E+002, 2.9644253E+001, 1.0856980E+000, 2.7638122E+000, 2.4054154E+000, 1.0856980E+000, 1.4288905E+000
 1.1731812E+002, 3.0118496E+001, 1.1147216E+000, 2.7100210E+000, 2.3608182E+000, 1.1147216E+000, 1.4020419E+000
 1.1763474E+002, 5.0389091E+001, 3.8926201E+000, 8.8268336E-001, 2.3026417E+000, 3.8926201E+000, 1.3793595E+000
 1.1791985E+002, 9.2590212E+001, 1.0207740E+001, 3.3164195E-001, 2.2317198E+000, 1.0207740E+001, 1.3673846E+000
 1.1822599E+002, 1.0105862E+002, 1.2255354E+001, 2.4949195E-001, 2.1397482E+000, 1.2255354E+001, 1.3656916E+000
 1.1853281E+002, 5.3367463E+001, 4.8551514E+000, 7.0178201E-001, 2.0301736E+000, 4.8551514E+000, 1.3721980E+000
 1.1881870E+002, 3.5797721E+001, 2.0196382E+000, 1.5107774E+000, 1.9292949E+000, 2.0196382E+000, 1.3856645E+000
 1.1912444E+002, 3.3420714E+001, 1.5832737E+000, 1.8964780E+000, 1.8449386E+000, 1.5832737E+000, 1.4016888E+000
 1.1943065E+002, 3.5846690E+001, 1.8832324E+000, 1.5941452E+000, 1.7760303E+000, 1.8832324E+000, 1.4179865E+000
 1.1973069E+002, 3.5557605E+001, 1.8259233E+000, 1.6448286E+000, 1.7208977E+000, 1.8259233E+000, 1.4362918E+000
 1.2003073E+002, 3.3308111E+001, 1.4821571E+000, 2.0360439E+000, 1.6732767E+000, 1.4821571E+000, 1.4572595E+000
 1.2031239E+002, 3.5692669E+001, 1.7195346E+000, 1.9791994E+000, 1.6361407E+000, 1.7195346E+000, 1.4811986E+000
 1.2063006E+002, 8.4729102E+001, 7.6220947E+000, 4.0598111E-001, 1.6225252E+000, 7.6220947E+000, 1.5097701E+000
 1.2092050E+002, 6.3579935E+001, 5.0984371E+000, 6.1392156E-001, 1.6337778E+000, 5.0984371E+000, 1.5418031E+000
 1.2120867E+002, 5.4844014E+001, 4.8339229E+000, 6.5369120E-001, 1.6801036E+000, 4.8339229E+000, 1.5733052E+000
 1.2151841E+002, 6.8525351E+001, 7.9532528E+000, 3.9091668E-001, 1.7891612E+000, 7.9532528E+000, 1.6052014E+000
 1.2182913E+002, 4.6394620E+001, 3.6537405E+000, 8.4149665E-001, 1.9114380E+000, 3.6537405E+000, 1.6378857E+000
 1.2212726E+002, 4.3511928E+001, 2.9587152E+000, 1.0142118E+000, 1.9853825E+000, 2.9587152E+000, 1.6694094E+000
 1.2242619E+002, 4.0726046E+001, 2.5580948E+000, 1.1824971E+000, 2.0142270E+000, 2.5580948E+000, 1.6983865E+000
 1.2271476E+002, 3.4081960E+001, 1.6592776E+000, 1.8303013E+000, 2.0220062E+000, 1.6592776E+000, 1.7252337E+000
 1.2302805E+002, 3.5668751E+001, 1.8039719E+000, 1.7417392E+000, 2.0256773E+000, 1.8039719E+000, 1.7507575E+000
 1.2330218E+002, 5.9406206E+001, 5.1492538E+000, 6.1009662E-001, 2.0380206E+000, 5.1492538E+000, 1.7746324E+000
 1.2361939E+002, 5.9467002E+001, 5.0481973E+000, 6.1740752E-001, 2.0868155E+000, 5.0481973E+000, 1.7988188E+000
 1.2390761E+002, 3.9052867E+001, 2.3174942E+000, 1.3495297E+000, 2.1827181E+000, 2.3174942E+000, 1.8231850E+000
 1.2423601E+002, 3.1406003E+001, 1.2814945E+000, 2.3588158E+000, 2.3121896E+000, 1.2814945E+000, 1.8489138E+000
 1.2450052E+002, 3.4591737E+001, 1.6110713E+000, 1.9086557E+000, 2.4157989E+000, 1.6110713E+000, 1.8745954E+000
 1.2483353E+002, 4.4754112E+001, 3.0753859E+000, 9.8993901E-001, 2.4683042E+000, 3.0753859E+000, 1.8995248E+000
 1.2512197E+002, 4.3033333E+001, 2.8442628E+000, 1.0618407E+000, 2.4575445E+000, 2.8442628E+000, 1.9225188E+000
 1.2540509E+002, 3.9420579E+001, 2.2907517E+000, 1.3123626E+000, 2.4112300E+000, 2.2907517E+000, 1.9407039E+000
 1.2573635E+002, 3.6122735E+001, 1.7877483E+000, 1.7082295E+000, 2.3461642E+000, 1.7877483E+000, 1.9570594E+000
 1.2600843E+002, 3.1100262E+001, 1.1648555E+000, 2.5864067E+000, 2.2771775E+000, 1.1648555E+000, 1.9690791E+000
 1.2632073E+002, 3.2958023E+001, 1.4337100E+000, 2.2795857E+000, 2.2162214E+000, 1.4337100E+000, 1.9760754E+000
 1.2663332E+002, 4.3891108E+001, 3.0310955E+000, 9.9119824E-001, 2.1748841E+000, 3.0310955E+000, 1.9787354E+000
 1.2690342E+002, 4.5656251E+001, 3.3043994E+000, 9.1023127E-001, 2.1576004E+000, 3.3043994E+000, 1.9771412E+000
 1.2723144E+002, 4.1564802E+001, 2.6572063E+000, 1.1431385E+000, 2.1624488E+000, 2.6572063E+000, 1.9715211E+000
 1.2753385E+002, 5.7371636E+001, 4.7799419E+000, 6.3310574E-001, 2.2177833E+000, 4.7799419E+000, 1.9613259E+000
 1.2783626E+002, 5.5136654E+001, 4.9553110E+000, 6.1273957E-001, 2.2801086E+000, 4.9553110E+000, 1.9497337E+000
 1.2811221E+002, 3.9302473E+001, 2.7359048E+000, 1.1256287E+000, 2.3279671E+000, 2.7359048E+000, 1.9395517E+000
 1.2840328E+002, 3.3422624E+001, 1.7276306E+000, 1.7808569E+000, 2.3811030E+000, 1.7276306E+000, 1.9329567E+000
 1.2874009E+002, 2.9799358E+001, 1.1296360E+000, 2.6638086E+000, 2.5301029E+000, 1.1296360E+000, 1.9312759E+000
 1.2902902E+002, 2.9574262E+001, 1.0725521E+000, 2.7970679E+000, 2.8105225E+000, 1.0725521E+000, 1.9355444E+000
 1.2933246E+002, 2.9642864E+001, 1.0609112E+000, 2.8278582E+000, 3.1532982E+000, 1.0609112E+000, 1.9472639E+000
 1.2963970E+002, 3.1403033E+001, 1.3292516E+000, 2.2948105E+000, 3.4074272E+000, 1.3292516E+000, 1.9654149E+000
 1.2993176E+002, 3.2902560E+001, 1.5740975E+000, 1.9105161E+000, 3.5101880E+000, 1.5740975E+000, 1.9791538E+000
 1.3022382E+002, 3.0791511E+001, 1.2342938E+000, 2.4393791E+000, 3.5425839E+000, 1.2342938E+000, 1.9870583E+000
 1.3054091E+002, 3.1287044E+001, 1.2515239E+000, 2.4071835E+000, 3.5219511E+000, 1.2515239E+000, 1.9888665E+000
 1.3083353E+002, 3.6082893E+001, 1.9467537E+000, 1.5795600E+000, 3.3719957E+000, 1.9467537E+000, 1.9839249E+000
 1.3113055E+002, 3.7546907E+001, 2.2608137E+000, 1.3312180E+000, 3.1202409E+000, 2.2608137E+000, 1.9736281E+000
 1.3140614E+002, 3.3765288E+001, 1.6846939E+000, 1.7953103E+000, 2.8840701E+000, 1.6846939E+000, 1.9768778E+000
 1.3170999E+002, 3.0653226E+001, 1.2480160E+000, 2.4244639E+000, 2.7479541E+000, 1.2480160E+000, 2.0138928E+000
 1.3200178E+002, 3.4651353E+001, 1.8972952E+000, 1.7614477E+000, 2.7304024E+000, 1.8972952E+000, 2.0887950E+000
 1.3231347E+002, 3.7172830E+001, 2.2216839E+000, 1.3805828E+000, 2.7634616E+000, 2.2216839E+000, 2.1854738E+000
 1.3260339E+002, 3.4113354E+001, 1.6710542E+000, 1.7959658E+000, 2.8271260E+000, 1.6710542E+000, 2.2773877E+000
 1.3291306E+002, 3.3059223E+001, 1.4661543E+000, 2.0556934E+000, 2.9133678E+000, 1.4661543E+000, 2.3414782E+000
 1.3320925E+002, 3.1056306E+001, 1.1730129E+000, 2.5626119E+000, 2.9970384E+000, 1.1730129E+000, 2.3697350E+000
 1.3350544E+002, 3.9369059E+001, 2.3535419E+000, 1.7245120E+000, 3.0211571E+000, 2.3535419E+000, 2.3759564E+000
 1.3383274E+002, 7.4568373E+001, 7.0866215E+000, 4.2623564E-001, 2.9580354E+000, 7.0866215E+000, 2.3726255E+000
 1.3411298E+002, 4.9788626E+001, 3.7504629E+000, 9.0801000E-001, 2.8436351E+000, 3.7504629E+000, 2.3670338E+000
 1.3441914E+002, 3.3288003E+001, 1.4811945E+000, 2.0700046E+000, 2.7130431E+000, 1.4811945E+000, 2.3616427E+000
 1.3470983E+002, 3.0450478E+001, 1.0661622E+000, 2.8202050E+000, 2.5945446E+000, 1.0661622E+000, 2.3524083E+000
 1.3501010E+002, 3.0038016E+001, 9.9452937E-001, 3.0167243E+000, 2.5031228E+000, 9.9452937E-001, 2.3404501E+000
 1.3533181E+002, 3.0765300E+001, 1.0862437E+000, 2.7642432E+000, 2.4233968E+000, 1.0862437E+000, 2.3260534E+000
 1.3563270E+002, 3.2304556E+001, 1.2798589E+000, 2.3835232E+000, 2.3655734E+000, 1.2798589E+000, 2.3121729E+000
 1.3591804E+002, 4.4366551E+001, 2.8036203E+000, 1.1203169E+000, 2.3517671E+000, 2.8036203E+000, 2.3022636E+000
 1.3622272E+002, 4.4993173E+001, 2.8836246E+000, 1.0670420E+000, 2.3947426E+000, 2.8836246E+000, 2.2952969E+000
 1.3653090E+002, 3.4502858E+001, 1.6394151E+000, 1.8543771E+000, 2.4564273E+000, 1.6394151E+000, 2.2902338E+000
 1.3680055E+002, 3.1260948E+001, 1.2424098E+000, 2.4221091E+000, 2.4863097E+000, 1.2424098E+000, 2.2876235E+000
 1.3710873E+002, 3.0669619E+001, 1.1674314E+000, 2.5702342E+000, 2.4887166E+000, 1.1674314E+000, 2.2877680E+000
 1.3741691E+002, 3.5192625E+001, 1.7613941E+000, 1.7998707E+000, 2.4920852E+000, 1.7613941E+000, 2.2904971E+000
 1.3773664E+002, 4.3498163E+001, 2.8106151E+000, 1.0688342E+000, 2.5037612E+000, 2.8106151E+000, 2.2954035E+000
 1.3800754E+002, 4.1784983E+001, 2.6361335E+000, 1.1409299E+000, 2.5007617E+000, 2.6361335E+000, 2.3020163E+000
 1.3830872E+002, 4.3397728E+001, 2.9485158E+000, 1.0205445E+000, 2.4799774E+000, 2.9485158E+000, 2.3102488E+000
 1.3860151E+002, 4.1740173E+001, 2.7045334E+000, 1.1111095E+000, 2.4450724E+000, 2.7045334E+000, 2.3201160E+000
 1.3891239E+002, 4.8377941E+001, 3.5276479E+000, 8.5295306E-001, 2.4470386E+000, 3.5276479E+000, 2.3304605E+000
 1.3923068E+002, 4.3168773E+001, 2.8393787E+000, 1.0648875E+000, 2.5728963E+000, 2.8393787E+000, 2.3423939E+000
 1.3953120E+002, 3.7797226E+001, 2.1039042E+000, 1.4361495E+000, 2.6993139E+000, 2.1039042E+000, 2.3560600E+000
 1.3980310E+002, 3.8668643E+001, 2.1830386E+000, 1.4063888E+000, 2.7289329E+000, 2.1830386E+000, 2.3684583E+000
 1.4012445E+002, 4.5081988E+001, 3.0650003E+000, 9.7914363E-001, 2.7381165E+000, 3.0650003E+000, 2.3806577E+000
 1.4041960E+002, 4.4750781E+001, 3.0099006E+000, 9.9681005E-001, 2.7907778E+000, 3.0099006E+000, 2.3931260E+000
 1.4073836E+002, 4.1884544E+001, 2.6314658E+000, 1.1468130E+000, 2.8978984E+000, 2.6314658E+000, 2.4053150E+000
 1.4101612E+002, 3.8543676E+001, 2.0758838E+000, 1.4470883E+000, 3.0234426E+000, 2.0758838E+000, 2.4137678E+000
 1.4132828E+002, 4.2352745E+001, 2.5393585E+000, 1.1863033E+000, 3.1819802E+000, 2.5393585E+000, 2.4159829E+000
 1.4161025E+002, 3.7945276E+001, 2.0296649E+000, 1.5041749E+000, 3.4040473E+000, 2.0296649E+000, 2.4179274E+000
 1.4190097E+002, 3.2546979E+001, 1.3552287E+000, 2.2280131E+000, 3.6253520E+000, 1.3552287E+000, 2.4247728E+000
 1.4220020E+002, 3.1827635E+001, 1.2685737E+000, 2.3657647E+000, 3.7328642E+000, 1.2685737E+000, 2.4404828E+000
 1.4253683E+002, 3.2062215E+001, 1.3171324E+000, 2.2776828E+000, 3.7259125E+000, 1.3171324E+000, 2.4684936E+000
 1.4283605E+002, 3.1531041E+001, 1.2833359E+000, 2.3383576E+000, 3.6409583E+000, 1.2833359E+000, 2.5092277E+000
 1.4311284E+002, 3.1140366E+001, 1.2587029E+000, 2.3836090E+000, 3.4763294E+000, 1.2587029E+000, 2.5578462E+000
 1.4340084E+002, 3.1637206E+001, 1.3415130E+000, 2.2390314E+000, 3.3398435E+000, 1.3415130E+000, 2.6069860E+000
 1.4372999E+002, 3.3492102E+001, 1.5578727E+000, 1.9282229E+000, 3.3989085E+000, 1.5578727E+000, 2.6490472E+000
 1.4401283E+002, 3.5184773E+001, 1.7684425E+000, 1.6977953E+000, 3.7078702E+000, 1.7684425E+000, 2.6736888E+000
 1.4430061E+002, 3.4324980E+001, 1.6725985E+000, 1.7988984E+000, 3.8894738E+000, 1.6725985E+000, 2.6858353E+000
 1.4463517E+002, 3.2451970E+001, 1.4086520E+000, 2.1326070E+000, 3.9270121E+000, 1.4086520E+000, 2.6899343E+000
 1.4491216E+002, 3.2606099E+001, 1.4028473E+000, 2.1406837E+000, 3.9085931E+000, 1.4028473E+000, 2.6850063E+000
 1.4522329E+002, 3.3376201E+001, 1.6074798E+000, 1.8681711E+000, 3.8737107E+000, 1.6074798E+000, 2.6737041E+000
 1.4553050E+002, 3.4232363E+001, 1.6833956E+000, 1.7824716E+000, 3.8180733E+000, 1.6833956E+000, 2.6599079E+000
 1.4583190E+002, 3.2704747E+001, 1.4385527E+000, 2.1022470E+000, 3.7290889E+000, 1.4385527E+000, 2.6466631E+000
 1.4610586E+002, 3.1989722E+001, 1.2550950E+000, 2.3992352E+000, 3.5857585E+000, 1.2550950E+000, 2.6345780E+000
 1.4641378E+002, 3.4750606E+001, 1.6157761E+000, 1.8613601E+000, 3.3749759E+000, 1.6157761E+000, 2.6279336E+000
 1.4671353E+002, 3.3731552E+001, 1.5322700E+000, 1.9604006E+000, 3.1296670E+000, 1.5322700E+000, 2.6327219E+000
 1.4702893E+002, 3.2424093E+001, 1.4357088E+000, 2.0897121E+000, 2.9213814E+000, 1.4357088E+000, 2.6463882E+000
 1.4730490E+002, 3.3801718E+001, 1.5711937E+000, 1.9146365E+000, 2.8003461E+000, 1.5711937E+000, 2.6564931E+000
 1.4763212E+002, 3.9240371E+001, 2.2627195E+000, 1.3579808E+000, 2.7475954E+000, 2.2627195E+000, 2.6619446E+000
 1.4793569E+002, 4.8901925E+001, 3.4952813E+000, 8.5971423E-001, 2.7292657E+000, 3.4952813E+000, 2.6556804E+000
 1.4820506E+002, 4.8362224E+001, 3.2467129E+000, 9.2498911E-001, 2.7219046E+000, 3.2467129E+000, 2.6406162E+000
 1.4850640E+002, 4.5871247E+001, 2.8344894E+000, 1.0633322E+000, 2.7252066E+000, 2.8344894E+000, 2.6284887E+000
 1.4880773E+002, 3.8624456E+001, 1.9654348E+000, 1.5462292E+000, 2.7526493E+000, 1.9654348E+000, 2.6292410E+000
 1.4910907E+002, 3.4200192E+001, 1.4750459E+000, 2.0384605E+000, 2.8076227E+000, 1.4750459E+000, 2.6373763E+000
 1.4942547E+002, 3.2742787E+001, 1.3292731E+000, 2.2583061E+000, 2.8989594E+000, 1.3292731E+000, 2.6630874E+000
 1.4971551E+002, 3.6346978E+001, 1.8794697E+000, 1.6758781E+000, 2.9815915E+000, 1.8794697E+000, 2.7079883E+000
 1.5002211E+002, 5.4937594E+001, 4.4014182E+000, 7.0185931E-001, 3.0308056E+000, 4.4014182E+000, 2.7607118E+000
 1.5030741E+002, 6.2460652E+001, 5.5698469E+000, 5.4060708E-001, 3.0539731E+000, 5.5698469E+000, 2.8061584E+000
 1.5060617E+002, 5.7465083E+001, 4.8335608E+000, 6.3045994E-001, 3.0562122E+000, 4.8335608E+000, 2.8425858E+000
 1.5090530E+002, 4.7377057E+001, 3.2625560E+000, 9.2523596E-001, 3.0453743E+000, 3.2625560E+000, 2.8715637E+000
 1.5120291E+002, 4.2785577E+001, 2.5856184E+000, 1.1655600E+000, 3.0479782E+000, 2.5856184E+000, 2.8962646E+000
 1.5151234E+002, 3.7322622E+001, 1.9883034E+000, 1.5176189E+000, 3.0695505E+000, 1.9883034E+000, 2.9202227E+000
 1.5182773E+002, 3.4260220E+001, 1.6438560E+000, 1.8264210E+000, 3.0776337E+000, 1.6438560E+000, 2.9442881E+000
 1.5212294E+002, 3.4201173E+001, 1.6283031E+000, 1.8430736E+000, 3.0400093E+000, 1.6283031E+000, 2.9673531E+000
 1.5240670E+002, 3.9343391E+001, 2.1281916E+000, 1.4596492E+000, 2.9722627E+000, 2.1281916E+000, 2.9871985E+000
 1.5270385E+002, 6.6022695E+001, 4.8419056E+000, 6.3560147E-001, 2.9525962E+000, 4.8419056E+000, 3.0021226E+000
 1.5302861E+002, 5.8864856E+001, 3.7945494E+000, 8.6050605E-001, 3.0099309E+000, 3.7945494E+000, 3.0128416E+000
 1.5333244E+002, 4.0098442E+001, 1.8559051E+000, 1.6214244E+000, 3.0999531E+000, 1.8559051E+000, 3.0203670E+000
 1.5362625E+002, 4.3593991E+001, 2.4108664E+000, 1.2597538E+000, 3.1578913E+000, 2.4108664E+000, 3.0266934E+000
 1.5392005E+002, 4.9077554E+001, 3.4644039E+000, 9.3154199E-001, 3.1678624E+000, 3.4644039E+000, 3.0366933E+000
 1.5421386E+002, 7.1088402E+001, 6.6759782E+000, 4.4983125E-001, 3.1502499E+000, 6.6759782E+000, 3.0503334E+000
 1.5451869E+002, 6.1065174E+001, 4.9953115E+000, 6.1538801E-001, 3.1209457E+000, 4.9953115E+000, 3.0678392E+000
 1.5480148E+002, 5.0400685E+001, 3.4181059E+000, 8.8343540E-001, 3.0943234E+000, 3.4181059E+000, 3.0884930E+000
 1.5512467E+002, 5.2920722E+001, 3.9609425E+000, 8.1947921E-001, 3.0680690E+000, 3.9609425E+000, 3.1101885E+000
 1.5540462E+002, 8.7023652E+001, 8.6420481E+000, 3.5217174E-001, 3.0395608E+000, 8.6420481E+000, 3.1299968E+000
 1.5570930E+002, 5.5039629E+001, 4.0975320E+000, 7.6164087E-001, 3.0161419E+000, 4.0975320E+000, 3.1430976E+000
 1.5600588E+002, 4.5517517E+001, 2.8550193E+000, 1.0597030E+000, 3.0433688E+000, 2.8550193E+000, 3.1505165E+000
 1.5631539E+002, 3.7273361E+001, 1.7739973E+000, 1.7385145E+000, 3.1181248E+000, 1.7739973E+000, 3.1528770E+000
 1.5662904E+002, 3.5117939E+001, 1.4799170E+000, 2.0703484E+000, 3.1684027E+000, 1.4799170E+000, 3.1531104E+000
 1.5690784E+002, 4.9224171E+001, 3.3516784E+000, 9.2146989E-001, 3.2081703E+000, 3.3516784E+000, 3.1529951E+000
 1.5720755E+002, 4.3068699E+001, 2.6017865E+000, 1.1894545E+000, 3.3034258E+000, 2.6017865E+000, 3.1492605E+000
 1.5751423E+002, 3.7530552E+001, 1.8746587E+000, 1.6020899E+000, 3.4749585E+000, 1.8746587E+000, 3.1431178E+000
 1.5782091E+002, 3.6281968E+001, 1.7060946E+000, 1.7608482E+000, 3.6942467E+000, 1.7060946E+000, 3.1394416E+000
 1.5812760E+002, 3.6098984E+001, 1.8544547E+000, 1.7091480E+000, 4.0346327E+000, 1.8544547E+000, 3.1390419E+000
 1.5840702E+002, 8.4498193E+001, 7.8627977E+000, 5.0848630E-001, 4.4694534E+000, 7.8627977E+000, 3.1406688E+000
 1.5873141E+002, 9.9634180E+001, 9.0231889E+000, 3.5185255E-001, 4.8015697E+000, 9.0231889E+000, 3.1454720E+000
 1.5902878E+002, 7.1718168E+001, 5.8277885E+000, 5.1535113E-001, 4.8791982E+000, 5.8277885E+000, 3.1534230E+000
 1.5931499E+002, 5.4984830E+001, 3.8266183E+000, 8.2232157E-001, 4.6234471E+000, 3.8266183E+000, 3.1639218E+000
 1.5960126E+002, 3.9927146E+001, 2.2912582E+000, 1.3167352E+000, 4.2792706E+000, 2.2912582E+000, 3.1750076E+000
 1.5991846E+002, 5.2945105E+001, 4.3311788E+000, 8.3491260E-001, 4.0515530E+000, 4.3311788E+000, 3.1854539E+000
 1.6020414E+002, 8.7728061E+001, 8.1943591E+000, 3.8168824E-001, 3.9305825E+000, 8.1943591E+000, 3.1944457E+000
 1.6050410E+002, 6.7900787E+001, 5.3789026E+000, 6.6378119E-001, 3.8602070E+000, 5.3789026E+000, 3.2035773E+000
 1.6083594E+002, 4.3132200E+001, 2.7908625E+000, 1.0769854E+000, 3.8595557E+000, 2.7908625E+000, 3.2164242E+000
 1.6110211E+002, 3.9993770E+001, 2.7733194E+000, 1.0873572E+000, 3.9113957E+000, 2.7733194E+000, 3.2321693E+000
 1.6140929E+002, 3.3924597E+001, 1.8771236E+000, 1.6144874E+000, 3.9879716E+000, 1.8771236E+000, 3.2506428E+000
 1.6170646E+002, 3.3841175E+001, 1.6931146E+000, 1.8040621E+000, 4.0800573E+000, 1.6931146E+000, 3.2734729E+000
 1.6200363E+002, 8.0427441E+001, 7.0132833E+000, 5.6444535E-001, 4.1310296E+000, 7.0132833E+000, 3.3017367E+000
 1.6230080E+002, 9.6781660E+001, 9.1248327E+000, 3.9377709E-001, 4.0951983E+000, 9.1248327E+000, 3.3375262E+000
 1.6262108E+002, 5.2634449E+001, 4.0226590E+000, 7.4763267E-001, 4.0135693E+000, 4.0226590E+000, 3.3829754E+000
 1.6292225E+002, 1.0346037E+002, 1.1421806E+001, 2.8818653E-001, 3.9186679E+000, 1.1421806E+001, 3.4365722E+000
 1.6321057E+002, 6.3858560E+001, 5.8495581E+000, 5.5962849E-001, 4.0321338E+000, 5.8495581E+000, 3.4862316E+000
 1.6352771E+002, 4.9003335E+001, 3.7189240E+000, 8.1432671E-001, 4.3170906E+000, 3.7189240E+000, 3.5300595E+000
 1.6383781E+002, 5.5627140E+001, 4.7485301E+000, 6.3252112E-001, 4.3261554E+000, 4.7485301E+000, 3.5635980E+000
 1.6411937E+002, 6.5382451E+001, 6.3702295E+000, 4.7742397E-001, 4.0487513E+000, 6.3702295E+000, 3.5839840E+000
 1.6441620E+002, 5.0476003E+001, 3.9344933E+000, 7.8214631E-001, 3.7124545E+000, 3.9344933E+000, 3.5983777E+000
 1.6471037E+002, 4.9395621E+001, 3.7214268E+000, 8.1057671E-001, 3.4519023E+000, 3.7214268E+000, 3.6082685E+000
 1.6502443E+002, 5.2998100E+001, 4.1501871E+000, 7.2346065E-001, 3.3145651E+000, 4.1501871E+000, 3.6132029E+000
 1.6530360E+002, 5.8504922E+001, 5.1590883E+000, 6.1374823E-001, 3.3427184E+000, 5.1590883E+000, 3.6146052E+000
 1.6561910E+002, 1.0504908E+002, 1.1319740E+001, 2.7057439E-001, 3.6199071E+000, 1.1319740E+001, 3.6153723E+000
 1.6591530E+002, 7.8291830E+001, 6.7573860E+000, 4.4569864E-001, 3.9061123E+000, 6.7573860E+000, 3.6153799E+000
 1.6622396E+002, 7.1022898E+001, 6.2602436E+000, 4.7963666E-001, 3.9787982E+000, 6.2602436E+000, 3.6159717E+000
 1.6653263E+002, 5.3285219E+001, 4.0476241E+000, 7.9211686E-001, 3.8962613E+000, 4.0476241E+000, 3.6187795E+000
 1.6680700E+002, 3.9280638E+001, 2.1487112E+000, 1.4011374E+000, 3.7798421E+000, 2.1487112E+000, 3.6249101E+000
 1.6712561E+002, 4.4155285E+001, 2.7402756E+000, 1.1290367E+000, 3.6438642E+000, 2.7402756E+000, 3.6386692E+000
 1.6741840E+002, 5.3310487E+001, 3.8522742E+000, 7.8243273E-001, 3.4892856E+000, 3.8522742E+000, 3.6549693E+000
 1.6771863E+002, 7.0305630E+001, 6.7101508E+000, 4.6062064E-001, 3.3488852E+000, 6.7101508E+000, 3.6674142E+000
 1.6801054E+002, 4.8094708E+001, 3.3110324E+000, 9.1750543E-001, 3.2270774E+000, 3.3110324E+000, 3.6759318E+000
 1.6830245E+002, 4.6637707E+001, 2.9713628E+000, 1.0099585E+000, 3.1390996E+000, 2.9713628E+000, 3.6803397E+000
 1.6862030E+002, 4.6254368E+001, 2.7651137E+000, 1.0855219E+000, 3.0737481E+000, 2.7651137E+000, 3.6840569E+000
 1.6891941E+002, 5.2115306E+001, 3.3743542E+000, 9.0433202E-001, 3.0388642E+000, 3.3743542E+000, 3.6940781E+000
 1.6921696E+002, 1.0377567E+002, 9.6350741E+000, 3.2437596E-001, 3.0345425E+000, 9.6350741E+000, 3.7181784E+000
 1.6952877E+002, 6.6474959E+001, 5.5563228E+000, 5.7447001E-001, 3.0712517E+000, 5.5563228E+000, 3.7581872E+000
 1.6981158E+002, 5.6122565E+001, 4.5118537E+000, 6.7091645E-001, 3.1399931E+000, 4.5118537E+000, 3.8066693E+000
 1.7010437E+002, 8.6867371E+001, 8.3845239E+000, 3.6386303E-001, 3.1889977E+000, 8.3845239E+000, 3.8530395E+000
 1.7041702E+002, 5.7085152E+001, 4.5281764E+000, 7.1551230E-001, 3.1643054E+000, 4.5281764E+000, 3.8891467E+000
 1.7073250E+002, 4.5812587E+001, 3.0150040E+000, 9.9569349E-001, 3.0612350E+000, 3.0150040E+000, 3.9062025E+000
 1.7100664E+002, 6.8590394E+001, 5.5033483E+000, 5.8961846E-001, 2.9284076E+000, 5.5033483E+000, 3.9084499E+000
 1.7131505E+002, 5.4763531E+001, 4.0113542E+000, 8.5082739E-001, 2.7938933E+000, 4.0113542E+000, 3.9039837E+000
 1.7162346E+002, 4.2139979E+001, 2.3527997E+000, 1.2768121E+000, 2.6829254E+000, 2.3527997E+000, 3.8998024E+000
 1.7193529E+002, 5.3437049E+001, 3.5199665E+000, 8.6938832E-001, 2.6104920E+000, 3.5199665E+000, 3.8965512E+000
 1.7221963E+002, 6.4413101E+001, 5.4013158E+000, 5.8376650E-001, 2.5704775E+000, 5.4013158E+000, 3.8968359E+000
 1.7250409E+002, 8.6928659E+001, 9.0212771E+000, 3.3288648E-001, 2.5818607E+000, 9.0212771E+000, 3.9014107E+000
 1.7280281E+002, 7.3089680E+001, 7.1781136E+000, 4.4588326E-001, 2.6854460E+000, 7.1781136E+000, 3.9015249E+000
 1.7313147E+002, 4.3768099E+001, 2.7864583E+000, 1.1102319E+000, 2.8490302E+000, 2.7864583E+000, 3.8832223E+000
 1.7342214E+002, 4.8761475E+001, 3.1811493E+000, 1.0698242E+000, 3.0139770E+000, 3.1811493E+000, 3.8567914E+000
 1.7372307E+002, 6.3704038E+001, 5.0262534E+000, 6.4200148E-001, 3.1518841E+000, 5.0262534E+000, 3.8365018E+000
 1.7402400E+002, 5.6995822E+001, 4.2729515E+000, 7.2387639E-001, 3.2412741E+000, 4.2729515E+000, 3.8272220E+000
 1.7431155E+002, 6.1058337E+001, 4.5332664E+000, 6.6784826E-001, 3.3056010E+000, 4.5332664E+000, 3.8287492E+000
 1.7460164E+002, 4.9709779E+001, 3.2103897E+000, 9.4150298E-001, 3.3496073E+000, 3.2103897E+000, 3.8333571E+000
 1.7492788E+002, 5.2608286E+001, 3.7107235E+000, 8.3981244E-001, 3.3187777E+000, 3.7107235E+000, 3.8377144E+000
 1.7520192E+002, 4.8479584E+001, 3.2891038E+000, 9.2581509E-001, 3.2765754E+000, 3.2891038E+000, 3.8409505E+000
 1.7552089E+002, 5.2325574E+001, 3.6444840E+000, 8.2724692E-001, 3.3061976E+000, 3.6444840E+000, 3.8421217E+000
 1.7583209E+002, 5.2384360E+001, 3.6008811E+000, 8.3361167E-001, 3.3803841E+000, 3.6008811E+000, 3.8442803E+000
 1.7611168E+002, 6.3906683E+001, 5.0508171E+000, 6.1420417E-001, 3.4800936E+000, 5.0508171E+000, 3.8483309E+000
 1.7641173E+002, 6.4900963E+001, 5.2476210E+000, 5.7575184E-001, 3.6157988E+000, 5.2476210E+000, 3.8551899E+000
 1.7670588E+002, 7.3646174E+001, 6.0159090E+000, 5.0214672E-001, 3.7864947E+000, 6.0159090E+000, 3.8798944E+000
 1.7702201E+002, 9.0350850E+001, 7.5258453E+000, 3.9971812E-001, 3.9043543E+000, 7.5258453E+000, 3.9290750E+000
 1.7730653E+002, 7.7909780E+001, 5.8781806E+000, 5.5380560E-001, 3.9322672E+000, 5.8781806E+000, 3.9897324E+000
 1.7762266E+002, 4.6615372E+001, 2.6643890E+000, 1.1367806E+000, 3.8130080E+000, 2.6643890E+000, 4.0540784E+000
 1.7790718E+002, 1.0551677E+002, 1.0256860E+001, 3.4801877E-001, 3.6247920E+000, 1.0256860E+001, 4.1142567E+000
 1.7822647E+002, 8.6078281E+001, 7.3388080E+000, 4.2855692E-001, 3.5124392E+000, 7.3388080E+000, 4.1620743E+000
 1.7852901E+002, 6.1841435E+001, 4.4722073E+000, 6.7967224E-001, 3.5009632E+000, 4.4722073E+000, 4.2024738E+000
 1.7882461E+002, 6.1070904E+001, 4.3364810E+000, 6.9282386E-001, 3.6158389E+000, 4.3364810E+000, 4.2376712E+000
 1.7912204E+002, 5.6368295E+001, 4.1819210E+000, 7.2990948E-001, 3.8274364E+000, 4.1819210E+000, 4.2727631E+000
 1.7941946E+002, 5.1115893E+001, 3.2807476E+000, 9.1681869E-001, 4.0168678E+000, 3.2807476E+000, 4.3062568E+000
 1.7972350E+002, 4.8306800E+001, 2.8552542E+000, 1.0519461E+000, 4.0609935E+000, 2.8552542E+000, 4.3323905E+000
 1.8001431E+002, 3.9452995E+001, 1.9426718E+000, 1.5826150E+000, 4.0177992E+000, 1.9426718E+000, 4.3503090E+000
 1.8030947E+002, 3.6053215E+001, 1.6962932E+000, 1.8301591E+000, 3.9743546E+000, 1.6962932E+000, 4.3589627E+000
 1.8060408E+002, 6.9537607E+001, 6.8731313E+000, 4.7831815E-001, 3.9212871E+000, 6.8731313E+000, 4.3627629E+000
 1.8091264E+002, 6.6826212E+001, 6.2845129E+000, 4.9749898E-001, 3.8658120E+000, 6.2845129E+000, 4.3640470E+000
 1.8120156E+002, 4.2382155E+001, 2.8887233E+000, 1.0877782E+000, 3.9561872E+000, 2.8887233E+000, 4.3612536E+000
 1.8151011E+002, 3.5057580E+001, 1.8127195E+000, 1.6586850E+000, 4.3576720E+000, 1.8127195E+000, 4.3508400E+000
 1.8182477E+002, 3.8967875E+001, 2.3172380E+000, 1.2979816E+000, 5.4113761E+000, 2.3172380E+000, 4.3348740E+000
 1.8211516E+002, 3.8144134E+001, 2.1547276E+000, 1.3980362E+000, 6.1466196E+000, 2.1547276E+000, 4.3188831E+000
 1.8241748E+002, 3.7455038E+001, 1.9673245E+000, 1.5291111E+000, 6.1647112E+000, 1.9673245E+000, 4.3047922E+000
 1.8272890E+002, 3.7074658E+001, 1.9042347E+000, 1.5853356E+000, 5.8275313E+000, 1.9042347E+000, 4.2916860E+000
 1.8300186E+002, 3.7072769E+001, 1.9874197E+000, 1.5379426E+000, 5.4167388E+000, 1.9874197E+000, 4.2807923E+000
 1.8331416E+002, 3.7913571E+001, 2.2577379E+000, 1.3344617E+000, 5.0504764E+000, 2.2577379E+000, 4.2690476E+000
 1.8361273E+002, 3.7921095E+001, 2.1581011E+000, 1.3916677E+000, 4.6396012E+000, 2.1581011E+000, 4.2546226E+000
 1.8393057E+002, 4.5742599E+001, 3.2476738E+000, 1.0795792E+000, 4.3155537E+000, 3.2476738E+000, 4.2391457E+000
 1.8422369E+002, 4.9615635E+001, 3.8216764E+000, 8.3728050E-001, 4.0949486E+000, 3.8216764E+000, 4.2241603E+000
 1.8451635E+002, 4.2082190E+001, 2.6559808E+000, 1.1305812E+000, 4.0267899E+000, 2.6559808E+000, 4.2200067E+000
 1.8482024E+002, 5.1433799E+001, 3.9120879E+000, 8.5206536E-001, 4.0918458E+000, 3.9120879E+000, 4.2264481E+000
 1.8511530E+002, 1.0954610E+002, 1.0862227E+001, 2.8026389E-001, 4.1660579E+000, 1.0862227E+001, 4.2384820E+000
 1.8540782E+002, 8.6703415E+001, 7.6188903E+000, 3.9494402E-001, 4.2201581E+000, 7.6188903E+000, 4.2835887E+000
 1.8572416E+002, 9.0845409E+001, 8.4466674E+000, 3.7068740E-001, 4.2720181E+000, 8.4466674E+000, 4.3696734E+000
 1.8602324E+002, 4.7106323E+001, 2.9814278E+000, 1.0545027E+000, 4.3507315E+000, 2.9814278E+000, 4.4662033E+000
 1.8630794E+002, 4.8649328E+001, 3.5272012E+000, 9.2652389E-001, 4.5814276E+000, 3.5272012E+000, 4.5432838E+000
 1.8662428E+002, 7.0950418E+001, 6.3994805E+000, 5.2081646E-001, 4.9161919E+000, 6.3994805E+000, 4.6001705E+000
 1.8690898E+002, 1.4702999E+002, 1.4316526E+001, 2.1321952E-001, 4.8450670E+000, 1.4316526E+001, 4.6453236E+000
 1.8722531E+002, 9.1570222E+001, 7.4853800E+000, 4.0818536E-001, 4.4786246E+000, 7.4853800E+000, 4.6823657E+000
 1.8751002E+002, 5.8903773E+001, 3.9470633E+000, 7.9933139E-001, 4.2047235E+000, 3.9470633E+000, 4.7156513E+000
 1.8780927E+002, 5.2238957E+001, 3.2622393E+000, 1.0128364E+000, 4.0208503E+000, 3.2622393E+000, 4.7456975E+000
 1.8812141E+002, 1.1768980E+002, 1.0837446E+001, 2.8055719E-001, 3.8425604E+000, 1.0837446E+001, 4.7812218E+000
 1.8842002E+002, 1.3251656E+002, 1.0513756E+001, 2.8900771E-001, 3.7301057E+000, 1.0513756E+001, 4.8372790E+000
 1.8872060E+002, 7.8472725E+001, 5.5842479E+000, 5.5345036E-001, 3.7262848E+000, 5.5842479E+000, 4.9003482E+000
 1.8902063E+002, 5.9183041E+001, 3.9300971E+000, 7.6441131E-001, 3.7405184E+000, 3.9300971E+000, 4.9467022E+000
 1.8931362E+002, 6.4393743E+001, 4.7773656E+000, 6.4687544E-001, 3.7566903E+000, 4.7773656E+000, 4.9594193E+000
 1.8960784E+002, 8.0450060E+001, 8.2065988E+000, 3.8660330E-001, 3.8164848E+000, 8.2065988E+000, 4.9533950E+000
 1.8991561E+002, 4.7929614E+001, 3.3480286E+000, 9.1783352E-001, 4.0702891E+000, 3.3480286E+000, 4.9289393E+000
 1.9021924E+002, 4.2945107E+001, 2.5067392E+000, 1.1984734E+000, 4.4748424E+000, 2.5067392E+000, 4.8806492E+000
 1.9053354E+002, 4.1088154E+001, 2.2166387E+000, 1.3552817E+000, 4.7235780E+000, 2.2166387E+000, 4.8355078E+000
 1.9081293E+002, 4.2614993E+001, 2.5388936E+000, 1.2047744E+000, 4.7360896E+000, 2.5388936E+000, 4.8018149E+000
 1.9112723E+002, 1.1353661E+002, 1.2202697E+001, 3.0752822E-001, 4.6000627E+000, 1.2202697E+001, 4.7749309E+000
 1.9140125E+002, 9.7760508E+001, 1.0024388E+001, 3.4190780E-001, 4.5103533E+000, 1.0024388E+001, 4.7499065E+000
 1.9170012E+002, 7.7346235E+001, 6.6701576E+000, 4.6124961E-001, 4.5684752E+000, 6.6701576E+000, 4.7249633E+000
 1.9203575E+002, 7.2876686E+001, 5.6384214E+000, 5.7629283E-001, 4.7897789E+000, 5.6384214E+000, 4.6964049E+000
 1.9232272E+002, 1.0095358E+002, 9.6757648E+000, 3.5192778E-001, 4.9356930E+000, 9.6757648E+000, 4.6719033E+000
 1.9261741E+002, 2.1540670E+002, 2.1957119E+001, 1.3954724E-001, 4.8917374E+000, 2.1957119E+001, 4.6571847E+000
 1.9292873E+002, 2.3483391E+002, 2.3114669E+001, 1.3248212E-001, 4.9521604E+000, 2.3114669E+001, 4.6524155E+000
 1.9320137E+002, 1.1679555E+002, 1.0312291E+001, 3.0425566E-001, 4.8032658E+000, 1.0312291E+001, 4.6517519E+000
 1.9350040E+002, 6.9289594E+001, 5.3610113E+000, 5.9265825E-001, 4.4511546E+000, 5.3610113E+000, 4.6557059E+000
 1.9382507E+002, 4.4942525E+001, 2.9497046E+000, 1.0308175E+000, 4.0721013E+000, 2.9497046E+000, 4.6687744E+000
 1.9411048E+002, 3.9131556E+001, 2.2231076E+000, 1.3523380E+000, 3.8232221E+000, 2.2231076E+000, 4.6951012E+000
 1.9443003E+002, 4.0992227E+001, 2.3326042E+000, 1.2946846E+000, 3.9367209E+000, 2.3326042E+000, 4.7430585E+000
 1.9472372E+002, 4.0694956E+001, 2.2647585E+000, 1.3486384E+000, 4.3201770E+000, 2.2647585E+000, 4.8179789E+000
 1.9500639E+002, 3.5163166E+001, 1.6127529E+000, 1.8621376E+000, 4.5515362E+000, 1.6127529E+000, 4.9056442E+000
 1.9530253E+002, 3.7048819E+001, 1.7267096E+000, 1.7383272E+000, 4.5612955E+000, 1.7267096E+000, 4.9975968E+000
 1.9561017E+002, 4.8310260E+001, 3.0343555E+000, 1.1050267E+000, 4.4965889E+000, 3.0343555E+000, 5.0694063E+000
 1.9592930E+002, 7.5718991E+001, 5.5581295E+000, 5.4228419E-001, 4.4491061E+000, 5.5581295E+000, 5.1117510E+000
 1.9622232E+002, 7.3123815E+001, 5.0527528E+000, 5.9739184E-001, 4.3598055E+000, 5.0527528E+000, 5.1342064E+000
 1.9650630E+002, 5.5446059E+001, 3.4322809E+000, 8.7996948E-001, 4.2039450E+000, 3.4322809E+000, 5.1465236E+000
 1.9680501E+002, 4.8943649E+001, 2.9683097E+000, 1.0151178E+000, 4.1875156E+000, 2.9683097E+000, 5.1546906E+000
 1.9711189E+002, 4.3577970E+001, 2.5702523E+000, 1.1735580E+000, 4.4189657E+000, 2.5702523E+000, 5.1614875E+000
 1.9741616E+002, 3.7701129E+001, 1.8894725E+000, 1.5930936E+000, 5.1724453E+000, 1.8894725E+000, 5.1686894E+000
 1.9770861E+002, 5.1557176E+001, 3.4790615E+000, 1.0554033E+000, 6.0610752E+000, 3.4790615E+000, 5.1766981E+000
 1.9800347E+002, 7.4340829E+001, 5.9161214E+000, 5.2704542E-001, 6.2799018E+000, 5.9161214E+000, 5.1806727E+000
 1.9830470E+002, 4.7030241E+001, 2.7834010E+000, 1.0904096E+000, 6.1684285E+000, 2.7834010E+000, 5.1809619E+000
 1.9861467E+002, 4.3336348E+001, 2.3796352E+000, 1.2836762E+000, 5.8357346E+000, 2.3796352E+000, 5.1806202E+000
 1.9891337E+002, 3.4211339E+001, 1.3457206E+000, 2.2613096E+000, 5.4732807E+000, 1.3457206E+000, 5.1654076E+000
 1.9921520E+002, 1.1906364E+002, 1.1013119E+001, 4.5388448E-001, 5.1312704E+000, 1.1013119E+001, 5.1128031E+000
 1.9952762E+002, 9.7713287E+001, 8.4066932E+000, 3.6465528E-001, 4.8212448E+000, 8.4066932E+000, 5.0267165E+000
 1.9980610E+002, 7.2607956E+001, 6.6921534E+000, 4.5994713E-001, 4.5605896E+000, 6.6921534E+000, 4.9639247E+000
 2.0013197E+002, 7.3750278E+001, 6.4955071E+000, 6.5661774E-001, 4.3348705E+000, 6.4955071E+000, 4.9409391E+000
 2.0042527E+002, 1.6501503E+002, 1.3405946E+001, 2.2686908E-001, 4.2017091E+000, 1.3405946E+001, 4.9407926E+000
 2.0071600E+002, 1.0201190E+002, 8.2995002E+000, 3.8071832E-001, 4.0615714E+000, 8.2995002E+000, 4.9526609E+000
 2.0101952E+002, 8.5746798E+001, 6.9335460E+000, 4.4742440E-001, 3.7680556E+000, 6.9335460E+000, 4.9769556E+000
 2.0130930E+002, 6.2811215E+001, 4.6796854E+000, 6.9361359E-001, 3.5446180E+000, 4.6796854E+000, 5.0151607E+000
 2.0160199E+002, 8.5377803E+001, 9.4362430E+000, 3.3812650E-001, 3.4712997E+000, 9.4362430E+000, 5.0560304E+000
 2.0191156E+002, 1.4098938E+002, 1.3586182E+001, 2.2516845E-001, 3.4769598E+000, 1.3586182E+001, 5.1002005E+000
 2.0222423E+002, 7.0119270E+001, 5.5188445E+000, 5.7494571E-001, 3.5178875E+000, 5.5188445E+000, 5.1496809E+000
 2.0253070E+002, 6.5801843E+001, 5.3220287E+000, 5.6664437E-001, 3.6178790E+000, 5.3220287E+000, 5.1985067E+000
 2.0281675E+002, 9.7026628E+001, 9.5075739E+000, 3.4807358E-001, 3.7209265E+000, 9.5075739E+000, 5.2419971E+000
 2.0311612E+002, 9.3838360E+001, 9.6037275E+000, 3.2957177E-001, 3.7957289E+000, 9.6037275E+000, 5.2798283E+000
 2.0341588E+002, 1.0735001E+002, 1.1330228E+001, 2.7171975E-001, 3.9460743E+000, 1.1330228E+001, 5.3150132E+000
 2.0372727E+002, 1.1515212E+002, 1.0302720E+001, 2.9261993E-001, 4.1728513E+000, 1.0302720E+001, 5.3495290E+000
 2.0400998E+002, 6.9035167E+001, 6.4334569E+000, 4.7381890E-001, 4.3769553E+000, 6.4334569E+000, 5.3827756E+000
 2.0432816E+002, 6.3003454E+001, 5.5186262E+000, 5.4423900E-001, 4.5095270E+000, 5.5186262E+000, 5.4160456E+000
 2.0461163E+002, 5.5556298E+001, 4.4390155E+000, 6.8405342E-001, 4.5783164E+000, 4.4390155E+000, 5.4492334E+000
 2.0492026E+002, 1.2538273E+002, 1.2433302E+001, 2.6010092E-001, 4.7160600E+000, 1.2433302E+001, 5.4788996E+000
 2.0521197E+002, 9.7895498E+001, 9.2286196E+000, 3.6074838E-001, 4.8990920E+000, 9.2286196E+000, 5.5004974E+000
 2.0552315E+002, 5.7014612E+001, 4.3121765E+000, 7.1480674E-001, 4.8518015E+000, 4.3121765E+000, 5.5120173E+000
 2.0580322E+002, 1.4710291E+002, 1.3645529E+001, 2.3347016E-001, 4.5918432E+000, 1.3645529E+001, 5.5138445E+000
 2.0611441E+002, 1.2101759E+002, 1.1406780E+001, 2.7164566E-001, 4.1760860E+000, 1.1406780E+001, 5.5080372E+000
 2.0642559E+002, 1.2603674E+002, 1.4334476E+001, 2.2283239E-001, 3.8942835E+000, 1.4334476E+001, 5.4967919E+000
 2.0670566E+002, 7.5360483E+001, 7.6793093E+000, 4.5574037E-001, 3.8111165E+000, 7.6793093E+000, 5.4837857E+000
 2.0701685E+002, 5.0002289E+001, 3.9469762E+000, 7.6525952E-001, 3.7685733E+000, 3.9469762E+000, 5.4726301E+000
 2.0731247E+002, 5.2323445E+001, 3.8622628E+000, 7.7749379E-001, 3.7064310E+000, 3.8622628E+000, 5.4644621E+000
 2.0760996E+002, 5.2964254E+001, 3.6729205E+000, 8.2553384E-001, 3.5713200E+000, 3.6729205E+000, 5.4580749E+000
 2.0791280E+002, 7.0461390E+001, 6.0171850E+000, 5.0331042E-001, 3.4280825E+000, 6.0171850E+000, 5.4508148E+000
 2.0820462E+002, 7.3939821E+001, 6.3024237E+000, 4.8003706E-001, 3.3861021E+000, 6.3024237E+000, 5.4367201E+000
 2.0851537E+002, 7.3296632E+001, 5.9094022E+000, 5.1069719E-001, 3.4538353E+000, 5.9094022E+000, 5.4108578E+000
 2.0883326E+002, 5.5897884E+001, 4.2366683E+000, 7.1357335E-001, 3.5732053E+000, 4.2366683E+000, 5.3818408E+000
 2.0912057E+002, 6.2049052E+001, 5.1906669E+000, 6.0295572E-001, 3.6537846E+000, 5.1906669E+000, 5.3556110E+000
 2.0941708E+002, 1.1039182E+002, 9.9469701E+000, 3.0648492E-001, 3.6914417E+000, 9.9469701E+000, 5.3370802E+000
 2.0971995E+002, 8.0957325E+001, 6.6479136E+000, 4.5249306E-001, 3.7001838E+000, 6.6479136E+000, 5.3273636E+000
 2.1000036E+002, 6.2465456E+001, 4.5395388E+000, 7.0366311E-001, 3.7534931E+000, 4.5395388E+000, 5.3479885E+000
 2.1031218E+002, 5.5689544E+001, 4.2430734E+000, 8.1860995E-001, 3.8933156E+000, 4.2430734E+000, 5.4020068E+000
 2.1062377E+002, 6.3528890E+001, 5.2615574E+000, 6.0314923E-001, 4.2294192E+000, 5.2615574E+000, 5.4728996E+000
 2.1090988E+002, 7.9072895E+001, 5.9801790E+000, 5.9072209E-001, 4.5442203E+000, 5.9801790E+000, 5.5416912E+000
 2.1120494E+002, 1.2093131E+002, 1.0108613E+001, 2.9697754E-001, 4.6583945E+000, 1.0108613E+001, 5.6077187E+000
 2.1153278E+002, 9.4644325E+001, 7.6169182E+000, 3.9805614E-001, 4.6319709E+000, 7.6169182E+000, 5.6706934E+000
 2.1182784E+002, 7.2799018E+001, 6.3882387E+000, 4.7368429E-001, 4.3246128E+000, 6.3882387E+000, 5.7204050E+000
 2.1211370E+002, 6.2555265E+001, 5.9471494E+000, 5.4018480E-001, 3.9660496E+000, 5.9471494E+000, 5.7587168E+000
 2.1240042E+002, 4.2665664E+001, 2.6264135E+000, 1.1639550E+000, 3.6418669E+000, 2.6264135E+000, 5.7926205E+000
 2.1271151E+002, 4.2537288E+001, 2.3798772E+000, 1.2648763E+000, 3.4234675E+000, 2.3798772E+000, 5.8196899E+000
 2.1300180E+002, 4.8640614E+001, 3.0831528E+000, 9.7617849E-001, 3.3281452E+000, 3.0831528E+000, 5.8377111E+000
 2.1330972E+002, 7.4165575E+001, 6.7639701E+000, 4.8445633E-001, 3.3666615E+000, 6.7639701E+000, 5.8455875E+000
 2.1362042E+002, 9.3752597E+001, 9.0754652E+000, 3.3401662E-001, 3.4515902E+000, 9.0754652E+000, 5.8399580E+000
 2.1393077E+002, 5.8874478E+001, 4.4502255E+000, 7.0139684E-001, 3.4655042E+000, 4.4502255E+000, 5.8274476E+000
 2.1422156E+002, 5.9206473E+001, 4.0767934E+000, 7.4239611E-001, 3.4331743E+000, 4.0767934E+000, 5.8054955E+000
 2.1451609E+002, 7.9261755E+001, 6.5421891E+000, 4.9324860E-001, 3.4082920E+000, 6.5421891E+000, 5.7810470E+000
 2.1480442E+002, 1.3605127E+002, 1.3524482E+001, 2.2449343E-001, 3.5280687E+000, 1.3524482E+001, 5.7560129E+000
 2.1511649E+002, 7.2531655E+001, 6.1712887E+000, 5.2461756E-001, 3.8902243E+000, 6.1712887E+000, 5.7328949E+000
 2.1540255E+002, 5.3675119E+001, 3.6304710E+000, 8.2833511E-001, 4.1917043E+000, 3.6304710E+000, 5.7084234E+000
 2.1571150E+002, 7.8670560E+001, 6.6529624E+000, 5.6069803E-001, 4.2835404E+000, 6.6529624E+000, 5.6836405E+000
 2.1601091E+002, 1.6375966E+002, 1.5296637E+001, 2.0169555E-001, 4.1308545E+000, 1.5296637E+001, 5.6633646E+000
 2.1631510E+002, 1.3915677E+002, 1.1137349E+001, 2.7156127E-001, 3.8946320E+000, 1.1137349E+001, 5.6516691E+000
 2.1663480E+002, 1.2608589E+002, 1.1221643E+001, 2.6968064E-001, 3.7693229E+000, 1.1221643E+001, 5.6509631E+000
 2.1691382E+002, 1.1224186E+002, 1.1013989E+001, 2.7966544E-001, 3.8746737E+000, 1.1013989E+001, 5.6655453E+000
 2.1720506E+002, 2.3562517E+002, 2.3121536E+001, 1.3626302E-001, 4.1337300E+000, 2.3121536E+001, 5.6990690E+000
 2.1752543E+002, 1.0230415E+002, 8.2130816E+000, 3.9962091E-001, 4.5121084E+000, 8.2130816E+000, 5.7413704E+000
 2.1781085E+002, 6.7060938E+001, 4.3922073E+000, 6.8600704E-001, 4.8267994E+000, 4.3922073E+000, 5.7841584E+000
 2.1812999E+002, 5.9812166E+001, 4.1903947E+000, 7.1767403E-001, 5.0152660E+000, 4.1903947E+000, 5.8246662E+000
 2.1840206E+002, 9.0396423E+001, 8.5422605E+000, 4.1807624E-001, 5.1715173E+000, 8.5422605E+000, 5.8611113E+000
 2.1870437E+002, 1.4413064E+002, 1.1205100E+001, 2.8495446E-001, 5.3295281E+000, 1.1205100E+001, 5.8901279E+000
 2.1901876E+002, 7.8093591E+001, 5.4791520E+000, 5.5632652E-001, 5.3966078E+000, 5.4791520E+000, 5.9210424E+000
 2.1932461E+002, 6.3457151E+001, 4.3615883E+000, 6.8914504E-001, 5.3446446E+000, 4.3615883E+000, 5.9496273E+000
 2.1960502E+002, 6.7936962E+001, 5.3559952E+000, 6.0416110E-001, 5.2817817E+000, 5.3559952E+000, 5.9635248E+000
 2.1992364E+002, 1.0578586E+002, 9.8658204E+000, 3.1776583E-001, 5.2471724E+000, 9.8658204E+000, 5.9695080E+000
 2.2021620E+002, 5.0112508E+001, 3.5189821E+000, 8.9467667E-001, 5.2149057E+000, 3.5189821E+000, 5.9843052E+000
 2.2050296E+002, 3.9600365E+001, 2.2444259E+000, 1.3463986E+000, 5.1672525E+000, 2.2444259E+000, 6.0065399E+000
 2.2082158E+002, 3.9574082E+001, 2.2220739E+000, 1.4488692E+000, 5.1053436E+000, 2.2220739E+000, 6.0315012E+000
 2.2110834E+002, 9.2137049E+001, 7.4928245E+000, 4.1750744E-001, 5.0449357E+000, 7.4928245E+000, 6.0517609E+000
 2.2141247E+002, 1.1085721E+002, 8.9707938E+000, 3.4130057E-001, 5.0568135E+000, 8.9707938E+000, 6.0651201E+000
 2.2170051E+002, 7.3246390E+001, 5.9570229E+000, 5.0603916E-001, 5.3960029E+000, 5.9570229E+000, 6.0699354E+000
 2.2203289E+002, 5.7372115E+001, 4.1954921E+000, 7.2453103E-001, 6.0650352E+000, 4.1954921E+000, 6.0671310E+000
 2.2230625E+002, 4.9625161E+001, 3.2890207E+000, 9.1332130E-001, 6.5067748E+000, 3.2890207E+000, 6.0631697E+000
 2.2261377E+002, 4.8406897E+001, 3.1932262E+000, 9.4861484E-001, 6.6041664E+000, 3.1932262E+000, 6.0617197E+000
 2.2290521E+002, 3.9975046E+001, 2.1658129E+000, 1.3982136E+000, 6.5148357E+000, 2.1658129E+000, 6.0633803E+000
 2.2320669E+002, 3.6334840E+001, 1.7340868E+000, 1.7320548E+000, 6.1708746E+000, 1.7340868E+000, 6.0679388E+000
 2.2350817E+002, 3.6133795E+001, 1.6668552E+000, 1.8028055E+000, 5.8965685E+000, 1.6668552E+000, 6.0742747E+000
 2.2382170E+002, 3.8852465E+001, 1.8932057E+000, 1.5850311E+000, 5.7458010E+000, 1.8932057E+000, 6.0812046E+000
 2.2412017E+002, 4.0102967E+001, 2.0088430E+000, 1.4986798E+000, 5.5901216E+000, 2.0088430E+000, 6.0893984E+000
 2.2441863E+002, 4.3098703E+001, 2.4166139E+000, 1.2418714E+000, 5.4220366E+000, 2.4166139E+000, 6.0939574E+000
 2.2473367E+002, 4.1811550E+001, 2.2800824E+000, 1.3199584E+000, 5.3237609E+000, 2.2800824E+000, 6.0905625E+000
 2.2502550E+002, 6.2875601E+001, 4.5090994E+000, 7.0741764E-001, 5.2791390E+000, 4.5090994E+000, 6.0765971E+000
 2.2532204E+002, 8.0022330E+001, 6.0186647E+000, 5.0186030E-001, 5.2494338E+000, 6.0186647E+000, 6.0615516E+000
 2.2560949E+002, 8.1114490E+001, 5.8727655E+000, 5.1227153E-001, 5.3126176E+000, 5.8727655E+000, 6.0525395E+000
 2.2591854E+002, 7.6311132E+001, 6.0919420E+000, 4.9289724E-001, 5.5817581E+000, 6.0919420E+000, 6.0460145E+000
 2.2621199E+002, 7.8458872E+001, 6.3914503E+000, 4.7060829E-001, 5.8066142E+000, 6.3914503E+000, 6.0424367E+000
 2.2652539E+002, 6.9066055E+001, 5.0435662E+000, 6.0659948E-001, 5.7270151E+000, 5.0435662E+000, 6.0425839E+000
 2.2682124E+002, 4.7979694E+001, 2.8730551E+000, 1.0771175E+000, 5.2786067E+000, 2.8730551E+000, 6.0478355E+000
 2.2712751E+002, 1.0781867E+002, 9.0660921E+000, 3.5881179E-001, 4.7374272E+000, 9.0660921E+000, 6.0571887E+000
 2.2741540E+002, 1.3998907E+002, 1.1811250E+001, 2.5828524E-001, 4.6338182E+000, 1.1811250E+001, 6.0711642E+000
 2.2771861E+002, 1.1359492E+002, 9.9372092E+000, 3.1657682E-001, 5.2605111E+000, 9.9372092E+000, 6.0951145E+000
 2.2802850E+002, 6.3205355E+001, 4.6759327E+000, 6.6379781E-001, 6.2282482E+000, 4.6759327E+000, 6.1315124E+000
 2.2832120E+002, 4.1956700E+001, 2.4271078E+000, 1.2587120E+000, 6.6952076E+000, 2.4271078E+000, 6.1812572E+000
 2.2862518E+002, 4.1026979E+001, 2.4470236E+000, 1.2289955E+000, 6.9171297E+000, 2.4470236E+000, 6.2507585E+000
 2.2892398E+002, 5.3188243E+001, 3.8328998E+000, 8.1084039E-001, 6.9426505E+000, 3.8328998E+000, 6.3167630E+000
 2.2922278E+002, 7.2981592E+001, 5.6595473E+000, 5.3081244E-001, 6.7863337E+000, 5.6595473E+000, 6.3536809E+000
 2.2952598E+002, 7.0067758E+001, 5.7622793E+000, 5.2228836E-001, 6.5456988E+000, 5.7622793E+000, 6.3667891E+000
 2.2981063E+002, 9.9810528E+001, 1.0462796E+001, 2.9976278E-001, 6.2251784E+000, 1.0462796E+001, 6.3679526E+000
 2.3012090E+002, 8.9704498E+001, 8.3728098E+000, 3.7490278E-001, 5.8381352E+000, 8.3728098E+000, 6.3691617E+000
 2.3040021E+002, 6.9084820E+001, 4.8693460E+000, 6.2468884E-001, 5.4618174E+000, 4.8693460E+000, 6.3699073E+000
 2.3070081E+002, 4.5854758E+001, 2.5163445E+000, 1.2595213E+000, 5.1228699E+000, 2.5163445E+000, 6.3815427E+000
 2.3100832E+002, 3.4238457E+001, 1.4193108E+000, 2.1334872E+000, 4.9090148E+000, 1.4193108E+000, 6.4133437E+000
 2.3130838E+002, 3.7112214E+001, 1.8706064E+000, 1.9373370E+000, 4.7790167E+000, 1.8706064E+000, 6.4554630E+000
 2.3162007E+002, 1.0045469E+002, 9.2922495E+000, 3.3897283E-001, 4.6385611E+000, 9.2922495E+000, 6.5036707E+000
 2.3190343E+002, 7.4747106E+001, 6.3970852E+000, 5.2268797E-001, 4.4092134E+000, 6.3970852E+000, 6.5554523E+000
 2.3223561E+002, 3.8961201E+001, 2.0653419E+000, 1.5361466E+000, 4.1559200E+000, 2.0653419E+000, 6.6122202E+000
 2.3253239E+002, 7.9196429E+001, 7.4680327E+000, 4.3456528E-001, 4.0540428E+000, 7.4680327E+000, 6.6700964E+000
 2.3282375E+002, 1.9204921E+002, 2.1014090E+001, 1.4508893E-001, 4.0846677E+000, 2.1014090E+001, 6.7210755E+000
 2.3311473E+002, 1.6013350E+002, 1.7418698E+001, 1.9552908E-001, 4.2915813E+000, 1.7418698E+001, 6.7515173E+000
 2.3340571E+002, 7.3518382E+001, 6.7632028E+000, 4.4881533E-001, 4.6188969E+000, 6.7632028E+000, 6.7594831E+000
 2.3370688E+002, 5.3522713E+001, 4.1088062E+000, 7.5575423E-001, 4.8885400E+000, 4.1088062E+000, 6.7569916E+000
 2.3400121E+002, 5.1169558E+001, 3.9296040E+000, 7.6872529E-001, 4.9844457E+000, 3.9296040E+000, 6.7505397E+000
 2.3431573E+002, 4.9195623E+001, 3.1995917E+000, 9.6094905E-001, 5.0023654E+000, 3.1995917E+000, 6.7437035E+000
 2.3462710E+002, 4.0758187E+001, 2.1258110E+000, 1.4143388E+000, 5.0506078E+000, 2.1258110E+000, 6.7360750E+000
 2.3490039E+002, 4.0228930E+001, 2.1027954E+000, 1.4302067E+000, 5.1559210E+000, 2.1027954E+000, 6.7314389E+000
 2.3521151E+002, 1.0585906E+002, 1.1466096E+001, 4.0690187E-001, 5.3235865E+000, 1.1466096E+001, 6.7303577E+000
 2.3552531E+002, 1.2824386E+002, 1.1354484E+001, 2.7945478E-001, 5.4447042E+000, 1.1354484E+001, 6.7093175E+000
 2.3583173E+002, 9.6518601E+001, 8.1045697E+000, 3.7062450E-001, 5.4425277E+000, 8.1045697E+000, 6.6638173E+000
 2.3611951E+002, 8.4546231E+001, 7.1637983E+000, 4.2085093E-001, 5.3424619E+000, 7.1637983E+000, 6.6135716E+000
 2.3642327E+002, 8.7831194E+001, 7.3708199E+000, 4.1066188E-001, 5.1784468E+000, 7.3708199E+000, 6.5680997E+000
 2.3672557E+002, 1.0633908E+002, 9.5412280E+000, 3.2442118E-001, 5.0619049E+000, 9.5412280E+000, 6.5282710E+000
 2.3702238E+002, 9.4973883E+001, 8.7378322E+000, 4.0176864E-001, 5.0774139E+000, 8.7378322E+000, 6.5084272E+000
 2.3732512E+002, 4.8958444E+001, 3.3923192E+000, 8.8918169E-001, 5.1703914E+000, 3.3923192E+000, 6.5103982E+000
 2.3763528E+002, 4.1894487E+001, 2.4635945E+000, 1.2385357E+000, 5.2103488E+000, 2.4635945E+000, 6.5244791E+000
 2.3792782E+002, 4.1818402E+001, 2.6437522E+000, 1.2942009E+000, 5.2093896E+000, 2.6437522E+000, 6.5477345E+000
 2.3821159E+002, 7.0105391E+001, 6.9198668E+000, 4.3939175E-001, 5.0551264E+000, 6.9198668E+000, 6.5731395E+000
 2.3853004E+002, 6.5013591E+001, 5.3869461E+000, 5.5706533E-001, 4.7774881E+000, 5.3869461E+000, 6.6059985E+000
 2.3883053E+002, 6.1175706E+001, 4.6417611E+000, 6.6380460E-001, 4.5297524E+000, 4.6417611E+000, 6.6535025E+000
 2.3910767E+002, 4.4316776E+001, 2.6055713E+000, 1.1714612E+000, 4.4310711E+000, 2.6055713E+000, 6.7040702E+000
 2.3943101E+002, 4.0736669E+001, 2.1679129E+000, 1.3840796E+000, 4.5125251E+000, 2.1679129E+000, 6.7497143E+000
 2.3972910E+002, 4.2028905E+001, 2.3028274E+000, 1.3046280E+000, 4.7627712E+000, 2.3028274E+000, 6.7876679E+000
 2.4003836E+002, 4.3292647E+001, 2.5717714E+000, 1.1666936E+000, 5.0561697E+000, 2.5717714E+000, 6.8149596E+000
 2.4032822E+002, 4.5765402E+001, 3.0710855E+000, 1.0007163E+000, 5.2176427E+000, 3.0710855E+000, 6.8342266E+000
 2.4063086E+002, 5.6551585E+001, 4.3821250E+000, 6.8772683E-001, 5.1120558E+000, 4.3821250E+000, 6.8436178E+000
 2.4092178E+002, 6.9321847E+001, 5.8349475E+000, 5.1626216E-001, 4.9095669E+000, 5.8349475E+000, 6.8314973E+000
 2.4121270E+002, 5.0865509E+001, 3.4265288E+000, 9.2405739E-001, 4.9376063E+000, 3.4265288E+000, 6.7976829E+000
 2.4150361E+002, 8.9112394E+001, 9.2385503E+000, 4.2116436E-001, 5.1243588E+000, 9.2385503E+000, 6.7468807E+000
 2.4182408E+002, 7.9550423E+001, 8.0878501E+000, 3.8137317E-001, 5.3993153E+000, 8.0878501E+000, 6.6839707E+000
 2.4210065E+002, 5.6903775E+001, 4.8460557E+000, 6.3778716E-001, 5.9755002E+000, 4.8460557E+000, 6.6371399E+000
 2.4243253E+002, 4.4220645E+001, 2.9787677E+000, 1.0121615E+000, 6.6173594E+000, 2.9787677E+000, 6.6096419E+000
 2.4270517E+002, 4.5392063E+001, 3.0680472E+000, 9.8081942E-001, 6.8267851E+000, 3.0680472E+000, 6.5973487E+000
 2.4301908E+002, 4.9189285E+001, 3.4928021E+000, 8.5894913E-001, 6.7851900E+000, 3.4928021E+000, 6.5968449E+000
 2.4333015E+002, 4.9434316E+001, 3.5492813E+000, 8.4529063E-001, 6.4294608E+000, 3.5492813E+000, 6.6075937E+000
 2.4360265E+002, 4.8460009E+001, 3.5378628E+000, 8.4797533E-001, 5.9225947E+000, 3.5378628E+000, 6.6200722E+000
 2.4392524E+002, 4.6453180E+001, 3.3769487E+000, 8.8961764E-001, 5.5309245E+000, 3.3769487E+000, 6.6329330E+000
 2.4420295E+002, 4.5337992E+001, 3.0429488E+000, 9.8613077E-001, 5.3383578E+000, 3.0429488E+000, 6.6597956E+000
 2.4452386E+002, 4.0852143E+001, 2.3039036E+000, 1.3316449E+000, 5.2682745E+000, 2.3039036E+000, 6.7222820E+000
 2.4482934E+002, 3.7565186E+001, 1.8674788E+000, 1.6125615E+000, 5.2826272E+000, 1.8674788E+000, 6.8262637E+000
 2.4510177E+002, 3.9064691E+001, 1.9575606E+000, 1.5405020E+000, 5.2213485E+000, 1.9575606E+000, 6.9310256E+000
 2.4543172E+002, 3.6293670E+001, 1.4803624E+000, 2.0353384E+000, 5.0732574E+000, 1.4803624E+000, 7.0293767E+000
 2.4570365E+002, 4.9539433E+001, 2.9512330E+000, 1.2989802E+000, 4.9104530E+000, 2.9512330E+000, 7.0990312E+000
 2.4601333E+002, 7.9980634E+001, 6.0314103E+000, 5.0983265E-001, 4.8581205E+000, 6.0314103E+000, 7.1356705E+000
 2.4631899E+002, 6.9833191E+001, 5.7743893E+000, 5.5280111E-001, 4.9919139E+000, 5.7743893E+000, 7.1551183E+000
 2.4660482E+002, 7.4944965E+001, 7.0125222E+000, 4.3038071E-001, 5.1953643E+000, 7.0125222E+000, 7.1649939E+000
 2.4691351E+002, 5.9387956E+001, 5.2019296E+000, 5.8928022E-001, 5.3257111E+000, 5.2019296E+000, 7.1549153E+000
 2.4721294E+002, 4.5997673E+001, 3.2741340E+000, 9.2607823E-001, 5.2755557E+000, 3.2741340E+000, 7.1049652E+000
 2.4750234E+002, 3.8331447E+001, 2.1147627E+000, 1.4425711E+000, 5.0103335E+000, 2.1147627E+000, 7.0313976E+000
 2.4780786E+002, 4.3973681E+001, 2.7388126E+000, 1.2069695E+000, 4.8028749E+000, 2.7388126E+000, 6.9543143E+000
 2.4812824E+002, 6.4429820E+001, 5.7779052E+000, 5.2470821E-001, 4.7486393E+000, 5.7779052E+000, 6.8950005E+000
 2.4842882E+002, 5.6724033E+001, 4.7175805E+000, 6.8333788E-001, 4.7714268E+000, 4.7175805E+000, 6.8632228E+000
 2.4872184E+002, 1.0730560E+002, 1.1358717E+001, 2.6537620E-001, 4.9043034E+000, 1.1358717E+001, 6.8588112E+000
 2.4901018E+002, 8.9680973E+001, 8.7889392E+000, 3.4642088E-001, 5.1947936E+000, 8.7889392E+000, 6.8671229E+000
 2.4930053E+002, 6.2768019E+001, 4.8565731E+000, 6.4071358E-001, 5.7457012E+000, 4.8565731E+000, 6.8830136E+000
 2.4961713E+002, 7.7769541E+001, 6.2031126E+000, 5.1905573E-001, 6.2205242E+000, 6.2031126E+000, 6.9121148E+000
 2.4991577E+002, 1.2172912E+002, 1.2465309E+001, 2.4892717E-001, 6.3250774E+000, 1.2465309E+001, 6.9457602E+000
 2.5021789E+002, 7.2269872E+001, 6.5315004E+000, 5.5631642E-001, 6.1409280E+000, 6.5315004E+000, 6.9727734E+000
 2.5050452E+002, 6.2094703E+001, 4.5792052E+000, 6.7198579E-001, 5.8889323E+000, 4.5792052E+000, 6.9937086E+000
 2.5082945E+002, 5.1286018E+001, 3.4688081E+000, 9.2007248E-001, 5.6383039E+000, 3.4688081E+000, 7.0088783E+000
 2.5112572E+002, 6.2534048E+001, 4.7863935E+000, 6.6661687E-001, 5.5047774E+000, 4.7863935E+000, 7.0216033E+000
 2.5140421E+002, 6.1479465E+001, 4.6023772E+000, 7.1709254E-001, 5.4587504E+000, 4.6023772E+000, 7.0335567E+000
 2.5172106E+002, 4.0982969E+001, 2.2685162E+000, 1.3713015E+000, 5.5972066E+000, 2.2685162E+000, 7.0509813E+000
 2.5200715E+002, 6.9506332E+001, 6.0055401E+000, 5.0688803E-001, 5.6181480E+000, 6.0055401E+000, 7.0708925E+000
 2.5230923E+002, 1.0999807E+002, 9.6060084E+000, 3.2760240E-001, 5.4382371E+000, 9.6060084E+000, 7.0928847E+000
 2.5260241E+002, 1.3232751E+002, 1.0799631E+001, 2.7974391E-001, 5.3063558E+000, 1.0799631E+001, 7.1202181E+000
 2.5290895E+002, 1.0688619E+002, 8.8387181E+000, 3.4053917E-001, 5.3628391E+000, 8.8387181E+000, 7.1410694E+000
 2.5320878E+002, 1.0063310E+002, 8.6058763E+000, 3.5019167E-001, 5.6469882E+000, 8.6058763E+000, 7.1530710E+000
 2.5352719E+002, 8.3566224E+001, 7.4000233E+000, 4.1213256E-001, 6.1589249E+000, 7.4000233E+000, 7.1567718E+000
 2.5380686E+002, 1.0467075E+002, 1.0325737E+001, 3.1086844E-001, 6.9130786E+000, 1.0325737E+001, 7.1501248E+000
 2.5413122E+002, 5.4534383E+001, 3.7325138E+000, 8.2223581E-001, 7.6569683E+000, 3.7325138E+000, 7.1295890E+000
 2.5442533E+002, 7.0071545E+001, 4.7373716E+000, 6.4497374E-001, 8.0757258E+000, 4.7373716E+000, 7.1169366E+000
 2.5471944E+002, 6.4972720E+001, 4.3342357E+000, 6.9508588E-001, 8.3676481E+000, 4.3342357E+000, 7.1225391E+000
 2.5501355E+002, 7.8640596E+001, 6.4668973E+000, 5.0609149E-001, 8.4789301E+000, 6.4668973E+000, 7.1428788E+000
 2.5532331E+002, 1.8335747E+002, 1.6994026E+001, 1.7844319E-001, 8.4453471E+000, 1.6994026E+001, 7.1936535E+000
 2.5560700E+002, 1.0875323E+002, 8.6627102E+000, 3.8350435E-001, 8.1892795E+000, 8.6627102E+000, 7.2677899E+000
 2.5590308E+002, 6.5793385E+001, 4.5909915E+000, 6.5464779E-001, 7.8110832E+000, 4.5909915E+000, 7.3560326E+000
 2.5620841E+002, 6.5083585E+001, 4.7601929E+000, 6.5002586E-001, 7.4129423E+000, 4.7601929E+000, 7.4276252E+000
 2.5652251E+002, 1.4231007E+002, 1.6210182E+001, 1.9832978E-001, 7.0337357E+000, 1.6210182E+001, 7.4749558E+000
 2.5680806E+002, 7.6027352E+001, 7.0482166E+000, 4.8289193E-001, 6.7175432E+000, 7.0482166E+000, 7.4991242E+000
 2.5710502E+002, 5.3095008E+001, 3.6109899E+000, 8.3169031E-001, 6.4980075E+000, 3.6109899E+000, 7.5118316E+000
 2.5741912E+002, 6.9927099E+001, 5.1888215E+000, 6.3542529E-001, 6.5081967E+000, 5.1888215E+000, 7.5203934E+000
 2.5771808E+002, 6.8150339E+001, 5.1408351E+000, 6.5293460E-001, 6.6594296E+000, 5.1408351E+000, 7.5242381E+000
 2.5800693E+002, 1.1758473E+002, 1.2921052E+001, 3.8596899E-001, 6.7819509E+000, 1.2921052E+001, 7.5240198E+000
 2.5830094E+002, 2.1266815E+002, 2.0959928E+001, 1.5116166E-001, 6.7762323E+000, 2.0959928E+001, 7.5249081E+000
 2.5860040E+002, 9.9141509E+001, 9.0619023E+000, 3.3239840E-001, 6.6099108E+000, 9.0619023E+000, 7.5283301E+000
 2.5891072E+002, 7.0698367E+001, 5.9759205E+000, 5.3801635E-001, 6.3285098E+000, 5.9759205E+000, 7.5340277E+000
 2.5921451E+002, 9.2787835E+001, 1.0341607E+001, 3.0923658E-001, 6.2218092E+000, 1.0341607E+001, 7.5421293E+000
 2.5950625E+002, 1.2197313E+002, 1.2592875E+001, 2.6323815E-001, 6.2272645E+000, 1.2592875E+001, 7.5499014E+000
 2.5982594E+002, 5.3408764E+001, 4.1805270E+000, 7.8542005E-001, 6.3055481E+000, 4.1805270E+000, 7.5554533E+000
 2.6010119E+002, 3.6591041E+001, 1.9299183E+000, 1.5805640E+000, 6.2753778E+000, 1.9299183E+000, 7.5572910E+000
 2.6042859E+002, 3.7137117E+001, 2.0632276E+000, 1.8179381E+000, 6.0542640E+000, 2.0632276E+000, 7.5570941E+000
 2.6072179E+002, 1.5298122E+002, 1.4341163E+001, 2.1606093E-001, 5.6357952E+000, 1.4341163E+001, 7.5594022E+000
 2.6102512E+002, 1.2079701E+002, 1.0205833E+001, 3.1255432E-001, 5.3733119E+000, 1.0205833E+001, 7.5665621E+000
 2.6131662E+002, 9.2148166E+001, 7.2545127E+000, 4.2570089E-001, 5.3001415E+000, 7.2545127E+000, 7.5780296E+000
 2.6161629E+002, 6.4576406E+001, 4.7383717E+000, 6.3483748E-001, 5.2965367E+000, 4.7383717E+000, 7.5912125E+000
 2.6190097E+002, 7.3685515E+001, 5.6121483E+000, 5.3546663E-001, 5.3320704E+000, 5.6121483E+000, 7.6079906E+000
 2.6223061E+002, 5.2231761E+001, 3.2890814E+000, 9.6525200E-001, 5.4847908E+000, 3.2890814E+000, 7.6325927E+000
 2.6251287E+002, 6.7898234E+001, 5.1786811E+000, 6.5103410E-001, 5.6196825E+000, 5.1786811E+000, 7.6576118E+000
 2.6281235E+002, 7.2693829E+001, 5.6019109E+000, 5.4460069E-001, 5.5380425E+000, 5.6019109E+000, 7.6758869E+000
 2.6310303E+002, 8.5442488E+001, 6.5991577E+000, 5.0396447E-001, 5.3257009E+000, 6.5991577E+000, 7.6855114E+000
 2.6342600E+002, 9.6319663E+001, 8.1096329E+000, 3.7933280E-001, 5.0488545E+000, 8.1096329E+000, 7.6818837E+000
 2.6371668E+002, 6.1051831E+001, 4.5553832E+000, 6.6249650E-001, 4.7660276E+000, 4.5553832E+000, 7.6682689E+000
 2.6400736E+002, 5.9439289E+001, 4.3361729E+000, 6.9458175E-001, 4.5522129E+000, 4.3361729E+000, 7.6486158E+000
 2.6433033E+002, 6.5293329E+001, 5.0638573E+000, 6.0058765E-001, 4.3814342E+000, 5.0638573E+000, 7.6272927E+000
 2.6462101E+002, 5.3432915E+001, 3.5936714E+000, 8.3952656E-001, 4.2670978E+000, 3.5936714E+000, 7.6119565E+000
 2.6492764E+002, 1.0248421E+002, 8.1714816E+000, 3.8894620E-001, 4.3228053E+000, 8.1714816E+000, 7.6053143E+000
 2.6520709E+002, 9.0733123E+001, 7.6045486E+000, 4.1831860E-001, 4.5443588E+000, 7.6045486E+000, 7.5935488E+000
 2.6552974E+002, 7.3128505E+001, 6.2382681E+000, 4.8806499E-001, 4.8055245E+000, 6.2382681E+000, 7.5580655E+000
 2.6580116E+002, 7.6442106E+001, 6.0922274E+000, 4.9818984E-001, 4.9720947E+000, 6.0922274E+000, 7.4814582E+000
 2.6611725E+002, 8.1476530E+001, 6.4306931E+000, 4.6902749E-001, 4.9585169E+000, 6.4306931E+000, 7.3717045E+000
 2.6643047E+002, 8.6185005E+001, 6.8314502E+000, 4.5381909E-001, 4.8654318E+000, 6.8314502E+000, 7.2654932E+000
 2.6671495E+002, 4.9824762E+001, 3.1807865E+000, 9.7246043E-001, 4.6344908E+000, 3.1807865E+000, 7.2126800E+000
 2.6700427E+002, 4.5963177E+001, 2.9850277E+000, 1.0217263E+000, 4.3035205E+000, 2.9850277E+000, 7.2036296E+000
 2.6731517E+002, 4.4272060E+001, 2.7817183E+000, 1.0939931E+000, 4.0534487E+000, 2.7817183E+000, 7.2275546E+000
 2.6762606E+002, 3.9940151E+001, 2.0748796E+000, 1.4484200E+000, 4.0990919E+000, 2.0748796E+000, 7.2701433E+000
 2.6791325E+002, 7.8740615E+001, 7.0541991E+000, 5.9432851E-001, 4.5087043E+000, 7.0541991E+000, 7.3121141E+000
 2.6820399E+002, 9.3366369E+001, 8.0523195E+000, 4.3853780E-001, 5.3403587E+000, 8.0523195E+000, 7.3426627E+000
 2.6852688E+002, 5.3373049E+001, 3.2640922E+000, 9.2171296E-001, 5.9676879E+000, 3.2640922E+000, 7.3662214E+000
 2.6881719E+002, 4.8817829E+001, 2.8730614E+000, 1.0445096E+000, 6.1644032E+000, 2.8730614E+000, 7.3891208E+000
 2.6912360E+002, 5.5861722E+001, 3.6135958E+000, 8.4228160E-001, 6.0181884E+000, 3.6135958E+000, 7.4212108E+000
 2.6942443E+002, 5.2024721E+001, 3.2199387E+000, 9.4280122E-001, 5.8424381E+000, 3.2199387E+000, 7.4703128E+000
 2.6971858E+002, 5.6637131E+001, 4.0197880E+000, 7.7528443E-001, 5.7936946E+000, 4.0197880E+000, 7.5229387E+000
 2.7002193E+002, 5.6156476E+001, 3.7296906E+000, 8.4323994E-001, 5.8010582E+000, 3.7296906E+000, 7.5625784E+000
 2.7032527E+002, 3.9152774E+001, 1.9260615E+000, 1.5666475E+000, 5.8557072E+000, 1.9260615E+000, 7.5839937E+000
 2.7062861E+002, 4.1010665E+001, 2.1482096E+000, 1.4007486E+000, 6.1176830E+000, 2.1482096E+000, 7.5761926E+000
 2.7091996E+002, 4.1710800E+001, 2.2305368E+000, 1.3452020E+000, 6.2819580E+000, 2.2305368E+000, 7.5548834E+000
 2.7121106E+002, 4.6751195E+001, 2.7726554E+000, 1.0922382E+000, 6.1354783E+000, 2.7726554E+000, 7.5348975E+000
 2.7152801E+002, 5.2322832E+001, 3.2279299E+000, 9.2997735E-001, 5.9983849E+000, 3.2279299E+000, 7.5283283E+000
 2.7181555E+002, 4.3694718E+001, 2.2858631E+000, 1.3442832E+000, 6.0565367E+000, 2.2858631E+000, 7.5272970E+000
 2.7211750E+002, 4.0371989E+001, 2.0615080E+000, 1.4701969E+000, 6.2748153E+000, 2.0615080E+000, 7.5259491E+000
 2.7241949E+002, 4.2380744E+001, 2.4833262E+000, 1.2084942E+000, 6.5984231E+000, 2.4833262E+000, 7.5291797E+000
 2.7270821E+002, 4.0671974E+001, 2.3427925E+000, 1.2806779E+000, 6.8141132E+000, 2.3427925E+000, 7.5382177E+000
 2.7302462E+002, 4.1668977E+001, 2.7384491E+000, 1.0992753E+000, 6.9140585E+000, 2.7384491E+000, 7.5570695E+000
 2.7330078E+002, 4.1819524E+001, 2.7996303E+000, 1.0728696E+000, 6.9597290E+000, 2.7996303E+000, 7.5733763E+000
 2.7362330E+002, 3.9867702E+001, 2.3792953E+000, 1.2638935E+000, 7.0452564E+000, 2.3792953E+000, 7.5733871E+000
 2.7391358E+002, 4.7358748E+001, 3.6166238E+000, 8.7661444E-001, 7.4038771E+000, 3.6166238E+000, 7.5730009E+000
 2.7420385E+002, 5.2212154E+001, 4.3982469E+000, 6.8658733E-001, 7.7158494E+000, 4.3982469E+000, 7.5828904E+000
 2.7452638E+002, 4.8931467E+001, 3.6319714E+000, 8.2649299E-001, 7.5344562E+000, 3.6319714E+000, 7.5776355E+000
 2.7481665E+002, 5.1657666E+001, 3.6875450E+000, 8.4125613E-001, 6.9348149E+000, 3.6875450E+000, 7.5563281E+000
 2.7510692E+002, 8.0516515E+001, 6.6168159E+000, 4.6819103E-001, 6.4677529E+000, 6.6168159E+000, 7.5177184E+000
 2.7541332E+002, 4.7485676E+001, 3.0168208E+000, 1.0201005E+000, 6.1065264E+000, 3.0168208E+000, 7.4721598E+000
 2.7573263E+002, 5.0349771E+001, 3.6413859E+000, 9.1236484E-001, 5.8515485E+000, 3.6413859E+000, 7.4352445E+000
 2.7600304E+002, 8.1214435E+001, 8.5736497E+000, 3.5246761E-001, 5.8942657E+000, 8.5736497E+000, 7.4174776E+000
 2.7631058E+002, 1.4881416E+002, 1.5814094E+001, 2.0437754E-001, 5.9425869E+000, 1.5814094E+001, 7.4118412E+000
 2.7660010E+002, 9.8786048E+001, 8.7696841E+000, 3.4760052E-001, 5.8159080E+000, 8.7696841E+000, 7.4110971E+000
 2.7692864E+002, 5.5407369E+001, 4.6081636E+000, 6.8970303E-001, 5.6474662E+000, 4.6081636E+000, 7.4117943E+000
 2.7722373E+002, 4.0915678E+001, 2.6503593E+000, 1.1355413E+000, 5.5530174E+000, 2.6503593E+000, 7.4157631E+000
 2.7750675E+002, 8.4750018E+001, 7.8232664E+000, 5.2347058E-001, 5.6012222E+000, 7.8232664E+000, 7.4311186E+000
 2.7782363E+002, 9.8579967E+001, 8.7508287E+000, 3.6989746E-001, 5.7943998E+000, 8.7508287E+000, 7.4557711E+000
 2.7812482E+002, 5.0383984E+001, 3.4657615E+000, 8.9661614E-001, 6.0177970E+000, 3.4657615E+000, 7.4827140E+000
 2.7840704E+002, 7.0453787E+001, 5.6101790E+000, 5.5739576E-001, 6.1330355E+000, 5.6101790E+000, 7.4987914E+000
 2.7872005E+002, 7.1794890E+001, 6.1018588E+000, 5.4728655E-001, 6.1808314E+000, 6.1018588E+000, 7.5048309E+000
 2.7900057E+002, 9.5632007E+001, 9.1001743E+000, 3.3375104E-001, 6.4912558E+000, 9.1001743E+000, 7.5054547E+000
 2.7930791E+002, 5.9564042E+001, 4.9175327E+000, 6.1981859E-001, 6.9873687E+000, 4.9175327E+000, 7.5085081E+000
 2.7962812E+002, 8.9830610E+001, 8.9691852E+000, 3.7618581E-001, 7.2624754E+000, 8.9691852E+000, 7.5229910E+000
 2.7990961E+002, 1.3480595E+002, 1.2784357E+001, 2.3534807E-001, 7.1498891E+000, 1.2784357E+001, 7.5481039E+000
 2.8021784E+002, 7.9382827E+001, 6.5546375E+000, 4.8291340E-001, 6.7782398E+000, 6.5546375E+000, 7.5773690E+000
 2.8050600E+002, 6.5482223E+001, 5.7386244E+000, 5.3878599E-001, 6.3689175E+000, 5.7386244E+000, 7.6088331E+000
 2.8081083E+002, 6.4101981E+001, 6.0020052E+000, 5.2404979E-001, 6.1007308E+000, 6.0020052E+000, 7.6389673E+000
 2.8110614E+002, 4.6824526E+001, 3.1054702E+000, 9.8028428E-001, 5.9249493E+000, 3.1054702E+000, 7.6384573E+000
 2.8141168E+002, 4.3937113E+001, 2.5061925E+000, 1.1973528E+000, 5.6633732E+000, 2.5061925E+000, 7.5962625E+000
 2.8173008E+002, 4.7222355E+001, 2.7155728E+000, 1.1144692E+000, 5.3328752E+000, 2.7155728E+000, 7.5249715E+000
 2.8202496E+002, 8.5580239E+001, 7.7985336E+000, 4.2237298E-001, 5.1257492E+000, 7.7985336E+000, 7.4537369E+000
 2.8231123E+002, 7.2092485E+001, 6.2724523E+000, 5.0077931E-001, 5.0027619E+000, 6.2724523E+000, 7.3816829E+000
 2.8260882E+002, 4.9113535E+001, 3.3102815E+000, 9.2385503E-001, 4.9051440E+000, 3.3102815E+000, 7.3040791E+000
 2.8291635E+002, 5.6289455E+001, 4.7897900E+000, 8.0645102E-001, 4.8626570E+000, 4.7897900E+000, 7.2329759E+000
 2.8321951E+002, 1.0648739E+002, 1.0804889E+001, 2.7984809E-001, 4.8907086E+000, 1.0804889E+001, 7.1891502E+000
 2.8352267E+002, 1.2979198E+002, 1.1215201E+001, 2.9332129E-001, 4.8784853E+000, 1.1215201E+001, 7.1775818E+000
 2.8382402E+002, 6.4134202E+001, 4.6567298E+000, 6.6789240E-001, 4.7917717E+000, 4.6567298E+000, 7.1909224E+000
 2.8412536E+002, 1.3351534E+002, 1.3153814E+001, 2.3335503E-001, 4.6817791E+000, 1.3153814E+001, 7.2187325E+000
 2.8440561E+002, 7.9173753E+001, 7.3553286E+000, 4.3446349E-001, 4.5569017E+000, 7.3553286E+000, 7.2851087E+000
 2.8470395E+002, 8.6210172E+001, 7.1488046E+000, 4.2171629E-001, 4.4305967E+000, 7.1488046E+000, 7.3899427E+000
 2.8500238E+002, 7.4294457E+001, 6.2905912E+000, 4.9444966E-001, 4.2688440E+000, 6.2905912E+000, 7.4960741E+000
 2.8531515E+002, 8.1673733E+001, 8.3881512E+000, 3.7938236E-001, 4.1947160E+000, 8.3881512E+000, 7.5711237E+000
 2.8560958E+002, 7.0916320E+001, 6.6144401E+000, 4.6293574E-001, 4.5102574E+000, 6.6144401E+000, 7.6061567E+000
 2.8592269E+002, 6.0251420E+001, 5.1764015E+000, 5.8209397E-001, 5.0033845E+000, 5.1764015E+000, 7.6225375E+000
 2.8620102E+002, 5.4711167E+001, 4.2645764E+000, 7.0384545E-001, 5.4372999E+000, 4.2645764E+000, 7.6331563E+000
 2.8653283E+002, 7.2882559E+001, 5.9521044E+000, 5.2445303E-001, 5.9292820E+000, 5.9521044E+000, 7.6389711E+000
 2.8680627E+002, 7.5699426E+001, 6.1585027E+000, 5.0320459E-001, 6.2305317E+000, 6.1585027E+000, 7.6356075E+000
 2.8710421E+002, 5.6740003E+001, 4.2431365E+000, 7.1252259E-001, 6.2097975E+000, 4.2431365E+000, 7.6253743E+000
 2.8740352E+002, 8.1149389E+001, 7.5212316E+000, 4.0981589E-001, 6.0810582E+000, 7.5212316E+000, 7.6133728E+000
 2.8770371E+002, 1.0744244E+002, 9.9224514E+000, 3.0661110E-001, 6.0188703E+000, 9.9224514E+000, 7.6008382E+000
 2.8802327E+002, 6.0187938E+001, 5.0714729E+000, 6.0714516E-001, 5.9365479E+000, 5.0714729E+000, 7.5828303E+000
 2.8830351E+002, 7.5631598E+001, 7.6930169E+000, 4.1174241E-001, 5.8091062E+000, 7.6930169E+000, 7.5597566E+000
 2.8862050E+002, 1.0175031E+002, 1.0109717E+001, 3.0010386E-001, 5.7274537E+000, 1.0109717E+001, 7.5346045E+000
 2.8891937E+002, 7.0893217E+001, 6.3726662E+000, 4.8499851E-001, 5.8201726E+000, 6.3726662E+000, 7.5062020E+000
 2.8921236E+002, 5.4791171E+001, 4.3692603E+000, 6.8962385E-001, 5.9406097E+000, 4.3692603E+000, 7.4755245E+000
 2.8951229E+002, 4.6872125E+001, 3.2265396E+000, 9.4079031E-001, 5.8005006E+000, 3.2265396E+000, 7.4432736E+000
 2.8980923E+002, 4.0624652E+001, 2.3160463E+000, 1.3013229E+000, 5.4073682E+000, 2.3160463E+000, 7.4111506E+000
 2.9012550E+002, 6.2418852E+001, 5.1142113E+000, 7.3237344E-001, 5.0943977E+000, 5.1142113E+000, 7.3831545E+000
 2.9042889E+002, 6.3058918E+001, 5.2646420E+000, 5.8780346E-001, 4.9001155E+000, 5.2646420E+000, 7.3593453E+000
 2.9071514E+002, 5.1373948E+001, 3.7309053E+000, 8.1920707E-001, 4.9410946E+000, 3.7309053E+000, 7.3450743E+000
 2.9101202E+002, 8.4527017E+001, 8.1320339E+000, 3.7411258E-001, 5.1659102E+000, 8.1320339E+000, 7.3592830E+000
 2.9130159E+002, 1.0415804E+002, 1.0661888E+001, 2.9183065E-001, 5.3631693E+000, 1.0661888E+001, 7.3967116E+000
 2.9160304E+002, 8.7783546E+001, 8.6444904E+000, 3.7868603E-001, 5.4377512E+000, 8.6444904E+000, 7.4160887E+000
 2.9191839E+002, 6.1418115E+001, 5.0681773E+000, 5.9655702E-001, 5.4054095E+000, 5.0681773E+000, 7.4069598E+000
 2.9220179E+002, 7.9583086E+001, 6.3356297E+000, 4.7399366E-001, 5.3404714E+000, 6.3356297E+000, 7.3831483E+000
 2.9252084E+002, 9.7555080E+001, 9.1578565E+000, 3.6186774E-001, 5.3528246E+000, 9.1578565E+000, 7.3403029E+000
 2.9281874E+002, 8.3846217E+001, 7.7334322E+000, 4.0627086E-001, 5.4636060E+000, 7.7334322E+000, 7.2893870E+000
 2.9312183E+002, 7.1584815E+001, 6.0340370E+000, 5.0738431E-001, 5.5738017E+000, 6.0340370E+000, 7.2533325E+000
 2.9341809E+002, 7.4520063E+001, 6.6229601E+000, 4.9747581E-001, 5.5255002E+000, 6.6229601E+000, 7.2269778E+000
 2.9371434E+002, 1.0783152E+002, 9.3551028E+000, 3.4062074E-001, 5.4003692E+000, 9.3551028E+000, 7.2073183E+000
 2.9400468E+002, 1.3111244E+002, 1.2304914E+001, 2.9890836E-001, 5.3762401E+000, 1.2304914E+001, 7.1874906E+000
 2.9432730E+002, 1.8270728E+002, 1.7911522E+001, 1.6771480E-001, 5.5541317E+000, 1.7911522E+001, 7.1649237E+000
 2.9462037E+002, 1.3995165E+002, 1.4902732E+001, 2.0250644E-001, 5.6443016E+000, 1.4902732E+001, 7.1485888E+000
 2.9491455E+002, 1.5053978E+002, 1.6095218E+001, 1.9114646E-001, 5.6296009E+000, 1.6095218E+001, 7.1425824E+000
 2.9522090E+002, 1.1836229E+002, 1.0556518E+001, 2.8443207E-001, 5.6372897E+000, 1.0556518E+001, 7.1419283E+000
 2.9551091E+002, 1.0973082E+002, 9.3336422E+000, 3.2398598E-001, 5.6912734E+000, 9.3336422E+000, 7.1562636E+000
 2.9582216E+002, 1.0487827E+002, 9.9645204E+000, 3.1819323E-001, 5.7681343E+000, 9.9645204E+000, 7.2012528E+000
 2.9611923E+002, 1.3913947E+002, 1.4119776E+001, 2.2125168E-001, 5.7563642E+000, 1.4119776E+001, 7.2874448E+000
 2.9642087E+002, 7.3371776E+001, 5.9209273E+000, 5.2632182E-001, 5.5608411E+000, 5.9209273E+000, 7.3918910E+000
 2.9672965E+002, 5.5165376E+001, 3.8763123E+000, 7.7763310E-001, 5.1137908E+000, 3.8763123E+000, 7.4847313E+000
 2.9702921E+002, 5.5169979E+001, 4.5135414E+000, 6.9869263E-001, 4.7804301E+000, 4.5135414E+000, 7.5645592E+000
 2.9732878E+002, 1.5559288E+002, 1.3958356E+001, 2.2068894E-001, 4.6832740E+000, 1.3958356E+001, 7.6074469E+000
 2.9761666E+002, 8.2518396E+001, 6.9848126E+000, 4.8908112E-001, 4.6958256E+000, 6.9848126E+000, 7.5881733E+000
 2.9790664E+002, 4.6469672E+001, 2.9868872E+000, 1.0107374E+000, 4.7937353E+000, 2.9868872E+000, 7.5597907E+000
 2.9821477E+002, 1.1893259E+002, 1.2423070E+001, 4.1149813E-001, 4.8541199E+000, 1.2423070E+001, 7.5350494E+000
 2.9852553E+002, 2.1445567E+002, 1.8280891E+001, 1.7564191E-001, 4.8644774E+000, 1.8280891E+001, 7.5181145E+000
 2.9882782E+002, 9.7606939E+001, 8.1379675E+000, 3.8085419E-001, 5.0446084E+000, 8.1379675E+000, 7.5017021E+000
 2.9910751E+002, 6.3268156E+001, 4.6144380E+000, 6.5960095E-001, 5.3565244E+000, 4.6144380E+000, 7.4864907E+000
 2.9940256E+002, 1.1801248E+002, 1.2933296E+001, 3.7302420E-001, 5.5151311E+000, 1.2933296E+001, 7.4708919E+000
 2.9970984E+002, 1.6599896E+002, 1.8858820E+001, 1.5975125E-001, 5.5993549E+000, 1.8858820E+001, 7.4453592E+000
 3.0000000E+002, 2.0117318E+002, 1.7714820E+001, 1.6973135E-001, 5.6810867E+000, 1.7714820E+001, 7.4175760E+000
